rho,T,invB,B,mu,E_ref,active_level_count,density_residual,active_vs_labeled_spectrum_error,below_branch,below_n,below_E,below_E_minus_mu,above_branch,above_n,above_E,above_E_minus_mu,nearest_LLplus_branch,nearest_LLplus_n,nearest_LLplus_E,nearest_LLplus_E_minus_mu,nearest_LLTRplus_branch,nearest_LLTRplus_n,nearest_LLTRplus_E,nearest_LLTRplus_E_minus_mu,fermi_bracketing_spacing,nearest_LLplus_LLTRplus_energy_difference,nearest_LLplus_LLTRplus_abs_splitting,nearest_LLplus_LLTRplus_n_difference
0.01,0.0002,10.0,0.1,0.19650500200585813,0.16137869955156953,11,-3.750937060953419e-12,0.0,LL0,0,0.19640000000000002,-0.00010500200585811248,LLTR+,1,0.2637090053514607,0.06720400334560256,LL+,1,0.44813134998830106,0.25162634798244293,LLTR+,1,0.2637090053514607,0.06720400334560256,0.06730900535146067,-0.18442234463684037,0.18442234463684037,0
0.01,0.0002,10.100111234705228,0.09900881057268723,0.19540523174402977,0.16082611144584263,11,3.8296327914411066e-12,0.0,LL0,0,0.19529482378854626,-0.00011040795548350468,LLTR+,1,0.26251906433840533,0.06711383259437556,LL+,1,0.4448262595706398,0.24942102782661005,LLTR+,1,0.26251906433840533,0.06711383259437556,0.06722424054985907,-0.1823071952322345,0.1823071952322345,0
0.01,0.0002,10.200222469410456,0.09803707742639041,0.1943271948641657,0.16028437021678216,11,1.9450760446737547e-13,0.0,LL0,0,0.1942113413304253,-0.00011585353374038432,LLTR+,1,0.2613515121424138,0.06702431727824812,LL+,1,0.44158624023961646,0.24725904537545076,LLTR+,1,0.2613515121424138,0.06702431727824812,0.0671401708119885,-0.18023472809720265,0.18023472809720265,0
0.01,0.0002,10.300333704115683,0.0970842332613391,0.19327026130762348,0.15975315959476605,11,1.2797762849459104e-11,0.0,LL0,0,0.1931489200863931,-0.00012134122123039215,LLTR+,1,0.2602057065202916,0.06693544521266814,LL+,1,0.4384093943746903,0.2451391330670668,LLTR+,1,0.2602057065202916,0.06693544521266814,0.06705678643389854,-0.17820368785439866,0.17820368785439866,0
0.01,0.0002,10.400444938820913,0.09614973262032085,0.1922338254682834,0.15923217548739838,11,-5.0584536559483695e-15,0.0,LL0,0,0.19210695187165777,-0.00012687359662563735,LLTR+,1,0.259081029777589,0.0668472043093056,LL+,1,0.43529389741875346,0.24306007195047005,LLTR+,1,0.259081029777589,0.0668472043093056,0.06697407790593124,-0.17621286764116445,0.17621286764116445,0
0.01,0.0002,10.50055617352614,0.09523305084745762,0.1912173050495803,0.15872112539902714,11,1.5043161161187868e-11,0.0,LL0,0,0.19108485169491524,-0.00013245335466505193,LLTR+,1,0.25797688760255166,0.06675958255297137,LL+,1,0.43223799439523825,0.24102068934565796,LLTR+,1,0.25797688760255166,0.06675958255297137,0.06689203590763643,-0.17426110679268658,0.17426110679268658,0
0.01,0.0002,10.600667408231368,0.09433368310598111,0.19022013997176962,0.15821972788315397,11,8.03704151841611e-11,0.0,LL0,0,0.19008205666316896,-0.0001380833086006561,LLTR+,1,0.25689270796602026,0.06667256799425064,LL+,1,0.42923999662257484,0.23901985665080522,LLTR+,1,0.25689270796602026,0.06667256799425064,0.0668106513028513,-0.17234728865655458,0.17234728865655458,0
0.01,0.0002,10.700778642936596,0.09345114345114346,0.1892417913365093,0.157727712025582,11,-6.851056180701143e-12,0.0,LL0,0,0.18909802494802497,-0.00014376638848434542,LLTR+,1,0.25582794008296317,0.06658614874645385,LL+,1,0.4262982786130777,0.23705648727656836,LLTR+,1,0.25582794008296317,0.06658614874645385,0.0667299151349382,-0.1704703385301145,0.1704703385301145,0
0.01,0.0002,10.800889877641824,0.09258496395468589,0.18828174050255111,0.15724481695630688,11,-1.5255158247740042e-14,0.0,LL0,0,0.18813223480947477,-0.00014950569307634054,LLTR+,1,0.2547820534316495,0.06650031292909839,LL+,1,0.4234112751442929,0.23512953464174177,LLTR+,1,0.2547820534316495,0.06650031292909839,0.06664981862217473,-0.16862922171264338,0.16862922171264338,0
0.01,0.0002,10.901001112347052,0.09173469387755102,0.18733948812767376,0.1567707913883042,11,-9.990914345836543e-13,0.0,LL0,0,0.1871841836734694,-0.00015530445420436356,LLTR+,1,0.25375453682675864,0.06641504869908488,LL+,1,0.42057747849172034,0.23323799036404658,LLTR+,1,0.25375453682675864,0.06641504869908488,0.06657035315328924,-0.1668229416649617,0.1668229416649617,0
0.01,0.0002,11.001112347052281,0.09089989888776541,0.18641455333782814,0.15630539318149872,11,4.763255762041396e-13,0.0,LL0,0,0.18625338725985843,-0.0001611660779697044,LLTR+,1,0.25274489754299667,0.06633034420516853,LL+,1,0.4177954358126309,0.23138088247480276,LLTR+,1,0.25274489754299667,0.06633034420516853,0.06649151028313824,-0.16505053826963423,0.16505053826963423,0
0.01,0.0002,11.101223581757509,0.09008016032064128,0.1855064729137958,0.15584838893032704,11,6.615953791755391e-11,0.0,LL0,0,0.18533937875751505,-0.00016709415628074487,LLTR+,1,0.25175266048603295,0.06624618757223716,LL+,1,0.4150637466714404,0.22955727375764462,LLTR+,1,0.25175266048603295,0.06624618757223716,0.0664132817285179,-0.16331108618540746,0.16331108618540746,0
0.01,0.0002,11.201334816462737,0.08927507447864945,0.18461480050630352,0.15539955357341656,11,-1.218641507150231e-12,0.0,LL0,0,0.18444170804369414,-0.00017309246260938105,LLTR+,1,0.25077736740780154,0.06616256690149802,LL+,1,0.412381060697785,0.2277662601914815,LLTR+,1,0.25077736740780154,0.06616256690149802,0.0663356593641074,-0.16160369328998347,0.16160369328998347,0
0.01,0.0002,11.301446051167964,0.08848425196850394,0.18373910595847526,0.15495867002401045,11,1.310045821822925e-13,0.0,LL0,0,0.1835599409448819,-0.00017916501359335757,LLTR+,1,0.24981857616341832,0.06607947020494306,LL+,1,0.4097460753690687,0.22600696941059345,LLTR+,1,0.24981857616341832,0.06607947020494306,0.06625863521853642,-0.1599274992056504,0.1599274992056504,0
0.01,0.0002,11.401557285873192,0.08770731707317074,0.18287897458058053,0.1545255288198622,11,-9.175939522099164e-12,0.0,LL0,0,0.18269365853658537,-0.00018531604399515955,LLTR+,1,0.24887586000715997,0.06599688542657944,LL+,1,0.407157533909832,0.22427855932925148,LLTR+,1,0.24887586000715997,0.06599688542657944,0.0661822014705746,-0.15828167390267203,0.15828167390267203,0
0.01,0.0002,11.50166852057842,0.08694390715667312,0.18203400653459786,0.1540999277914148,11,2.3211640942655265e-13,0.0,LL0,0,0.18184245647969055,-0.00019155005490731347,LLTR+,1,0.24794880692512758,0.06591480039052972,LL+,1,0.40461422330082586,0.222580216766228,LLTR+,1,0.24794880692512758,0.06591480039052972,0.06610635044543703,-0.15666541637569828,0.15666541637569828,0
0.01,0.0002,11.601779755283648,0.08619367209971238,0.18120381621792417,0.15368167174715916,11,-3.807737111727327e-12,0.0,LL0,0,0.18100594439117929,-0.00019787182674488313,LLTR+,1,0.24703701900238154,0.06583320278445737,LL+,1,0.4021149723911627,0.2209111561732385,LLTR+,1,0.24703701900238154,0.06583320278445737,0.06603107461120225,-0.15507795338878114,0.15507795338878114,0
0.01,0.0002,11.701890989988877,0.08545627376425854,0.18038803170216394,0.15327057217514364,11,4.767349709444701e-13,0.0,LL0,0,0.18018374524714828,-0.000204286455015662,LLTR+,1,0.24614011182248643,0.06575208012032249,LL+,1,0.3996586501073722,0.21927061840520828,LLTR+,1,0.24614011182248643,0.06575208012032249,0.06595636657533815,-0.1535185382848858,0.1535185382848858,0
0.01,0.0002,11.802002224694105,0.08473138548539114,0.17958629419096928,0.15286644695967505,11,1.164866814118426e-14,0.0,LL0,0,0.17937549481621112,-0.0002107993747581527,LLTR+,1,0.24525771389754386,0.06567141970657459,LL+,1,0.39724416375360794,0.21765786956263866,LLTR+,1,0.24525771389754386,0.06567141970657459,0.06588221908133274,-0.15198644985606408,0.15198644985606408,0
0.01,0.0002,11.902113459399333,0.08401869158878504,0.1787982575201755,0.15246912011231717,11,-4.504199097032924e-12,0.0,LL0,0,0.1785808411214953,-0.00021741639868019802,LLTR+,1,0.2443894661269201,0.06559120860674461,LL+,1,0.39487045739763793,0.21607219987746243,LLTR+,1,0.2443894661269201,0.06559120860674461,0.06580862500542481,-0.15048099127071782,0.15048099127071782,0
0.01,0.0002,12.00222469410456,0.08331788693234476,0.17802358768349322,0.1520784215163517,13,-2.676033873660888e-11,0.0,LL0,0,0.17779944392956443,-0.0002241437539287905,LLTR+,1,0.24353502128299656,0.06551143359950334,LL+,1,0.3925365103376106,0.2145129226541174,LLTR+,1,0.24353502128299656,0.06551143359950334,0.06573557735343213,-0.14900148905461405,0.14900148905461405,0
0.01,0.0002,12.102335928809788,0.08262867647058823,0.17726196239865064,0.15169418668392243,13,1.786112924229144e-12,0.0,LL0,0,0.17703097426470588,-0.00023098813394475948,LLTR+,1,0.2426940435223792,0.06543208112372856,LL+,1,0.39024133564491814,0.2129793732462675,LLTR+,1,0.2426940435223792,0.06543208112372856,0.06566306925767332,-0.14754729212253895,0.14754729212253895,0
0.01,0.0002,12.202447163515018,0.08195077484047401,0.17651307067664823,0.15131625652513375,13,3.211798882407635e-12,0.0,LL0,0,0.17627511394712853,-0.00023795672951970603,LLTR+,1,0.24186620792110794,0.06535313724445971,LL+,1,0.387983978778789,0.21147090810214075,LLTR+,1,0.24186620792110794,0.06535313724445971,0.06559109397397941,-0.14611777085768105,0.14611777085768105,0
0.01,0.0002,12.302558398220246,0.08128390596745026,0.1757766124556303,0.15094447712842302,13,-3.95747809522895e-11,0.0,LL0,0,0.17553155515370705,-0.00024505730192325714,LLTR+,1,0.24105120003250038,0.06527458757687007,LL+,1,0.3857635162685208,0.20998690381289048,LLTR+,1,0.24105120003250038,0.06527458757687007,0.06551964487879333,-0.1447123162360204,0.1447123162360204,0
0.01,0.0002,12.402669632925473,0.08062780269058295,0.17505229825587681,0.1505786995515695,13,4.1472936196385035e-12,0.0,LL0,0,0.1748,-0.0002522982558768039,LLTR+,1,0.24024871546635304,0.06519641721047623,LL+,1,0.38357905445953366,0.20852675620365685,LLTR+,1,0.24024871546635304,0.06519641721047623,0.06544871546635303,-0.14333033899318062,0.14333033899318062,0
0.01,0.0002,12.502780867630701,0.07998220640569395,0.1743398488184672,0.15021877962274388,13,-6.114992193162472e-12,0.0,LL0,0,0.17408016014234876,-0.0002596886761184469,LLTR+,1,0.23945845948830471,0.06511861066983751,LL+,1,0.38142972831966804,0.20708987950120084,LLTR+,1,0.23945845948830471,0.06511861066983751,0.06537829934595596,-0.14197126883136332,0.14197126883136332,0
0.01,0.0002,12.602892102335929,0.0793468667255075,0.17363899485366388,0.14986457775103995,13,-4.159207700471512e-13,0.0,LL0,0,0.17337175639894087,-0.0002672384547230122,LLTR+,1,0.2386801466382429,0.06504115178457903,LL+,1,0.379314700302373,0.20567570544870914,LLTR+,1,0.2386801466382429,0.06504115178457903,0.06530839023930204,-0.1406345536641301,0.1406345536641301,0
0.01,0.0002,12.703003337041157,0.07872154115586691,0.1729494767505267,0.1495159587459653,13,-1.4489624777791477e-13,0.0,LL0,0,0.1726745183887916,-0.00027495836173507815,LLTR+,1,0.23791350036670406,0.06496402361617737,LL+,1,0.37723315926365175,0.20428368251312506,LLTR+,1,0.23791350036670406,0.06496402361617737,0.06523898197791245,-0.1393196588969477,0.1393196588969477,0
0.01,0.0002,12.803114571746384,0.07810599478714161,0.17227104435898988,0.14917279164540095,13,2.3197757950677023e-11,0.0,LL0,0,0.1719881841876629,-0.0002828601713269763,LLTR+,1,0.2371582526882843,0.06488720832929443,LL+,1,0.37518431942981767,0.2029132750708278,LLTR+,1,0.2371582526882843,0.06488720832929443,0.0651700685006214,-0.13802606674153337,0.13802606674153337,0
0.01,0.0002,12.903225806451612,0.0775,0.17160345677846503,0.1488349495515695,13,3.989863994746656e-15,0.0,LL0,0,0.1713125,-0.00029095677846502355,LLTR+,1,0.23641414385113896,0.06481068707267393,LL+,1,0.3731674194133039,0.20156396263483886,LLTR+,1,0.23641414385113896,0.06481068707267393,0.06510164385113895,-0.13675327556216493,0.13675327556216493,0
0.01,0.0002,13.003337041156842,0.07690333618477331,0.17094648222286876,0.14850230947458062,13,-1.1728465421079193e-14,0.0,LL0,0,0.17064721984602224,-0.0002992623768465208,LLTR+,1,0.2356809220217041,0.06473443979883534,LL+,1,0.371181721273936,0.20023523905106724,LLTR+,1,0.2356809220217041,0.06473443979883534,0.06503370217568186,-0.1355007992522319,0.1355007992522319,0
0.01,0.0002,13.10344827586207,0.07631578947368421,0.1702998978825726,0.14817475218314846,13,3.2633286697891783e-11,0.0,LL0,0,0.1699921052631579,-0.00030779261941471514,LLTR+,1,0.23495834298382864,0.06465844510125604,LL+,1,0.36922650962323544,0.19892661174066284,LLTR+,1,0.23495834298382864,0.06465844510125604,0.06496623772067076,-0.1342681666394068,0.1342681666394068,0
0.01,0.0002,13.203559510567297,0.07573715248525695,0.16966348984714466,0.14785216206210025,13,8.974604046030343e-12,0.0,LL0,0,0.1693469250210615,-0.0003165648260831655,LLTR+,1,0.2342461698515525,0.06458268000440784,LL+,1,0.3673010907694719,0.19763760092232727,LLTR+,1,0.2342461698515525,0.06458268000440784,0.064899244830491,-0.13305492091791943,0.13305492091791943,0
0.01,0.0002,13.303670745272525,0.07516722408026756,0.16903705311821918,0.1475344269763187,13,1.8762522785431557e-11,0.0,LL0,0,0.16871145484949834,-0.00032559826872083364,LLTR+,1,0.23354417279481396,0.06450711967659478,LL+,1,0.36540479190131625,0.19636773878309707,LLTR+,1,0.23354417279481396,0.06450711967659478,0.06483271794531562,-0.1318606191065023,0.1318606191065023,0
0.01,0.0002,13.403781979977753,0.07460580912863071,0.16842039161462852,0.14722143814078115,13,2.2412627309620348e-15,0.0,LL0,0,0.16808547717842326,-0.00033491443620525807,LLTR+,1,0.2328521287774107,0.0644317371627822,LL+,1,0.3635369603080767,0.19511656869344818,LLTR+,1,0.2328521287774107,0.0644317371627822,0.06476665159898745,-0.13068483153066598,0.13068483153066598,0
0.01,0.0002,13.503893214682982,0.07405271828665567,0.16781331831818755,0.14691308999638003,13,-8.827480413309274e-12,0.0,LL0,0,0.16746878088962108,-0.00034453742856646596,LLTR+,1,0.23216982130658093,0.06435650298839338,LL+,1,0.3616969626346197,0.19388364431643215,LLTR+,1,0.23216982130658093,0.06435650298839338,0.06470104041695984,-0.12952714132803878,0.12952714132803878,0
0.01,0.0002,13.60400444938821,0.07350776778413737,0.16721565546264722,0.1466092800912261,13,7.185918526886326e-14,0.0,LL0,0,0.16686116107931315,-0.0003544943833340697,LLTR+,1,0.23149704019360565,0.06428138473095843,LL+,1,0.35988418416918977,0.19266852870654255,LLTR+,1,0.23149704019360565,0.06428138473095843,0.0646358791142925,-0.12838714397558412,0.12838714397558412,0
0.01,0.0002,13.704115684093438,0.07297077922077921,0.1666272348450311,0.1463099089671539,13,-5.68295410730002e-15,0.0,LL0,0,0.16626241883116882,-0.00036481601386229023,LLTR+,1,0.23083358132487067,0.06420634647983955,LL+,1,0.35809802816244274,0.19147079331741163,LLTR+,1,0.23083358132487067,0.06420634647983955,0.06457116249370184,-0.12726444683757207,0.12726444683757207,0
0.01,0.0002,13.804226918798665,0.07244157937147462,0.16604789828271607,0.1460148800511666,13,-1.9081958235744878e-17,0.0,LL0,0,0.1656723609991942,-0.00037553728352188176,LLTR+,1,0.23017924644285817,0.0641313481601421,LL+,1,0.3563379151761127,0.1902900168933966,LLTR+,1,0.23017924644285817,0.0641313481601421,0.06450688544366398,-0.12615866873325451,0.12615866873325451,0
0.01,0.0002,13.904338153503893,0.07192,0.1654774982260704,0.1457240995515695,13,9.206177487008915e-14,0.0,LL0,0,0.16509079999999998,-0.00038669822607043103,LLTR+,1,0.22953384293656762,0.0640563447104972,LL+,1,0.3546032824598151,0.18912578423374468,LLTR+,1,0.22953384293656762,0.0640563447104972,0.06444304293656763,-0.12506943952324748,0.12506943952324748,0
0.01,0.0002,14.004449388209121,0.07140587768069896,0.16491589860061825,0.1454374763585592,15,1.4577570053853073e-11,0.0,LL0,0,0.16451755361397935,-0.0003983449866389044,LLTR+,1,0.22889718364089645,0.0639812850402782,LL+,1,0.3528935833545792,0.18797768475396096,LLTR+,1,0.22889718364089645,0.0639812850402782,0.0643796300269171,-0.12399639971368276,0.12399639971368276,0
0.01,0.0002,14.104560622914349,0.07089905362776025,0.16436297591758625,0.14515492194904583,15,-2.1968874636124625e-11,0.0,LL0,0,0.1639524447949527,-0.00041053112263356173,LLTR+,1,0.22826908664453457,0.06390611072694832,LL+,1,0.3512082867217833,0.18684531080419703,LLTR+,1,0.22826908664453457,0.06390611072694832,0.06431664184958188,-0.1229392000772487,0.1229392000772487,0
0.01,0.0002,14.204671857619577,0.07039937353171496,0.16381862082811863,0.1448763502955006,15,8.003148491142476e-12,0.0,LL0,0,0.1633953014878622,-0.00042331934025643947,LLTR+,1,0.2276493751059551,0.06383075427783647,LL+,1,0.3495468763962374,0.18572825556811876,LLTR+,1,0.2276493751059551,0.06383075427783647,0.0642540736180929,-0.12189750129028229,0.12189750129028229,0
0.01,0.0002,14.304783092324804,0.06990668740279939,0.1632827400805788,0.14460167777863017,15,2.695933754015556e-14,0.0,LL0,0,0.1628459564541213,-0.00043678362645749313,LLTR+,1,0.22703787707710452,0.06375513699652571,LL+,1,0.34790885066223154,0.18462611058165274,LLTR+,1,0.22703787707710452,0.06375513699652571,0.0641919206229832,-0.12087097358512702,0.12087097358512702,0
0.01,0.0002,14.404894327030034,0.06942084942084942,0.16275525932816315,0.14433082310369305,15,-1.887772924091813e-12,0.0,LL0,0,0.16230424710424712,-0.00045101222391602525,LLTR+,1,0.22643442533441874,0.06367916600625559,LL+,1,0.34629372175143247,0.18353846242326932,LLTR+,1,0.22643442533441874,0.06367916600625559,0.06413017823017161,-0.11985929641701373,0.11985929641701373,0
0.01,0.0002,14.505005561735262,0.06894171779141105,0.16223612684284264,0.14406370722028117,15,-1.6320972351380192e-13,0.0,LL0,0,0.1617700153374233,-0.00046611150541933655,LLTR+,1,0.22583885721681204,0.06360273037396941,LL+,1,0.34470101536157305,0.1824648885187304,LLTR+,1,0.22583885721681204,0.06360273037396941,0.06406884187938874,-0.118862158144761,0.118862158144761,0
0.01,0.0002,14.60511679644049,0.06846915460776846,0.16172531871980403,0.1438002532454004,15,1.0329393590469138e-12,0.0,LL0,0,0.16124310738766184,-0.00048221133214218503,LLTR+,1,0.22525101447030488,0.06352569575050085,LL+,1,0.3431302701949357,0.18140495147513166,LLTR+,1,0.22525101447030488,0.06352569575050085,0.06400790708264303,-0.11787925572463082,0.11787925572463082,0
0.01,0.0002,14.705228031145719,0.06800302571860817,0.16122284621241403,0.14354038638969357,15,1.3631248907408633e-12,0.0,LL0,0,0.16072337367624812,-0.000499472536165918,LLTR+,1,0.22467074309897483,0.0634478968865608,LL+,1,0.3415810375156888,0.18035819130327477,LLTR+,1,0.22467074309897483,0.0634478968865608,0.06394736942272672,-0.11691029441671397,0.11691029441671397,0
0.01,0.0002,14.805339265850947,0.06754320060105183,0.16072876630869737,0.1432840338866559,15,-2.876344995517144e-14,0.0,LL0,0,0.1602106686701728,-0.0005180976385245617,LLTR+,1,0.2240978932219321,0.06336912691323474,LL+,1,0.34005288072518125,0.17932411441648388,LLTR+,1,0.2240978932219321,0.06336912691323474,0.0638872245517593,-0.11595498750324915,0.11595498750324915,0
0.01,0.0002,14.905450500556174,0.06708955223880597,0.1602431973972458,0.14303112492470382,15,5.2136576306205384e-12,0.0,LL0,0,0.15970485074626867,-0.0005383466509771284,LLTR+,1,0.22353231893603717,0.06328912153879138,LL+,1,0.338545374954353,0.1783021775571072,LLTR+,1,0.22353231893603717,0.06328912153879138,0.0638274681897685,-0.11501305601831582,0.11501305601831582,0
0.01,0.0002,15.005561735261402,0.06664195700518903,0.15976634319906444,0.14278159058196238,15,-7.876338470325095e-14,0.0,LL0,0,0.15920578206078578,-0.0005605611382786535,LLTR+,1,0.22297387818409267,0.06320753498502824,LL+,1,0.33705810667246017,0.17729176347339573,LLTR+,1,0.22297387818409267,0.06320753498502824,0.06376809612330689,-0.1140842284883675,0.1140842284883675,0
0.01,0.0002,15.10567296996663,0.06620029455081002,0.15929853082239548,0.1425353637636461,15,3.323383235276367e-14,0.0,LL0,0,0.15871332842415317,-0.0005852023982423071,LLTR+,1,0.22242243262825648,0.063123901805861,LL+,1,0.33559067331135994,0.17629214248896447,LLTR+,1,0.22242243262825648,0.063123901805861,0.0637091042041033,-0.11316824068310347,0.11316824068310347,0
0.01,0.0002,15.205784204671858,0.06576444769568399,0.158840274100092,0.14229237914191334,15,2.654942238278224e-12,0.0,LL0,0,0.15822735918068764,-0.0006129149194043504,LLTR+,1,0.2218778475284355,0.06303757342834351,LL+,1,0.33414268290463656,0.17530240880454456,LLTR+,1,0.2218778475284355,0.06303757342834351,0.06365048834774786,-0.11226483537620105,0.11226483537620105,0
0.01,0.0002,15.305895439377085,0.06533430232558139,0.15839238553414658,0.14205257309808111,15,2.8102520310824275e-15,0.0,LL0,0,0.15774774709302325,-0.0006446384411233352,LLTR+,1,0.2213399916254333,0.06294760609128672,LL+,1,0.33271375374088963,0.17432136820674304,LLTR+,1,0.2213399916254333,0.06294760609128672,0.06359224453241005,-0.11137376211545633,0.11137376211545633,0
0.01,0.0002,15.406006674082313,0.06490974729241877,0.15795618966760558,0.14181588366709297,15,3.3148189054754695e-12,0.0,LL0,0,0.15727436823104693,-0.0006818214365586495,LLTR+,1,0.2208087370286352,0.06285254736102963,LL+,1,0.3313035140305406,0.173347324362935,LLTR+,1,0.2208087370286352,0.06285254736102963,0.06353436879758828,-0.11049477700190538,0.11049477700190538,0
0.01,0.0002,15.506117908787541,0.0644906743185079,0.15753397284545811,0.14158225048413767,15,-7.7021722333370235e-16,0.0,LL0,0,0.1568071018651363,-0.0007268709803218143,LLTR+,1,0.22028395910802684,0.06274998626256872,LL+,1,0.3299116015855462,0.1723776287400881,LLTR+,1,0.22028395910802684,0.06274998626256872,0.06347685724289054,-0.10962764247751938,0.10962764247751938,0
0.01,0.0002,15.60622914349277,0.06407697790449038,0.1571300756371971,0.1413516147333229,15,2.260015091737344e-13,0.0,LL0,0,0.15634583036350677,-0.0007842452736903371,LLTR+,1,0.21976553639035126,0.06263546075315415,LL+,1,0.3285376635114391,0.17140758787424198,LLTR+,1,0.21976553639035126,0.06263546075315415,0.06341970602684449,-0.10877212712108783,0.10877212712108783,0
0.01,0.0002,15.706340378197998,0.06366855524079319,0.15675418894616852,0.1411239190983117,15,8.634586101674557e-14,0.0,LL0,0,0.1558904390934844,-0.0008637498526841147,LLTR+,1,0.2192533504592218,0.06249916151305329,LL+,1,0.3271813559111463,0.17042716696497776,LLTR+,1,0.2192533504592218,0.06249916151305329,0.0633629113657374,-0.10792800545192446,0.10792800545192446,0
0.01,0.0002,15.806451612903226,0.06326530612244897,0.15643610311775263,0.14089910771483483,15,3.4861696862620306e-13,0.0,LL0,0,0.15544081632653062,-0.0009952867912220165,LLTR+,1,0.21874728585901412,0.06231118274126149,LL+,1,0.32584234360006326,0.16940624048231062,LLTR+,1,0.21874728585901412,0.06231118274126149,0.0633064695324835,-0.10709505774104913,0.10709505774104913,0
0.01,0.0002,15.906562847608454,0.06286713286713287,0.15649383454680937,0.14067712612499608,15,-4.8194087609587655e-14,0.0,LL0,0,0.15499685314685316,-0.0014969813999562154,LLTR+,1,0.2182472300023723,0.06175339545556294,LL+,1,0.32452029983188635,0.16802646528507698,LLTR+,1,0.2182472300023723,0.06175339545556294,0.06325037685551915,-0.10627306982951404,0.10627306982951404,0
0.01,0.0002,16.006674082313683,0.062473940236275186,0.216721779112311,0.14045792123329293,17,-2.67841304690819e-15,0.0,LL0,0,0.15455844336344682,-0.06216333574886418,LLTR+,1,0.21775307308117145,0.0010312939688604528,LL+,1,0.3232149060347346,0.10649312692242358,LLTR+,1,0.21775307308117145,0.0010312939688604528,0.06319462971772463,-0.10546183295356312,0.10546183295356312,0
0.01,0.0002,16.10678531701891,0.062085635359116015,0.21638287587153393,0.14024144126427668,17,-2.1144544448681302e-14,0.0,LL0,0,0.15412548342541438,-0.06225739244611955,LLTR+,1,0.21726470798078595,0.0008818321092520232,LL+,1,0.3219258515571124,0.10554297568557847,LLTR+,1,0.21726470798078595,0.0008818321092520232,0.06313922455537158,-0.10466114357632644,0.10466114357632644,0
0.01,0.0002,16.20689655172414,0.06170212765957447,0.21598565724232252,0.14002763572178228,17,-4.751234128352877e-14,0.0,LL0,0,0.15369787234042553,-0.062287784901896986,LLTR+,1,0.21678203019752126,0.0007963729551987431,LL+,1,0.3206528334232862,0.10466717618096369,LLTR+,1,0.21678203019752126,0.0007963729551987431,0.06308415785709573,-0.10387080322576495,0.10387080322576495,0
0.01,0.0002,16.307007786429367,0.06132332878581173,0.21556891349544022,0.13981645534965953,17,2.849630253987101e-14,0.0,LL0,0,0.15327551159618008,-0.06229340189926014,LLTR+,1,0.21630493775907395,0.0007360242636337277,LL+,1,0.31939555609767345,0.10382664260223323,LLTR+,1,0.21630493775907395,0.0007360242636337277,0.06302942616289386,-0.1030906183385995,0.1030906183385995,0
0.01,0.0002,16.407119021134594,0.06094915254237288,0.21514413996439982,0.1396078520939424,17,-3.712308238590367e-16,0.0,LL0,0,0.15285830508474577,-0.062285834879654056,LLTR+,1,0.21583333114789036,0.000689191183490534,LL+,1,0.318153731257856,0.10300959129345619,LLTR+,1,0.21583333114789036,0.000689191183490534,0.06297502606314459,-0.10232040010996565,0.10232040010996565,0
0.01,0.0002,16.507230255839822,0.06057951482479784,0.21471629337973733,0.1394017790663943,17,-2.0018708912772354e-15,0.0,LL0,0,0.15244615902964959,-0.06227013435008774,LLTR+,1,0.2153671132273018,0.00065081984756446,LL+,1,0.3169270775758538,0.10221078419611648,LLTR+,1,0.2153671132273018,0.00065081984756446,0.0629209541976522,-0.10155996434855202,0.10155996434855202,0
0.01,0.0002,16.60734149054505,0.06021433355659746,0.2142879411426646,0.1391981905093726,17,-1.3062745329861514e-12,0.0,LL0,0,0.15203898191560616,-0.06224895922705845,LLTR+,1,0.2149061891703188,0.0006182480276542002,LL+,1,0.31571532050730966,0.10142737936464505,LLTR+,1,0.2149061891703188,0.0006182480276542002,0.06286720725471265,-0.10080913133699085,0.10080913133699085,0
0.01,0.0002,16.707452725250278,0.05985352862849534,0.21386056667225462,0.13899704176195565,17,-5.858126483904158e-13,0.0,LL0,0,0.15163668442077233,-0.06222388225148229,LLTR+,1,0.21445046639097415,0.0005898997187195332,LL+,1,0.3145181920882527,0.1006576254159981,LLTR+,1,0.21445046639097415,0.0005898997187195332,0.06281378197020182,-0.10006772569727856,0.10006772569727856,0
0.01,0.0002,16.807563959955505,0.059497021839841166,0.21343509013960102,0.13879828922728096,17,3.2959746043559335e-17,0.0,LL0,0,0.1512391793514229,-0.06219591078817813,LLTR+,1,0.2139998544781073,0.0005647643385062739,LL+,1,0.31333543073912595,0.09990034059952493,LLTR+,1,0.2139998544781073,0.0005647643385062739,0.0627606751266844,-0.09933557626101866,0.09933557626101866,0
0.01,0.0002,16.907675194660733,0.059144736842105264,0.21301211023218908,0.1386018903410432,17,-1.627021434247311e-12,0.0,LL0,0,0.15084638157894736,-0.062165728653241714,LLTR+,1,0.21355426513149092,0.0005421548993018444,LL+,1,0.3121667810757751,0.09915467084358603,LLTR+,1,0.21355426513149092,0.0005421548993018444,0.06270788355254356,-0.09861251594428419,0.09861251594428419,0
0.01,0.0002,17.007786429365964,0.058796599084368864,0.21259202903881733,0.13840780354110516,17,6.5013341932207425e-12,0.0,LL0,0,0.15045820797907128,-0.06213382105974605,LLTR+,1,0.2131136121002022,0.0005215830613848615,LL+,1,0.3110119937271132,0.09841996468829586,LLTR+,1,0.2131136121002022,0.0005215830613848615,0.06265540412113091,-0.097898381626911,0.097898381626911,0
0.01,0.0002,17.10789766407119,0.05845253576072822,0.21217512188774995,0.1382159882381755,17,7.784398126098324e-13,0.0,LL0,0,0.15007457737321198,-0.062100544514537975,LLTR+,1,0.2126778111231474,0.0005026892353974521,LL+,1,0.3098708251591874,0.09769570327143745,LLTR+,1,0.2126778111231474,0.0005026892353974521,0.06260323374993543,-0.09719301403604,0.09719301403604,0
0.01,0.0002,17.20800889877642,0.05811247575953458,0.21176157894574152,0.13802640478751005,17,-2.058075931898884e-14,0.0,LL0,0,0.14969541047188106,-0.062066168473860456,LLTR+,1,0.21224677987165289,0.00048520092591136654,LL+,1,0.3087430375053861,0.0969814585596446,LLTR+,1,0.21224677987165289,0.00048520092591136654,0.06255136939977182,-0.09649625763373323,0.09649625763373323,0
0.01,0.0002,17.308120133481648,0.05777634961439588,0.21135153119465927,0.13783901446159522,17,-1.8256923750570309e-13,0.0,LL0,0,0.1493206298200514,-0.06203090137460787,LLTR+,1,0.2118204378940383,0.0004689066993790181,LL+,1,0.3076283984025395,0.09627686720788026,LLTR+,1,0.2118204378940383,0.0004689066993790181,0.06249980807398689,-0.09580796050850124,0.09580796050850124,0
0.01,0.0002,17.408231368186875,0.057444089456869005,0.21094506737478744,0.137653779423774,17,1.4285447824669006e-14,0.0,LL0,0,0.14895015974440895,-0.06199490763037849,LLTR+,1,0.2113987065620929,0.0004536391873054546,LL+,1,0.30652668083267476,0.09558161345788732,LLTR+,1,0.2113987065620929,0.0004536391873054546,0.06244854681768394,-0.09512797427058187,0.09512797427058187,0
0.01,0.0002,17.508342602892103,0.057115628970775094,0.2105422453919822,0.13747066270277664,17,-6.727455398314319e-12,0.0,LL0,0,0.14858392630241424,-0.061958319089567976,LLTR+,1,0.21098150901937937,0.0004392636273971573,LL+,1,0.3054376629702009,0.0948954175782187,LLTR+,1,0.21098150901937937,0.0004392636273971573,0.06239758271696513,-0.09445615395082155,0.09445615395082155,0
0.01,0.0002,17.60845383759733,0.056790903348073275,0.2101431002381907,0.13728962816812035,17,-1.4988010832439613e-15,0.0,LL0,0,0.14822185723310172,-0.06192124300508897,LLTR+,1,0.21056877013129158,0.00042566989310088843,LL+,1,0.30436112803430554,0.09421802779611485,LLTR+,1,0.21056877013129158,0.00042566989310088843,0.06234691289818986,-0.09379235790301396,0.09379235790301396,0
0.01,0.0002,17.70856507230256,0.056469849246231156,0.20974764959747377,0.13711064050634336,17,-1.8844127647188458e-13,0.0,LL0,0,0.14786388190954775,-0.06188376768792603,LLTR+,1,0.2101604164367982,0.00041276683932442437,LL+,1,0.30329686414635937,0.0935492145488856,LLTR+,1,0.2101604164367982,0.00041276683932442437,0.06229653452725045,-0.09313644770956117,0.09313644770956117,0
0.01,0.0002,17.808676307007786,0.056152404747033105,0.20935589794423318,0.13693366519804046,17,-4.794810382069414e-13,0.0,LL0,0,0.14750993129294193,-0.061845966651291245,LLTR+,1,0.20975637610180575,0.00040047815757257577,LL+,1,0.30224466419212936,0.09288876624789619,LLTR+,1,0.20975637610180575,0.00040047815757257577,0.06224644480886382,-0.09248828809032361,0.09248828809032361,0
0.01,0.0002,17.908787541713014,0.05583850931677019,0.2089678395534218,0.1367586684956689,17,8.028699233220138e-13,0.0,LL0,0,0.14715993788819876,-0.06180790166522304,LLTR+,1,0.20935657887407705,0.0003887393206552514,LL+,1,0.301204325688614,0.0922364861351922,LLTR+,1,0.20935657887407705,0.0003887393206552514,0.06219664098587829,-0.09184774681453695,0.09184774681453695,0
0.01,0.0002,18.008898776418242,0.05552810376775787,0.2085834607690108,0.13658561740209452,19,3.0010716134398763e-16,0.0,LL0,0,0.14681383570105003,-0.06176962506796077,LLTR+,1,0.20896095603964635,0.0003774952706355472,LL+,1,0.3001756506553196,0.0915921898863088,LLTR+,1,0.20896095603964635,0.0003774952706355472,0.06214712033859632,-0.09121469461567325,0.09121469461567325,0
0.01,0.0002,18.109010011123473,0.05522113022113021,0.2082027417362365,0.1364144796498496,19,3.2256645271511175e-12,0.0,LL0,0,0.14647156019656019,-0.06173118153967633,LLTR+,1,0.20856944038067193,0.00036669864443542033,LL+,1,0.29915844548980663,0.09095570375357012,LLTR+,1,0.20856944038067193,0.00036669864443542033,0.06209788018411175,-0.0905890051091347,0.0905890051091347,0
0.01,0.0002,18.209121245828698,0.054917532070861336,0.20782565772709544,0.1362452236810747,19,-2.281060236530852e-11,0.0,LL0,0,0.14613304825901038,-0.06169260946808505,LLTR+,1,0.2081819661346718,0.0003563084075763612,LL+,1,0.29815252084734134,0.0903268631202459,LLTR+,1,0.2081819661346718,0.0003563084075763612,0.062048917875661413,-0.08997055471266954,0.08997055471266954,0
0.01,0.0002,18.30923248053393,0.05461725394896719,0.20745218021077513,0.1360778186281187,19,1.682681771697503e-16,0.0,LL0,0,0.14579823815309842,-0.061653942057676714,LLTR+,1,0.20779846895508958,0.00034628874431444356,LL+,1,0.2971576915244952,0.0897055113137201,LLTR+,1,0.20779846895508958,0.00034628874431444356,0.06200023080199116,-0.08935922256940565,0.08935922256940565,0
0.01,0.0002,18.409343715239153,0.05432024169184291,0.20708227762662373,0.13591223429477192,19,-5.280116621708686e-13,0.0,LL0,0,0.14546706948640484,-0.0616152081402189,LLTR+,1,0.20741888587314009,0.00033660824651635113,LL+,1,0.2961737763465436,0.08909149871991989,LLTR+,1,0.20741888587314009,0.00033660824651635113,0.06195181638673525,-0.08875489047340354,0.08875489047340354,0
0.01,0.0002,18.509454949944384,0.0540264423076923,0.2067159160836461,0.13574844113810797,19,-4.410534437671032e-14,0.0,LL0,0,0.14513948317307693,-0.06157643291056916,LLTR+,1,0.20704315526088643,0.00032723917724034046,LL+,1,0.2952005980585165,0.08848468197487042,LLTR+,1,0.20704315526088643,0.00032723917724034046,0.0619036720878095,-0.08815744279763008,0.08815744279763008,0
0.01,0.0002,18.60956618464961,0.05373580394500897,0.20635305986184954,0.135586410250912,19,1.9421964037036332e-14,0.0,LL0,0,0.144815421398685,-0.06153763846316454,LLTR+,1,0.2066712167955021,0.00031815693365255804,LL+,1,0.2942379832197679,0.08788492335791837,LLTR+,1,0.2066712167955021,0.00031815693365255804,0.0618557953968171,-0.08756676642426581,0.08756676642426581,0
0.01,0.0002,18.70967741935484,0.05344827586206896,0.20599367184007458,0.13542611334467297,19,-1.3994031627939663e-12,0.0,LL0,0,0.1444948275862069,-0.061498844253867674,LLTR+,1,0.20630301142467414,0.000309339584599555,LL+,1,0.2932857621019286,0.087292090261854,LLTR+,1,0.20630301142467414,0.000309339584599555,0.06180818383846723,-0.08698275067725444,0.08698275067725444,0
0.01,0.0002,18.809788654060068,0.05316380839739799,0.20563771384025042,0.13526752273311887,19,-3.550007510177977e-13,0.0,LL0,0,0.14417764636309877,-0.06146006747715166,LLTR+,1,0.20593848133310513,0.00030076749285470883,LL+,1,0.29234376859011857,0.08670605474986814,LLTR+,1,0.20593848133310513,0.00030076749285470883,0.06176083497000637,-0.08640528725701344,0.08640528725701344,0
0.01,0.0002,18.909899888765295,0.05288235294117647,0.20528514690546992,0.1351106113162754,19,-2.7709952388210723e-12,0.0,LL0,0,0.14386382352941177,-0.06142132337605816,LLTR+,1,0.2055775699100728,0.0002924230046028875,LL+,1,0.2914118400872966,0.08612669318182667,LLTR+,1,0.2055775699100728,0.0002924230046028875,0.061713746380661044,-0.08583427017722378,0.08583427017722378,0
0.01,0.0002,19.010011123470523,0.052603861907548274,0.20493593153391854,0.13495535256502766,19,-3.642919299551295e-17,0.0,LL0,0,0.14355330602691632,-0.061382625507002214,LLTR+,1,0.20522022171800938,0.0002842901840908463,LL+,1,0.29048981742163293,0.0855538858877144,LLTR+,1,0.20522022171800938,0.0002842901840908463,0.06166691569109306,-0.08526959570362355,0.08526959570362355,0
0.01,0.0002,19.11012235817575,0.052328288707799764,0.20459002786339223,0.13480172050616787,19,1.403391292065237e-15,0.0,LL0,0,0.14324604190919674,-0.06134398595419549,LLTR+,1,0.20486638246206212,0.00027635459866989787,LL+,1,0.2895775447567926,0.08498751689340037,LLTR+,1,0.20486638246206212,0.00027635459866989787,0.06162034055286539,-0.08471116229473047,0.08471116229473047,0
0.01,0.0002,19.21023359288098,0.05205558772437753,0.20424739583199705,0.13464968970790997,19,1.6445178552260131e-15,0.0,LL0,0,0.14294198031268096,-0.06130541551931609,LLTR+,1,0.20451599896060113,0.000268603128604078,LL+,1,0.2886748695050247,0.08442747367302764,LLTR+,1,0.20451599896060113,0.000268603128604078,0.06157401864792017,-0.08415887054442356,0.08415887054442356,0
0.01,0.0002,19.310344827586206,0.05178571428571429,0.20390799530334103,0.13449923526585522,19,-1.557207661428972e-11,0.0,LL0,0,0.14264107142857144,-0.06126692387476959,LLTR+,1,0.20416901911663804,0.0002610238132970122,LL+,1,0.28778164224295466,0.08387364693961363,LLTR+,1,0.20416901911663804,0.0002610238132970122,0.0615279476880666,-0.08361262312631662,0.08361262312631662,0
0.01,0.0002,19.410456062291438,0.0515186246418338,0.20357178618579092,0.13435033278939185,19,7.306984878274747e-13,0.0,LL0,0,0.1423432664756447,-0.06122851971014623,LLTR+,1,0.20382539189012505,0.00025360570433413665,LL+,1,0.28689771662998265,0.08332593044419173,LLTR+,1,0.20382539189012505,0.00025360570433413665,0.061482125414480365,-0.0830723247398576,0.0830723247398576,0
0.01,0.0002,19.510567296996662,0.05125427594070696,0.20323872849856792,0.13420295838851365,19,-7.647667221721832e-13,0.0,LL0,0,0.14204851767388826,-0.06119021082467965,LLTR+,1,0.20348506727110094,0.0002463387725330224,LL+,1,0.28602294932919403,0.08278422083062612,LLTR+,1,0.20348506727110094,0.0002463387725330224,0.061436549597212675,-0.08253788205809309,0.08253788205809309,0
0.01,0.0002,19.610678531701893,0.05099262620533181,0.2029087824648748,0.134057088661042,19,-3.6948699308481103e-11,0.0,LL0,0,0.14175677821894497,-0.061152004245929814,LLTR+,1,0.2031479962536551,0.00023921378878030697,LL+,1,0.2851571999306921,0.08224841746581732,LLTR+,1,0.2031479962536551,0.00023921378878030697,0.06139121803471012,-0.08200920367703701,0.08200920367703701,0
0.01,0.0002,19.710789766407117,0.05073363431151242,0.20258190859017555,0.1339127006802377,19,3.336780851626031e-11,0.0,LL0,0,0.14146800225733636,-0.061113906332839196,LLTR+,1,0.20281413081068006,0.0002322222205045077,LL+,1,0.2843003308772679,0.08171842228709236,LLTR+,1,0.20281413081068006,0.0002322222205045077,0.061346128553343704,-0.08148620006658785,0.08148620006658785,0
0.01,0.0002,19.81090100111235,0.050477259966311055,0.20225806764277796,0.13376977198278792,19,-3.533635190011708e-12,0.0,LL0,0,0.14118214486243683,-0.06107592278034113,LLTR+,1,0.20248342386938475,0.00022535622660679877,LL+,1,0.2834522073923228,0.08119413974954484,LLTR+,1,0.20248342386938475,0.00022535622660679877,0.06130127900694793,-0.08096878352293804,0.08096878352293804,0
0.01,0.0002,19.911012235817573,0.050223463687150846,0.20193722079438647,0.1336282805571561,19,1.0581813203458523e-16,0.0,LL0,0,0.1408991620111732,-0.06103805878321328,LLTR+,1,0.2021558292875424,0.00021860849315591402,LL+,1,0.2826126974099662,0.08067547661557972,LLTR+,1,0.2021558292875424,0.00021860849315591402,0.06125666727636919,-0.08045686812242381,0.08045686812242381,0
0.01,0.0002,20.011123470522804,0.0499722067815453,0.20161932957919707,0.13348820483228102,21,2.01574867908505e-15,0.0,LL0,0,0.140619010561423,-0.06100031901777406,LLTR+,1,0.20183130183044629,0.0002119722512492206,LL+,1,0.281781671507211,0.08016234192801394,LLTR+,1,0.20183130183044629,0.0002119722512492206,0.06121229126902328,-0.07995036967676472,0.07995036967676472,0
0.01,0.0002,20.111234705228032,0.049723451327433624,0.20130435595353946,0.13334952366661376,21,-1.1563746488141291e-11,0.0,LL0,0,0.1403416482300885,-0.06096270772345097,LLTR+,1,0.20150979714855033,0.00020544119501086922,LL+,1,0.2809590028381945,0.07965464688465507,LLTR+,1,0.20150979714855033,0.00020544119501086922,0.06116814891846184,-0.0794492056896442,0.0794492056896442,0
0.01,0.0002,20.21134593993326,0.04947716015410016,0.20099226231970257,0.13321221633748034,21,7.608670637981874e-14,0.0,LL0,0,0.14006703357182168,-0.060925228747880894,LLTR+,1,0.20119127175576917,0.0001990094360665995,LL+,1,0.2801445670703542,0.0791523047506516,LLTR+,1,0.20119127175576917,0.0001990094360665995,0.061124238183947494,-0.078953295314585,0.078953295314585,0
0.01,0.0002,20.311457174638488,0.04923329682365827,0.20068301153020163,0.133076262530759,21,1.4471791820458435e-12,0.0,LL0,0,0.13979512595837898,-0.06088788557182265,LLTR+,1,0.20087568300841657,0.00019267147821494524,LL+,1,0.2793382423224904,0.07865523079228876,LLTR+,1,0.20087568300841657,0.00019267147821494524,0.06108055705003759,-0.07846255931407381,0.07846255931407381,0
0.01,0.0002,20.411568409343715,0.04899182561307902,0.20037656691373884,0.13294164233086106,21,-2.4903254805530572e-11,0.0,LL0,0,0.1395258855585831,-0.06085068135515573,LLTR+,1,0.2005629890847594,0.00018642217102055048,LL+,1,0.27853990910465265,0.07816334219091381,LLTR+,1,0.2005629890847594,0.00018642217102055048,0.06103710352617628,-0.07797692001989326,0.07797692001989326,0
0.01,0.0002,20.511679644048943,0.048752711496746204,0.2000728922964095,0.13280833621100552,21,-3.138558857251894e-12,0.0,LL0,0,0.13925927331887203,-0.06081361897753748,LLTR+,1,0.2002531489651665,0.00018025666875698398,LL+,1,0.2777494502597855,0.07767655796337597,LLTR+,1,0.2002531489651665,0.00018025666875698398,0.060993875646294465,-0.07749630129461899,0.07749630129461899,0
0.01,0.0002,20.61179087875417,0.0485159201295197,0.19977195198115877,0.13267632502377674,21,3.655046751371849e-12,0.0,LL0,0,0.13899525094441445,-0.06077670103674432,LLTR+,1,0.19994612241283244,0.0001741704316736703,LL+,1,0.27696675090707523,0.07719479892591646,LLTR+,1,0.19994612241283244,0.0001741704316736703,0.06095087146841799,-0.0770206284942428,0.0770206284942428,0
0.01,0.0002,20.711902113459402,0.048281417830290004,0.19947371078046267,0.1325455899919562,21,1.3610640392514028e-14,0.0,LL0,0,0.13873378088077337,-0.06073992989968929,LLTR+,1,0.19964186995505662,0.00016815917459395147,LL+,1,0.27619169838694013,0.07671798760647747,LLTR+,1,0.19964186995505662,0.00016815917459395147,0.060908089074283245,-0.07654982843188352,0.07654982843188352,0
0.01,0.0002,20.812013348164626,0.048049171566007486,0.19917813401330509,0.13241611269961867,21,-1.1147333056626962e-14,0.0,LL0,0,0.13847482629609836,-0.06070330771720672,LLTR+,1,0.1993403528650592,0.00016221885175410344,LL+,1,0.2754241822076071,0.07624604819430203,LLTR+,1,0.1993403528650592,0.00016221885175410344,0.060865526568960826,-0.07608382934254793,0.07608382934254793,0
0.01,0.0002,20.912124582869858,0.04781914893617021,0.19888518750452672,0.13228787508348439,21,-9.601347494836432e-14,0.0,LL0,0,0.1382183510638298,-0.060666836440696925,LLTR+,1,0.19904153314431572,0.00015634563978900173,LL+,1,0.2746640939932239,0.07577890648869717,LLTR+,1,0.19904153314431572,0.00015634563978900173,0.06082318208048593,-0.07562256084890817,0.07562256084890817,0
0.01,0.0002,21.012235817575082,0.04759131815775543,0.19859483758746954,0.13216085942451816,21,-1.0558528010240487e-11,0.0,LL0,0,0.1379643197458973,-0.06063051784157225,LLTR+,1,0.19874537350539367,0.0001505359179241328,LL+,1,0.27391132743345437,0.07531648984598482,LLTR+,1,0.19874537350539367,0.0001505359179241328,0.060781053759496384,-0.07516595392806069,0.07516595392806069,0
0.01,0.0002,21.112347052280313,0.04736564805057955,0.19830705110960786,0.1320350483397676,21,-1.5558040966645592e-12,0.0,LL0,0,0.1377126975763962,-0.06059435353321166,LLTR+,1,0.19845183735527383,0.00014478624566596765,LL+,1,0.2731657782345075,0.07485872712489963,LLTR+,1,0.19845183735527383,0.00014478624566596765,0.06073913977887763,-0.07471394087923366,0.07471394087923366,0
0.01,0.0002,21.21245828698554,0.047142108023072886,0.19802179541967777,0.13191042477443266,21,1.6132928326584306e-16,0.0,LL0,0,0.13746345044572628,-0.06055834497395149,LLTR+,1,0.19816088877914081,0.00013909335946304946,LL+,1,0.27242734407155345,0.07440554865187568,LLTR+,1,0.19816088877914081,0.00013909335946304946,0.06069743833341454,-0.07426645529241263,0.07426645529241263,0
0.01,0.0002,21.31256952169077,0.046920668058455114,0.19773903837683232,0.13178697199415823,21,2.5753097571135086e-12,0.0,LL0,0,0.13721654488517745,-0.060522493491654866,LLTR+,1,0.1978724925246274,0.0001334541477950868,LL+,1,0.2716959245424805,0.07395688616564816,LLTR+,1,0.1978724925246274,0.0001334541477950868,0.06065594763944995,-0.07382343201785307,0.07382343201785307,0
0.01,0.0002,21.412680756395996,0.0467012987012987,0.19745874834175567,0.13166467357754352,21,-2.572594914873605e-13,0.0,LL0,0,0.13697194805194807,-0.0604868002898076,LLTR+,1,0.1975866139864979,0.0001278656447422366,LL+,1,0.27097142112294914,0.07351267278119347,LLTR+,1,0.1975866139864979,0.0001278656447422366,0.06061466593454984,-0.07338480713645124,0.07338480713645124,0
0.01,0.0002,21.512791991101224,0.04648397104446742,0.19718089417677914,0.1315435134088601,21,1.5997619895458115e-14,0.0,LL0,0,0.1367296277145812,-0.06045126646219795,LLTR+,1,0.1973032191917559,0.00012232501497674853,LL+,1,0.2702537371227015,0.07307284294592237,LLTR+,1,0.1973032191917559,0.00012232501497674853,0.0605735914771747,-0.07295051793094562,0.07295051793094562,0
0.01,0.0002,21.612903225806452,0.04626865671641791,0.19690544523393383,0.1314234756709725,21,-4.0041329626983035e-11,0.0,LL0,0,0.136489552238806,-0.06041589299512784,LLTR+,1,0.1970222747851635,0.00011682955122965799,LL+,1,0.2695427776430843,0.07263733240915049,LLTR+,1,0.1970222747851635,0.00011682955122965799,0.0605327225463575,-0.07252050285792083,0.07252050285792083,0
0.01,0.0002,21.71301446051168,0.04605532786885246,0.1966323713762206,0.13130454483845477,21,1.864038437493498e-12,0.0,LL0,0,0.1362516905737705,-0.0603806808024501,LLTR+,1,0.19674374801515812,0.00011137663893751037,LL+,1,0.2688384495357478,0.0722060781595272,LLTR+,1,0.19674374801515812,0.00011137663893751037,0.06049205744138761,-0.0720947015205897,0.0720947015205897,0
0.01,0.0002,21.813125695216907,0.04584395716471188,0.19636164292385308,0.13118670567089638,21,-4.748632043138912e-14,0.0,LL0,0,0.13601601223865376,-0.060345630685199325,LLTR+,1,0.19646760672015423,0.0001059637963011506,LL+,1,0.26814066136248116,0.07177901843862808,LLTR+,1,0.19646760672015423,0.0001059637963011506,0.060451594481500476,-0.07167305464232693,0.07167305464232693,0
0.01,0.0002,21.913236929922135,0.04563451776649746,0.19609323069937468,0.13106994320639184,21,6.0100761173353945e-12,0.0,LL0,0,0.13578248730964468,-0.06031074338973,LLTR+,1,0.1961938193152184,0.00010058861584372192,LL+,1,0.2674493233561494,0.07135609265677473,LLTR+,1,0.1961938193152184,0.00010058861584372192,0.06041133200557372,-0.071255504040931,0.071255504040931,0
0.01,0.0002,22.013348164627367,0.04542698332491157,0.19582710599321107,0.1309542427552077,23,3.539089160620179e-12,0.0,LL0,0,0.1355510864072764,-0.060276019585934676,LLTR+,1,0.19592235477910477,9.524878589370345e-05,LL+,1,0.26676434738269583,0.07093724138948476,LLTR+,1,0.19592235477910477,9.524878589370345e-05,0.06037126837182838,-0.07084199260359106,0.07084199260359106,0
0.01,0.0002,22.11345939933259,0.04522132796780684,0.19556324056890526,0.13083958989362182,23,6.175615574477433e-16,0.0,LL0,0,0.13532178068410464,-0.06024145988480062,LLTR+,1,0.1956531826416406,8.994207273535504e-05,LL+,1,0.266085646904177,0.07052240633527176,LLTR+,1,0.1956531826416406,8.994207273535504e-05,0.060331401957535974,-0.07043246426253641,0.07043246426253641,0
0.01,0.0002,22.213570634037822,0.045017526289434145,0.1953016066541808,0.13072597045792905,23,4.0072112295064244e-16,0.0,LL0,0,0.13509454181271907,-0.06020706484146174,LLTR+,1,0.19538627297145028,8.466631726947171e-05,LL+,1,0.2654131369427968,0.07011153028861597,LLTR+,1,0.19538627297145028,8.466631726947171e-05,0.06029173115873121,-0.0700268639713465,0.0700268639713465,0
0.01,0.0002,22.313681868743046,0.044815553339980066,0.19504217693441112,0.1306133705386084,23,-1.5873413694578176e-13,0.0,LL0,0,0.13486934197407777,-0.06017283496033335,LLTR+,1,0.1951215963640075,7.941942959638348e-05,LL+,1,0.26474673404590887,0.06970455711149776,LLTR+,1,0.1951215963640075,7.941942959638348e-05,0.06025225438992973,-0.06962513768190137,0.06962513768190137,0
0.01,0.0002,22.413793103448278,0.04461538461538461,0.19478492455228544,0.13050177647464645,23,3.5923139463100995e-11,0.0,LL0,0,0.13464615384615386,-0.06013877070613158,LLTR+,1,0.19485912393000518,7.419937771974139e-05,LL+,1,0.26408635625195687,0.06930143169967143,LLTR+,1,0.19485912393000518,7.419937771974139e-05,0.06021297008385132,-0.06922723232195169,0.06922723232195169,0
0.01,0.0002,22.513904338153505,0.04441699604743083,0.1945298230802204,0.13039117484801221,23,-1.5659522289990235e-13,0.0,LL0,0,0.1344249505928854,-0.06010487248733501,LLTR+,1,0.19459882728403347,6.900420381306116e-05,LL+,1,0.263431923057324,0.06890209997710359,LLTR+,1,0.19459882728403347,6.900420381306116e-05,0.06017387669114807,-0.06883309577329053,0.06883309577329053,0
0.01,0.0002,22.614015572858733,0.04422036399409739,0.1942768465555133,0.1302815524782788,23,-8.16686995808169e-12,0.0,LL0,0,0.1342057058534186,-0.06007114070209471,LLTR+,1,0.19434067853355624,6.383197804293861e-05,LL+,1,0.26278335538406183,0.06850650882854853,LLTR+,1,0.19434067853355624,6.383197804293861e-05,0.06013497268013765,-0.06844267685050559,0.06844267685050559,0
0.01,0.0002,22.71412680756396,0.044025465230166504,0.1940259694368689,0.13017289641738733,23,-2.3900499634965655e-13,0.0,LL0,0,0.13398839373163565,-0.06003757570523324,LLTR+,1,0.194084650268177,5.868083130811108e-05,LL+,1,0.26214057554847403,0.06811460611160514,LLTR+,1,0.194084650268177,5.868083130811108e-05,0.060096256536541354,-0.06805592528029702,0.06805592528029702,0
0.01,0.0002,22.81423804226919,0.043832276938078986,0.1937771666099459,0.13006519394454855,23,-1.6012469128412476e-12,0.0,LL0,0,0.13377298878595806,-0.06000417782398784,LLTR+,1,0.1938307155491852,5.354893923931181e-05,LL+,1,0.2615035072305256,0.06772634062057972,LLTR+,1,0.1938307155491852,5.354893923931181e-05,0.060057726763227154,-0.06767279168134041,0.06767279168134041,0
0.01,0.0002,22.914349276974416,0.043640776699029125,0.19353041338727284,0.12995843256127826,23,1.0269562977782698e-15,0.0,LL0,0,0.13355946601941748,-0.059970947367855354,LLTR+,1,0.19357884789937457,4.8434512101735994e-05,LL+,1,0.260872075444056,0.06734166205678316,LLTR+,1,0.19357884789937457,4.8434512101735994e-05,0.06001938187995709,-0.06729322754468142,0.06729322754468142,0
0.01,0.0002,23.014460511679644,0.043450942484291925,0.19328568549599193,0.12985259998656226,23,-4.097416850257218e-15,0.0,LL0,0,0.1333478008699855,-0.05993788462600644,LLTR+,1,0.19332902129312515,4.3335797133225995e-05,LL+,1,0.2602462065077671,0.06696052101177516,LLTR+,1,0.19332902129312515,4.3335797133225995e-05,0.059981220423139664,-0.06691718521464193,0.06691718521464193,0
0.01,0.0002,23.114571746384872,0.043262752646775746,0.19304295907452867,0.129747684152147,23,-1.4541354231845105e-12,0.0,LL0,0,0.13313796920115495,-0.059904989873373726,LLTR+,1,0.19308121014674123,3.825107221255841e-05,LL+,1,0.2596258280169679,0.0665828689424392,LLTR+,1,0.19308121014674123,3.825107221255841e-05,0.059943240945586285,-0.06654461787022664,0.06654461787022664,0
0.01,0.0002,23.2146829810901,0.04307618591279348,0.1928022106677124,0.1296436731979519,23,7.969477508473766e-12,0.0,LL0,0,0.13292994729276475,-0.05987226337494764,LLTR+,1,0.19283538930903715,3.317864132476589e-05,LL+,1,0.25901086881604807,0.06620865814833568,LLTR+,1,0.19283538930903715,3.317864132476589e-05,0.0599054420162724,-0.06617547950701091,0.06617547950701091,0
0.01,0.0002,23.31479421579533,0.042891221374045795,0.19256341721490394,0.12954055546760004,23,-2.1528785698610164e-13,0.0,LL0,0,0.13272371183206105,-0.05983970538284289,LLTR+,1,0.192591534052164,2.8116837260061533e-05,LL+,1,0.2584012589716618,0.06583784175675783,LLTR+,1,0.192591534052164,2.8116837260061533e-05,0.05986782222010295,-0.06580972491949777,0.06580972491949777,0
0.01,0.0002,23.414905450500555,0.04270783847980998,0.19232655605565094,0.12943831950406356,23,-1.9081958235744878e-17,0.0,LL0,0,0.13251923990498812,-0.059807316150662815,LLTR+,1,0.19234962006266962,2.30640070186805e-05,LL+,1,0.2577969297465994,0.06547037369094846,LLTR+,1,0.19234962006266962,2.30640070186805e-05,0.059830380157681495,-0.06544730968392978,0.06544730968392978,0
0.01,0.0002,23.515016685205786,0.04252601702932828,0.1920916049138095,0.12933695404542003,23,2.557849765327802e-14,0.0,LL0,0,0.13231650898770103,-0.05977509592610847,LLTR+,1,0.19210962343278534,1.8018518975843056e-05,LL+,1,0.2571978135743258,0.06510620866051631,LLTR+,1,0.19210962343278534,1.8018518975843056e-05,0.05979311444508431,-0.06508819014154046,0.06508819014154046,0
0.01,0.0002,23.61512791991101,0.04234573716439002,0.19185854189735904,0.12923644802071693,23,2.104219576359867e-15,0.0,LL0,0,0.13211549693829489,-0.05974304495906416,LLTR+,1,0.19187152065193264,1.2978754573594875e-05,LL+,1,0.2566038440341678,0.06474530213680876,LLTR+,1,0.19187152065193264,1.2978754573594875e-05,0.05975602371363775,-0.06473232338223517,0.06473232338223517,0
0.01,0.0002,23.715239154616242,0.04216697936210131,0.1916273454922373,0.129136790545941,23,5.412337245047638e-16,0.0,LL0,0,0.13191618198874297,-0.05971116350349434,LLTR+,1,0.19163528859844292,7.943106205610118e-06,LL+,1,0.2560149558271282,0.06438761033489088,LLTR+,1,0.19163528859844292,7.943106205610118e-06,0.05971910660969995,-0.06437966722868527,0.06437966722868527,0
0.01,0.0002,23.81535038932147,0.04198972442783746,0.19139799455736084,0.1290379709200889,23,-7.618905506490137e-15,0.0,LL0,0,0.13171854273703876,-0.05967945182032208,LLTR+,1,0.191400904531485,2.909974124165604e-06,LL+,1,0.25543108475231147,0.06403309019495063,LLTR+,1,0.191400904531485,2.909974124165604e-06,0.05968236179444625,-0.06403018022082646,0.06403018022082646,0
0.01,0.0002,23.915461624026698,0.041813953488372094,0.19117046831983125,0.12893997862133694,23,8.798517470154366e-15,0.0,LLTR+,1,0.19116834608319325,-2.122236638008035e-06,LL+,1,0.2548521676839404,0.06368169936410917,LL+,1,0.2548521676839404,0.06368169936410917,LLTR+,1,0.19116834608319325,-2.122236638008035e-06,0.06368382160074718,-0.06368382160074718,0.06368382160074718,0
0.01,0.0002,24.015572858731925,0.04163964798517832,0.19094474637027933,0.12884280330330644,25,6.333475410791323e-15,0.0,LLTR+,1,0.19093759125099125,-7.1551192880880965e-06,LL+,1,0.2542781425489484,0.0633333961786691,LL+,1,0.2542781425489484,0.0633333961786691,LLTR+,1,0.19093759125099125,-7.1551192880880965e-06,0.06334055129795718,-0.06334055129795718,0.06334055129795718,0
0.01,0.0002,24.115684093437153,0.04146678966789668,0.19072080865828422,0.1287464347914219,25,-1.1388685133839616e-12,0.0,LLTR+,1,0.1907086183901052,-1.2190268179029795e-05,LL+,1,0.25370894830512947,0.06298813964684524,LL+,1,0.25370894830512947,0.06298813964684524,LLTR+,1,0.1907086183901052,-1.2190268179029795e-05,0.06300032991502427,-0.06300032991502427,0.06300032991502427,0
0.01,0.0002,24.21579532814238,0.04129536058796509,0.19049863548878204,0.12865086307936005,25,-5.209201126010754e-14,0.0,LLTR+,1,0.1904814062062613,-1.7229282520736522e-05,LL+,1,0.25314452491982975,0.06264588943104771,LL+,1,0.25314452491982975,0.06264588943104771,LLTR+,1,0.1904814062062613,-1.7229282520736522e-05,0.06266311871356844,-0.06266311871356844,0.06266311871356844,0
0.01,0.0002,24.31590656284761,0.04112534309240622,0.19027820751527103,0.12855607832558597,25,-1.1210891590063277e-11,0.0,LLTR+,1,0.19025593374856226,-2.2273766708769127e-05,LL+,1,0.25258481334916677,0.062306605833895745,LL+,1,0.25258481334916677,0.062306605833895745,LLTR+,1,0.19025593374856226,-2.2273766708769127e-05,0.062328879600604514,-0.062328879600604514,0.062328879600604514,0
0.01,0.0002,24.416017797552836,0.040956719817767655,0.19005950574413605,0.12846207084997496,25,-7.489321662834669e-14,0.0,LLTR+,1,0.1900321804025375,-2.7325341598549713e-05,LL+,1,0.2520297555177584,0.061970249773622366,LL+,1,0.2520297555177584,0.061970249773622366,LLTR+,1,0.1900321804025375,-2.7325341598549713e-05,0.061997575115220915,-0.061997575115220915,0.061997575115220915,0
0.01,0.0002,24.516129032258064,0.04078947368421053,0.18984251151668086,0.1283688311305169,25,2.168404344971009e-15,0.0,LLTR+,1,0.18981012588336227,-3.23856333185879e-05,LL+,1,0.25147929429894944,0.061636782782268584,LL+,1,0.25147929429894944,0.061636782782268584,LLTR+,1,0.18981012588336227,-3.23856333185879e-05,0.06166916841558717,-0.06166916841558717,0.06166916841558717,0
0.01,0.0002,24.616240266963295,0.04062358788974243,0.1896272065194829,0.12827634980010091,25,6.634276461525701e-14,0.0,LLTR+,1,0.18958975022924085,-3.745629024204389e-05,LL+,1,0.25093337349552036,0.06130616697603747,LL+,1,0.25093337349552036,0.06130616697603747,LLTR+,1,0.18958975022924085,-3.745629024204389e-05,0.06134362326627951,-0.06134362326627951,0.06134362326627951,0
0.01,0.0002,24.71635150166852,0.040459045904590464,0.1894135727748376,0.12818461764337868,25,3.3991837122826496e-12,0.0,LLTR+,1,0.18937103379494932,-4.253897988829025e-05,LL+,1,0.2503919378208649,0.06097836504602727,LL+,1,0.2503919378208649,0.06097836504602727,LLTR+,1,0.18937103379494932,-4.253897988829025e-05,0.06102090402591556,-0.06102090402591556,0.06102090402591556,0
0.01,0.0002,24.81646273637375,0.04029583146571044,0.18920159263785785,0.12809362559370308,25,5.878297848482816e-12,0.0,LLTR+,1,0.18915395724553302,-4.7635392324829606e-05,LL+,1,0.24985493288062305,0.0606533402427652,LL+,1,0.24985493288062305,0.0606533402427652,LLTR+,1,0.18915395724553302,-4.7635392324829606e-05,0.060700975635090026,-0.060700975635090026,0.060700975635090026,0
0.01,0.0002,24.916573971078975,0.04013392857142858,0.188991248794367,0.12800336473014096,25,4.964795935480382e-13,0.0,LLTR+,1,0.18893850155015507,-5.274724421192034e-05,LL+,1,0.24932230515475748,0.06033105636039049,LL+,1,0.24932230515475748,0.06033105636039049,LLTR+,1,0.18893850155015507,-5.274724421192034e-05,0.06038380360460241,-0.06038380360460241,0.06038380360460241,0
0.01,0.0002,25.016685205784206,0.039973321476211646,0.1887825242590183,0.1279138262745575,25,-1.870697693973078e-11,0.0,LLTR+,1,0.18872464797609098,-5.7876282927304956e-05,LL+,1,0.24879400198005933,0.06001147772104104,LL+,1,0.24879400198005933,0.06001147772104104,LLTR+,1,0.18872464797609098,-5.7876282927304956e-05,0.060069354003968345,-0.060069354003968345,0.060069354003968345,0
0.01,0.0002,25.116796440489434,0.039813994685562445,0.18857540238055512,0.12782500158877058,25,6.071532165918825e-16,0.0,LLTR+,1,0.18851237808286594,-6.302429768917372e-05,LL+,1,0.24826997153307317,0.05969456915251806,LL+,1,0.24826997153307317,0.05969456915251806,LLTR+,1,0.18851237808286594,-6.302429768917372e-05,0.05975759345020723,-0.05975759345020723,0.05975759345020723,0
0.01,0.0002,25.216907675194662,0.03965593295103661,0.1883698668187614,0.12773688217177243,25,5.328636837331757e-13,0.0,LLTR+,1,0.18830167371653034,-6.819310223105113e-05,LL+,1,0.2477501628134282,0.05938029599466682,LL+,1,0.2477501628134282,0.05938029599466682,LLTR+,1,0.18830167371653034,-6.819310223105113e-05,0.05944848909689787,-0.05944848909689787,0.05944848909689787,0
0.01,0.0002,25.31701890989989,0.03949912126537786,0.18816590157036625,0.12764945965701766,25,3.103078211053045e-11,0.0,LLTR+,1,0.18809251700407012,-7.338456629613077e-05,LL+,1,0.24723452562756545,0.059068624057199204,LL+,1,0.24723452562756545,0.059068624057199204,LLTR+,1,0.18809251700407012,-7.338456629613077e-05,0.059142008623495335,-0.059142008623495335,0.059142008623495335,0
0.01,0.0002,25.417130144605117,0.03934354485776805,0.18796349093596953,0.12756272580977518,25,-1.5883249576686964e-12,0.0,LLTR+,1,0.18788489034794795,-7.860058802158787e-05,LL+,1,0.2467230105728487,0.05875951963687917,LL+,1,0.2467230105728487,0.05875951963687917,LLTR+,1,0.18788489034794795,-7.860058802158787e-05,0.05883812022490076,-0.05883812022490076,0.05883812022490076,0
0.01,0.0002,25.517241379310345,0.03918918918918919,0.18776261956503273,0.12747667252454248,25,1.5566955710588637e-11,0.0,LLTR+,1,0.18767877642077188,-8.384314426085338e-05,LL+,1,0.2462155690220505,0.05845294945701776,LL+,1,0.2462155690220505,0.05845294945701776,LLTR+,1,0.18767877642077188,-8.384314426085338e-05,0.058536792601278614,-0.058536792601278614,0.058536792601278614,0
0.01,0.0002,25.617352614015573,0.03903603994789405,0.1875632724035972,0.12739129182252046,25,7.570707949433597e-12,0.0,LLTR+,1,0.1874741581600879,-8.911424350929731e-05,LL+,1,0.24571215310820085,0.05814888070460367,LL+,1,0.24571215310820085,0.05814888070460367,LLTR+,1,0.1874741581600879,-8.911424350929731e-05,0.058237994948112964,-0.058237994948112964,0.058237994948112964,0
0.01,0.0002,25.717463848720804,0.03888408304498269,0.18736543473262857,0.12730657584914734,25,-8.847089727481716e-17,0.0,LLTR+,1,0.18727101876329283,-9.441596933573715e-05,LL+,1,0.24521271570979072,0.05784728097716216,LL+,1,0.24521271570979072,0.05784728097716216,LLTR+,1,0.18727101876329283,-9.441596933573715e-05,0.057941696946497895,-0.057941696946497895,0.057941696946497895,0
0.01,0.0002,25.81757508342603,0.03873330461008186,0.18716909215288474,0.12722251687169014,25,2.787700625894729e-15,0.0,LLTR+,1,0.18706934168266512,-9.97504702196228e-05,LL+,1,0.24471721043631914,0.057548118283434396,LL+,1,0.24471721043631914,0.057548118283434396,LLTR+,1,0.18706934168266512,-9.97504702196228e-05,0.05764786875365402,-0.05764786875365402,0.05764786875365402,0
0.01,0.0002,25.91768631813126,0.03858369098712446,0.1869742305864395,0.1271391072768914,25,-3.226585665316861e-16,0.0,LLTR+,1,0.18686911062050898,-0.00010511996593051687,LL+,1,0.24422559161417548,0.05725136102773598,LL+,1,0.24422559161417548,0.05725136102773598,LLTR+,1,0.18686911062050898,-0.00010511996593051687,0.0573564809936665,-0.0573564809936665,0.0573564809936665,0
0.01,0.0002,26.017797552836484,0.038435228730226596,0.18678083628139683,0.12705633956867085,27,1.259409243559162e-15,0.0,LLTR+,1,0.1866703095244103,-0.0001105267569865287,LL+,1,0.24373781427284777,0.05695697799145094,LL+,1,0.24373781427284777,0.05695697799145094,LLTR+,1,0.1866703095244103,-0.0001105267569865287,0.05706750474843747,-0.05706750474843747,0.05706750474843747,0
0.01,0.0002,26.117908787541715,0.03828790459965928,0.18658889581436483,0.12697420636587956,27,8.645957214059585e-12,0.0,LLTR+,1,0.18647292258260031,-0.00011597323176451568,LL+,1,0.24325383413144797,0.056664938317083136,LL+,1,0.24325383413144797,0.056664938317083136,LLTR+,1,0.18647292258260031,-0.00011597323176451568,0.05678091154884765,-0.05678091154884765,0.05678091154884765,0
0.01,0.0002,26.218020022246943,0.038141705557912596,0.18639839608721315,0.12689270040010578,27,7.297981663434427e-15,0.0,LLTR+,1,0.18627693421942482,-0.00012146186778833057,LL+,1,0.24277360758554636,0.056375211498333216,LL+,1,0.24277360758554636,0.056375211498333216,LLTR+,1,0.18627693421942482,-0.00012146186778833057,0.05649667336612155,-0.05649667336612155,0.05649667336612155,0
0.01,0.0002,26.31813125695217,0.03799661876584953,0.18620932434492693,0.12681181451353063,27,1.3035399148986215e-11,0.0,LLTR+,1,0.1860823290909155,-0.00012699525401144163,LL+,1,0.2422970916943057,0.05608776734937876,LL+,1,0.2422970916943057,0.05608776734937876,LLTR+,1,0.1860823290909155,-0.00012699525401144163,0.0562147626033902,-0.0562147626033902,0.0562147626033902,0
0.01,0.0002,26.4182424916574,0.03785263157894737,0.18602166815822418,0.12673154165683265,27,3.8779396360766327e-13,0.0,LLTR+,1,0.18588909208046134,-0.00013257607776284708,LL+,1,0.24182424416790868,0.055802576009684496,LL+,1,0.24182424416790868,0.055802576009684496,LLTR+,1,0.18588909208046134,-0.00013257607776284708,0.05593515208744734,-0.05593515208744734,0.05593515208744734,0
0.01,0.0002,26.518353726362626,0.037709731543624156,0.18583541545379603,0.12665187488713997,27,5.119793478058909e-13,0.0,LLTR+,1,0.18569720829457714,-0.00013820715921888937,LL+,1,0.24135502335526957,0.05551960790147353,LL+,1,0.24135502335526957,0.05551960790147353,LLTR+,1,0.18569720829457714,-0.00013820715921888937,0.05565781506069242,-0.05565781506069242,0.05565781506069242,0
0.01,0.0002,26.618464961067854,0.03756790639364814,0.18565055450039425,0.12657280736602833,27,-1.6603558805616814e-13,0.0,LLTR+,1,0.18550666305876654,-0.00014389144162771372,LL+,1,0.24088938823202363,0.05523883373162938,LL+,1,0.24088938823202363,0.05523883373162938,LLTR+,1,0.18550666305876654,-0.00014389144162771372,0.0553827251732571,-0.0553827251732571,0.0553827251732571,0
0.01,0.0002,26.718576195773082,0.03742714404662781,0.18546707392590162,0.12649433235756452,27,-3.8163916471489756e-17,0.0,LLTR+,1,0.1853174419134772,-0.0001496320124244055,LL+,1,0.24042729838878604,0.05496022446288443,LL+,1,0.24042729838878604,0.05496022446288443,LLTR+,1,0.1853174419134772,-0.0001496320124244055,0.05510985647530883,-0.05510985647530883,0.05510985647530883,0
0.01,0.0002,26.81868743047831,0.03728743260058067,0.185284962723078,0.12641644322639323,27,4.3038489438984584e-15,0.0,LLTR+,1,0.18512953061014586,-0.00015543211293214676,LL+,1,0.2399687140196742,0.054683751296596195,LL+,1,0.2399687140196742,0.054683751296596195,LLTR+,1,0.18512953061014586,-0.00015543211293214676,0.05483918340952834,-0.05483918340952834,0.05483918340952834,0
0.01,0.0002,26.918798665183537,0.03714876033057851,0.18510421025979815,0.12633913343586703,27,-6.626643678231403e-16,0.0,LLTR+,1,0.1849429151073307,-0.0001612951524674333,LL+,1,0.2395135959110861,0.054409385651287945,LL+,1,0.2395135959110861,0.054409385651287945,LLTR+,1,0.1849429151073307,-0.0001612951524674333,0.05457068080375538,-0.05457068080375538,0.05457068080375538,0
0.01,0.0002,27.018909899888765,0.03701111568546727,0.1849248062899354,0.12626239654621751,27,-7.415595915105655e-14,0.0,LLTR+,1,0.184757581566929,-0.00016722472300639835,LL+,1,0.23906190543072767,0.05413709914079226,LL+,1,0.23906190543072767,0.05413709914079226,LLTR+,1,0.184757581566929,-0.00016722472300639835,0.05430432386379866,-0.05430432386379866,0.05430432386379866,0
0.01,0.0002,27.119021134593993,0.03687448728465956,0.18474674096612817,0.1261862262127672,27,-4.704570066849101e-15,0.0,LLTR+,1,0.1845735163504776,-0.0001732246156505579,LL+,1,0.23861360451688385,0.05386686355075568,LL+,1,0.23861360451688385,0.05386686355075568,LLTR+,1,0.1845735163504776,-0.0001732246156505579,0.054040088166406236,-0.054040088166406236,0.054040088166406236,0
0.01,0.0002,27.21913236929922,0.036738863914997956,0.18457000485791056,0.12611061618418087,27,2.260700307510355e-11,0.0,LLTR+,1,0.18439070601553453,-0.00017929884237602445,LL+,1,0.23816865566792608,0.053598650810015525,LL+,1,0.23816865566792608,0.053598650810015525,LLTR+,1,0.18439070601553453,-0.00017929884237602445,0.05377794965239155,-0.05377794965239155,0.05377794965239155,0
0.01,0.0002,27.319243604004452,0.036604234527687296,0.18439458895019917,0.1260355603007552,27,3.891076696960205e-12,0.0,LLTR+,1,0.18420913731213906,-0.0001854516380601079,LL+,1,0.23772702193205045,0.05333243298185128,LL+,1,0.23772702193205045,0.05333243298185128,LLTR+,1,0.18420913731213906,-0.0001854516380601079,0.05351788461991139,-0.05351788461991139,0.05351788461991139,0
0.01,0.0002,27.41935483870968,0.036470588235294116,0.1842204846963137,0.12596105249274597,27,8.604228440844963e-16,0.0,LLTR+,1,0.18402879717934897,-0.00019168751696471698,LL+,1,0.23728866689724068,0.05306818220092699,LL+,1,0.23728866689724068,0.05306818220092699,LLTR+,1,0.18402879717934897,-0.00019168751696471698,0.053259869717891706,-0.053259869717891706,0.053259869717891706,0
0.01,0.0002,27.519466073414907,0.03633791430881164,0.18404768400836086,0.125887086778732,27,-8.862702238765507e-15,0.0,LLTR+,1,0.18384967274185243,-0.00019801126650842438,LL+,1,0.23685355468145028,0.05280587067308942,LL+,1,0.23685355468145028,0.05280587067308942,LLTR+,1,0.18384967274185243,-0.00019801126650842438,0.05300388193959785,-0.05300388193959785,0.05300388193959785,0
0.01,0.0002,27.619577308120135,0.03620620217478856,0.18387617929377012,0.1258136572640141,27,9.26342336171615e-16,0.0,LLTR+,1,0.18367175130665275,-0.0002044279871173671,LL+,1,0.23642164992299794,0.05254547062922782,LL+,1,0.23642164992299794,0.05254547062922782,LLTR+,1,0.18367175130665275,-0.0002044279871173671,0.05274989861634519,-0.05274989861634519,0.05274989861634519,0
0.01,0.0002,27.719688542825363,0.03607544141252006,0.18370596348265655,0.12574075813904945,27,9.786529225896956e-13,0.0,LLTR+,1,0.18349502035982473,-0.00021094312283181926,LL+,1,0.23599291777117168,0.052286954288515125,LL+,1,0.23599291777117168,0.052286954288515125,LLTR+,1,0.18349502035982473,-0.00021094312283181926,0.052497897411346944,-0.052497897411346944,0.052497897411346944,0
0.01,0.0002,27.81979977753059,0.03594562175129948,0.18353703005780822,0.12566838367791897,27,1.887379141862766e-14,0.0,LLTR+,1,0.18331946756333978,-0.0002175624944684429,LL+,1,0.23556732387703497,0.05203029381922675,LL+,1,0.23556732387703497,0.05203029381922675,LLTR+,1,0.18331946756333978,-0.0002175624944684429,0.05224785631369519,-0.05224785631369519,0.05224785631369519,0
0.01,0.0002,27.91991101223582,0.03581673306772908,0.1833693730923788,0.1255965282368285,27,6.345098058080367e-14,0.0,LLTR+,1,0.18314508075195915,-0.00022429234041965174,LL+,1,0.23514483438443132,0.051775461292052516,LL+,1,0.23514483438443132,0.051775461292052516,LLTR+,1,0.18314508075195915,-0.00022429234041965174,0.05199975363247217,-0.05199975363247217,0.05199975363247217,0
0.01,0.0002,28.020022246941046,0.035688765383088523,0.18320298728916845,0.12552518625264136,29,3.281055982462533e-13,0.0,LLTR+,1,0.1829718479301929,-0.00023113935897556281,LL+,1,0.23472541592118154,0.05152242863201309,LL+,1,0.23472541592118154,0.05152242863201309,LLTR+,1,0.1829718479301929,-0.00023113935897556281,0.05175356799098865,-0.05175356799098865,0.05175356799098865,0
0.01,0.0002,28.120133481646274,0.035561708860759496,0.18303786802815497,0.1254543522414429,29,-2.039288876654055e-13,0.0,LLTR+,1,0.18279975726932318,-0.00023811075883178878,LL+,1,0.23430903559046887,0.051271167562313896,LL+,1,0.23430903559046887,0.051271167562313896,LLTR+,1,0.18279975726932318,-0.00023811075883178878,0.051509278321145685,-0.051509278321145685,0.051509278321145685,0
0.01,0.0002,28.220244716351502,0.035435553803705166,0.18287401142081908,0.12538402079713512,29,2.0733414984874798e-14,0.0,LLTR+,1,0.18262879710449037,-0.00024521431632870683,LL+,1,0.23389566096240763,0.051021649541588554,LL+,1,0.23389566096240763,0.051021649541588554,LLTR+,1,0.18262879710449037,-0.00024521431632870683,0.05126686385791726,-0.05126686385791726,0.05126686385791726,0
0.01,0.0002,28.32035595105673,0.03531029065200314,0.18271141437091057,0.12531418659006127,29,2.120005559991256e-14,0.0,LLTR+,1,0.1824589559318403,-0.00025245843907026333,LL+,1,0.23348526006579054,0.05077384569487997,LL+,1,0.23348526006579054,0.05077384569487997,LLTR+,1,0.1824589559318403,-0.00025245843907026333,0.051026304133950234,-0.051026304133950234,0.051026304133950234,0
0.01,0.0002,28.420467185761957,0.03518590998043053,0.1825500746463196,0.12524484436565952,29,1.682681771697503e-14,0.0,LLTR+,1,0.18229022240573117,-0.00025985224058841516,LL+,1,0.2330778013800108,0.050527726733691214,LL+,1,0.2330778013800108,0.050527726733691214,LLTR+,1,0.18229022240573117,-0.00025985224058841516,0.05078757897427963,-0.05078757897427963,0.05078757897427963,0
0.01,0.0002,28.520578420467185,0.03506240249609985,0.18238999096543565,0.1251759889431452,29,2.0489608273943638e-11,0.0,LLTR+,1,0.1821225853359988,-0.0002674056294368621,LL+,1,0.2326732538271537,0.05028326286171805,LL+,1,0.2326732538271537,0.05028326286171805,LLTR+,1,0.1821225853359988,-0.0002674056294368621,0.050550668491154915,-0.050550668491154915,0.050550668491154915,0
0.01,0.0002,28.620689655172416,0.034939759036144574,0.18223116307061804,0.1251076152142201,29,2.045570310360567e-12,0.0,LLTR+,1,0.18195603368527843,-0.0002751293853396064,LL+,1,0.2322715867642549,0.05004042369363687,LL+,1,0.2322715867642549,0.05004042369363687,LLTR+,1,0.18195603368527843,-0.0002751293853396064,0.05031555307897648,-0.05031555307897648,0.05031555307897648,0
0.01,0.0002,28.720800889877644,0.03481797056545313,0.18207359187765365,0.12503971814180964,29,-1.571970852098925e-11,0.0,LLTR+,1,0.18179055656638263,-0.00028303531127102377,LL+,1,0.23187276997572012,0.04979917809806647,LL+,1,0.23187276997572012,0.04979917809806647,LLTR+,1,0.18179055656638263,-0.00028303531127102377,0.050082213409337495,-0.050082213409337495,0.050082213409337495,0
0.01,0.0002,28.820912124582872,0.034697028174450015,0.1819172795832454,0.12497229275882539,29,2.8527527562438593e-13,0.0,LLTR+,1,0.18162614323973233,-0.0002911363435130765,LL+,1,0.2314767736659028,0.04955949408265739,LL+,1,0.2314767736659028,0.04955949408265739,LLTR+,1,0.18162614323973233,-0.0002911363435130765,0.04985063042617047,-0.04985063042617047,0.04985063042617047,0
0.01,0.0002,28.9210233592881,0.034576923076923075,0.18176222979772422,0.12490533416695412,29,-1.2494467266366271e-12,0.0,LLTR+,1,0.18146278311084157,-0.00029944668688264287,LL+,1,0.23108356845183645,0.04932133865411223,LL+,1,0.23108356845183645,0.04932133865411223,LLTR+,1,0.18146278311084157,-0.00029944668688264287,0.04962078534099487,-0.04962078534099487,0.04962078534099487,0
0.01,0.0002,29.021134593993327,0.03445764660789574,0.18160844775993365,0.12483883753547138,29,1.1589861015348646e-13,0.0,LLTR+,1,0.18130046572785313,-0.0003079820320805171,LL+,1,0.23069312535611666,0.04908467759618301,LL+,1,0.23069312535611666,0.04908467759618301,LLTR+,1,0.18130046572785313,-0.0003079820320805171,0.04939265962826353,-0.04939265962826353,0.04939265962826353,0
0.01,0.0002,29.121245828698555,0.034339190221543164,0.18145594052774122,0.12477279810007982,29,4.6657695068619276e-12,0.0,LLTR+,1,0.18113918077912497,-0.0003167597486162521,LL+,1,0.23030541579993058,0.04884947527218936,LL+,1,0.23030541579993058,0.04884947527218936,LLTR+,1,0.18113918077912497,-0.0003167597486162521,0.04916623502080561,-0.04916623502080561,0.04916623502080561,0
0.01,0.0002,29.221357063403783,0.03422154548915112,0.18130471723126446,0.12470721116177126,29,9.818534874028728e-16,0.0,LLTR+,1,0.18097891809086536,-0.00032579914039909674,LL+,1,0.22992041159622917,0.04861569436496471,LL+,1,0.22992041159622917,0.04861569436496471,LLTR+,1,0.18097891809086536,-0.00032579914039909674,0.04894149350536381,-0.04894149350536381,0.04894149350536381,0
0.01,0.0002,29.32146829810901,0.03410470409711684,0.1811547893848684,0.12464207208571215,29,1.349614864309956e-15,0.0,LLTR+,1,0.18081966762481622,-0.00033512176005218164,LL+,1,0.22953808494303976,0.04838329555817136,LL+,1,0.22953808494303976,0.04838329555817136,LLTR+,1,0.18081966762481622,-0.00033512176005218164,0.048718417318223545,-0.048718417318223545,0.048718417318223545,0
0.01,0.0002,29.42157953281424,0.03398865784499055,0.18100617123981327,0.12457737630015174,29,1.867348289885662e-12,0.0,LLTR+,1,0.18066141947598324,-0.00034475176383003125,LL+,1,0.22915840841691493,0.04815223717710165,LL+,1,0.22915840841691493,0.04815223717710165,LLTR+,1,0.18066141947598324,-0.00034475176383003125,0.048496988940931685,-0.048496988940931685,0.048496988940931685,0
0.01,0.0002,29.521690767519466,0.033873398643556894,0.18085888022895594,0.12451311929535247,29,-3.5445257839938904e-13,0.0,LLTR+,1,0.18050416387041146,-0.0003547163585444768,LL+,1,0.22878135496651444,0.04792247473755851,LL+,1,0.22878135496651444,0.04792247473755851,LLTR+,1,0.18050416387041146,-0.0003547163585444768,0.048277191096102984,-0.048277191096102984,0.048277191096102984,0
0.01,0.0002,29.621802002224694,0.033758918512955316,0.18071293751101586,0.12444929662254209,29,-1.015569572881958e-12,0.0,LLTR+,1,0.18034789116300598,-0.0003650463480098787,LL+,1,0.22840689790631782,0.047693960395301965,LL+,1,0.22840689790631782,0.047693960395301965,LLTR+,1,0.18034789116300598,-0.0003650463480098787,0.048059006743311844,-0.048059006743311844,0.048059006743311844,0
0.01,0.0002,29.72191323692992,0.033645209580838324,0.18056836863141715,0.12438590389288687,29,2.2551405187698492e-17,0.0,LLTR+,1,0.1801925918353956,-0.00037577679602154856,LL+,1,0.2280350109104636,0.047466642279046456,LL+,1,0.2280350109104636,0.047466642279046456,LLTR+,1,0.1801925918353956,-0.00037577679602154856,0.047842419075068005,-0.047842419075068005,0.047842419075068005,0
0.01,0.0002,29.82202447163515,0.033532264080566955,0.18042520435110854,0.12432293677648559,29,1.272419669628988e-14,0.0,LLTR+,1,0.1800382564938397,-0.00038694785726883785,LL+,1,0.22766566800671276,0.04724046365560422,LL+,1,0.22766566800671276,0.04724046365560422,LLTR+,1,0.1800382564938397,-0.00038694785726883785,0.04762741151287306,-0.04762741151287306,0.04762741151287306,0
0.01,0.0002,29.92213570634038,0.03342007434944238,0.1802834816879496,0.12426039100138364,29,-3.785242952414336e-12,0.0,LLTR+,1,0.1798848758671761,-0.00039860582077350104,LL+,1,0.22729884357053345,0.047015361882583845,LL+,1,0.22729884357053345,0.047015361882583845,LLTR+,1,0.1798848758671761,-0.00039860582077350104,0.047413967703357346,-0.047413967703357346,0.047413967703357346,0
0.01,0.0002,30.02224694104561,0.03330863282697295,0.18014324524388484,0.12419826235260693,31,9.964772063053573e-14,0.0,LLTR+,1,0.1797324408048101,-0.00041080443907473563,LL+,1,0.22693451231930392,0.046791267075419085,LL+,1,0.22693451231930392,0.046791267075419085,LLTR+,1,0.1797324408048101,-0.00041080443907473563,0.04720207151449382,-0.04720207151449382,0.04720207151449382,0
0.01,0.0002,30.122358175750836,0.033197932053175776,0.18000454889243417,0.124136546671215,31,4.365672753858796e-12,0.0,LLTR+,1,0.1795809422747427,-0.00042360661769147434,LL+,1,0.2265726493066311,0.04656810041419693,LL+,1,0.2265726493066311,0.04656810041419693,LLTR+,1,0.1795809422747427,-0.00042360661769147434,0.0469917070318884,-0.0469917070318884,0.0469917070318884,0
0.01,0.0002,30.222469410456064,0.03308796466691203,0.17986745799734233,0.12407523985337296,31,-2.0452389781766556e-15,0.0,LLTR+,1,0.17943037136163795,-0.0004370866357043812,LL+,1,0.22621322991678197,0.04634577191943964,LL+,1,0.22621322991678197,0.04634577191943964,LLTR+,1,0.17943037136163795,-0.0004370866357043812,0.046782858555144025,-0.046782858555144025,0.046782858555144025,0
0.01,0.0002,30.322580645161292,0.03297872340425532,0.17973205234891512,0.12401433784944185,31,-1.214306433183765e-17,0.0,LLTR+,1,0.1792807192649279,-0.00045133308398723204,LL+,1,0.22585622985922574,0.046124177510310616,LL+,1,0.22585622985922574,0.046124177510310616,LLTR+,1,0.1792807192649279,-0.00045133308398723204,0.04657551059429785,-0.04657551059429785,0.04657551059429785,0
0.01,0.0002,30.42269187986652,0.032870201096892135,0.17959843008121035,0.12395383666308687,31,-7.849103311752259e-13,0.0,LLTR+,1,0.1791319772969548,-0.0004664527842555555,LL+,1,0.2255016251632829,0.04590319508207255,LL+,1,0.2255016251632829,0.04590319508207255,LLTR+,1,0.1791319772969548,-0.0004664527842555555,0.046369647866328106,-0.046369647866328106,0.046369647866328106,0
0.01,0.0002,30.522803114571747,0.032762390670553934,0.17946671306936948,0.12389373235040332,31,-1.8388068845354155e-16,0.0,LLTR+,1,0.1789841368811494,-0.00048257618822009074,LL+,1,0.22514939217288046,0.04568267910351098,LL+,1,0.22514939217288046,0.04568267910351098,LLTR+,1,0.1789841368811494,-0.00048257618822009074,0.04616525529173107,-0.04616525529173107,0.04616525529173107,0
0.01,0.0002,30.622914349276975,0.03265528514347984,0.17933705446076442,0.12383402101905952,31,7.370146160035063e-14,0.0,LLTR+,1,0.17883718955024436,-0.0004998649105200648,LL+,1,0.2247995075414094,0.04546245308064498,LL+,1,0.2247995075414094,0.04546245308064498,LLTR+,1,0.17883718955024436,-0.0004998649105200648,0.04596231799116504,-0.04596231799116504,0.04596231799116504,0
0.01,0.0002,30.723025583982203,0.03254887762490948,0.17920964948370988,0.12377469882745654,31,-3.74873743158588e-15,0.0,LLTR+,1,0.17869112694452266,-0.0005185225391872161,LL+,1,0.22445194822668318,0.04524229874297331,LL+,1,0.22445194822668318,0.04524229874297331,LLTR+,1,0.17869112694452266,-0.0005185225391872161,0.045760821282160524,-0.045760821282160524,0.045760821282160524,0
0.01,0.0002,30.82313681868743,0.032443161313605196,0.17908475138346722,0.12371576198390441,31,3.219646771412954e-15,0.0,LLTR+,1,0.17854594081009936,-0.0005388105733678539,LL+,1,0.22410669148599413,0.045021940102526914,LL+,1,0.22410669148599413,0.045021940102526914,LLTR+,1,0.17854594081009936,-0.0005388105733678539,0.04556075067589477,-0.04556075067589477,0.04556075067589477,0
0.01,0.0002,30.92324805339266,0.03233812949640288,0.17896269572651957,0.12365720674581411,31,1.5785983631388945e-16,0.0,LLTR+,1,0.1784016229972365,-0.0005610727292830742,LL+,1,0.22376371487126595,0.04480101914474638,LL+,1,0.22376371487126595,0.04480101914474638,LLTR+,1,0.1784016229972365,-0.0005610727292830742,0.04536209187402945,-0.04536209187402945,0.04536209187402945,0
0.01,0.0002,31.023359288097886,0.032233775546790966,0.17884393896732814,0.12359902941890547,31,1.643477021140427e-14,0.0,LLTR+,1,0.17825816545869047,-0.0005857735086376714,LL+,1,0.2234229962243001,0.04457905725697195,LL+,1,0.2234229962243001,0.04457905725697195,LLTR+,1,0.17825816545869047,-0.0005857735086376714,0.04516483076560962,-0.04516483076560962,0.04516483076560962,0
0.01,0.0002,31.123470522803114,0.0321300929235168,0.17872912267091826,0.12354122635643013,31,3.9881292712706795e-15,0.0,LLTR+,1,0.17811556024809053,-0.0006135624228277292,LL+,1,0.22308451367211396,0.044355391001195704,LL+,1,0.22308451367211396,0.044355391001195704,LLTR+,1,0.17811556024809053,-0.0006135624228277292,0.04496895342402343,-0.04496895342402343,0.04496895342402343,0
0.01,0.0002,31.223581757508345,0.03202707516921981,0.17861918706482655,0.12348379395840955,31,3.9840873655716535e-12,0.0,LLTR+,1,0.17797379951834857,-0.0006453875464779713,LL+,1,0.2227482456223687,0.04412905855754215,LL+,1,0.2227482456223687,0.04412905855754215,LLTR+,1,0.17797379951834857,-0.0006453875464779713,0.04477444610402012,-0.04477444610402012,0.04477444610402012,0
0.01,0.0002,31.323692992213573,0.031924715909090906,0.17851558774216925,0.12342672867088769,31,6.813282577011748e-13,0.0,LLTR+,1,0.17783287552009883,-0.0006827122220704196,LL+,1,0.22241417075888467,0.043898583016715426,LL+,1,0.22241417075888467,0.043898583016715426,LLTR+,1,0.17783287552009883,-0.0006827122220704196,0.044581295238785845,-0.044581295238785845,0.044581295238785845,0
0.01,0.0002,31.4238042269188,0.03182300884955752,0.17842075363013687,0.12337002698519783,31,-2.7755575615628914e-16,0.0,LLTR+,1,0.177692780600167,-0.0007279730299698806,LL+,1,0.2220822680372426,0.04366151440710572,LL+,1,0.2220822680372426,0.04366151440710572,LLTR+,1,0.177692780600167,-0.0007279730299698806,0.0443894874370756,-0.0443894874370756,0.0443894874370756,0
0.01,0.0002,31.52391546162403,0.03172194777699364,0.17833920316812557,0.12331368543724347,31,-9.503665215904178e-13,0.0,LLTR+,1,0.17755350720006843,-0.0007856959680571374,LL+,1,0.2217525166804685,0.04341331351234293,LL+,1,0.2217525166804685,0.04341331351234293,LLTR+,1,0.17755350720006843,-0.0007856959680571374,0.044199009480400064,-0.044199009480400064,0.044199009480400064,0
0.01,0.0002,31.624026696329256,0.03162152655645445,0.1782809327514574,0.12325770060679286,31,1.0635069214171011e-13,0.0,LLTR+,1,0.17741504785453446,-0.000865884896922936,LL+,1,0.22142489617480096,0.04314396342334356,LL+,1,0.22142489617480096,0.04314396342334356,LLTR+,1,0.17741504785453446,-0.000865884896922936,0.0440098483202665,-0.0440098483202665,0.0440098483202665,0
0.01,0.0002,31.724137931034484,0.03152173913043478,0.17827677113398283,0.1232020691167869,31,7.979727989493313e-16,0.0,LLTR+,1,0.17727739519006608,-0.0009993759439167471,LL+,1,0.2210993862655379,0.04282261513155508,LL+,1,0.2210993862655379,0.04282261513155508,LLTR+,1,0.17727739519006608,-0.0009993759439167471,0.04382199107547183,-0.04382199107547183,0.04382199107547183,0
0.01,0.0002,31.82424916573971,0.03142257951765117,0.17869387115058785,0.12314678763266004,31,-2.194945614153454e-14,0.0,LLTR+,1,0.17714054192351503,-0.001553329227072825,LL+,1,0.22077596695296223,0.042082095802374375,LL+,1,0.22077596695296223,0.042082095802374375,LLTR+,1,0.17714054192351503,-0.001553329227072825,0.0436354250294472,-0.0436354250294472,0.0436354250294472,0
0.01,0.0002,31.92436040044494,0.03132404181184669,0.2194281034444865,0.12309185286167404,31,-4.805184028455756e-16,0.0,LLTR+,1,0.17700448086069087,-0.04242362258379562,LL+,1,0.22045461848834402,0.0010265150438575343,LL+,1,0.22045461848834402,0.0010265150438575343,LLTR+,2,0.24044521255774345,0.021017109113256965,0.04345013762765315,0.01999059406939943,0.01999059406939943,1
0.01,0.0002,32.024471635150164,0.031226120180618273,0.21925579591449695,0.12303726155226419,33,-8.944667923005412e-13,0.0,LLTR+,1,0.17686920489499414,-0.04238659101950282,LL+,1,0.2201353213700176,0.0008795254555206411,LL+,1,0.2201353213700176,0.0008795254555206411,LLTR+,2,0.2401086849966627,0.02085288908216576,0.04326611647502346,0.01997336362664512,0.01997336362664512,1
0.01,0.0002,32.124582869855395,0.031128808864265927,0.21902321027133542,0.12298301049339777,33,4.70162103693994e-14,0.0,LLTR+,1,0.1767347070060748,-0.042288503265260624,LL+,1,0.21981805633953194,0.0007948460681965197,LL+,1,0.21981805633953194,0.0007948460681965197,LLTR+,2,0.23977421843443253,0.020751008163097107,0.043083349333457144,0.019956162094900587,0.019956162094900587,1
0.01,0.0002,32.224694104560626,0.031032102174663442,0.2187679249951665,0.12292909651394437,33,-6.140921104957897e-16,0.0,LLTR+,1,0.1766009802585151,-0.04216694473665142,LL+,1,0.21950280437787317,0.0007348793827066658,LL+,1,0.21950280437787317,0.0007348793827066658,LLTR+,2,0.23944179377490363,0.02067386877973712,0.042901824119358084,0.019938989397030454,0.019938989397030454,1
0.01,0.0002,32.32480533926585,0.030935994494150035,0.21850127370188388,0.12287551648205815,33,-4.654020224759137e-13,0.0,LLTR+,1,0.17646801780053697,-0.042033255901346905,LL+,1,0.2191895467017566,0.0006882729998727299,LL+,1,0.2191895467017566,0.0006882729998727299,LLTR+,2,0.2391113921579842,0.020610118456100307,0.042721528901219635,0.019921845456227577,0.019921845456227577,1
0.01,0.0002,32.42491657397108,0.030840480274442535,0.2182282130275833,0.12282226730457121,33,-1.177797442908357e-12,0.0,LLTR+,1,0.176335812862733,-0.041892400164850296,LL+,1,0.21887826475998826,0.0006500517324049548,LL+,1,0.21887826475998826,0.0006500517324049548,LLTR+,2,0.23878299495599906,0.020554781928415755,0.04254245189725525,0.0199047301960108,0.0199047301960108,1
0.01,0.0002,32.52502780867631,0.03074555403556771,0.21795135366920004,0.1227693459263985,33,1.9585028043778152e-15,0.0,LLTR+,1,0.1762043587568204,-0.041746994912379654,LL+,1,0.21856894022989282,0.0006175865606927733,LL+,1,0.21856894022989282,0.0006175865606927733,LLTR+,2,0.23845658377011567,0.020505230100915622,0.04236458147307243,0.01988764354022285,0.01988764354022285,1
0.01,0.0002,32.62513904338154,0.03065121036481418,0.21767223708748512,0.12271674932995341,33,-1.132254012770062e-14,0.0,LLTR+,1,0.17607364887441784,-0.04159858821306728,LL+,1,0.21826155501380803,0.0005893179263229131,LL+,1,0.21826155501380803,0.0005893179263229131,LLTR+,2,0.2381321404268363,0.020459903339351188,0.04218790613939019,0.019870585413028274,0.019870585413028274,1
0.01,0.0002,32.72525027808676,0.030557443915703603,0.2173918469211281,0.12266447453457427,33,1.5612511283791264e-17,0.0,LLTR+,1,0.1759436766858444,-0.04144817023528369,LL+,1,0.21795609123564275,0.0005642443145146558,LL+,1,0.21795609123564275,0.0005642443145146558,LLTR+,2,0.23780964697455415,0.020417800053426055,0.042012414549798344,0.0198535557389114,0.0198535557389114,1
0.01,0.0002,32.82536151279199,0.030464249406980684,0.21711084709155665,0.12261251859596124,33,6.100288676980092e-12,0.0,LLTR+,1,0.17581443573894026,-0.041296411352616386,LL+,1,0.21765253123749864,0.0005416841459419952,LL+,1,0.21765253123749864,0.0005416841459419952,LLTR+,2,0.23748908568017285,0.020378238588616204,0.04183809549855838,0.01983655444267421,0.01983655444267421,1
0.01,0.0002,32.925472747497224,0.030371621621621617,0.2168297050467486,0.12256087860562356,33,-1.3862105907591626e-12,0.0,LLTR+,1,0.17568591965790864,-0.04114378538883995,LL+,1,0.21735085757635306,0.0005211525296044683,LL+,1,0.21735085757635306,0.0005211525296044683,LLTR+,2,0.23717043902578738,0.020340733979038794,0.04166493791844442,0.019819581449434326,0.019819581449434326,1
0.01,0.0002,33.02558398220245,0.030279555405860557,0.2165487608891445,0.12250955169033677,33,8.165343401422831e-13,0.0,LLTR+,1,0.17555812214217853,-0.04099063874696596,LL+,1,0.21705105302080244,0.0005022921316579498,LL+,1,0.21705105302080244,0.0005022921316579498,LLTR+,2,0.23685368970542545,0.02030492881628096,0.04149293087862391,0.01980263668462301,0.01980263668462301,1
0.01,0.0002,33.12569521690767,0.030188045668233715,0.21626826850242287,0.1224585350116098,33,2.1337098754514727e-16,0.0,LLTR+,1,0.17543103696528783,-0.04083723153713503,LL+,1,0.21675310054786462,0.00048483204544175207,LL+,1,0.21675310054786462,0.00048483204544175207,LLTR+,2,0.2365388206218478,0.02027055211942494,0.041322063582576785,0.019785720073983187,0.019785720073983187,1
0.01,0.0002,33.225806451612904,0.030097087378640777,0.21598842138400487,0.12240782576516174,33,-1.094626125852649e-12,0.0,LLTR+,1,0.17530465797378647,-0.0406837634102184,LL+,1,0.2164569833398392,0.0004685619558343346,LL+,1,0.2164569833398392,0.0004685619558343346,LLTR+,2,0.23622581488340652,0.02023739349940165,0.04115232536605273,0.019768831543567317,0.019768831543567317,1
0.01,0.0002,33.325917686318135,0.030006675567423226,0.21570936946718805,0.12235742118040796,33,-7.801224943815299e-14,0.0,LLTR+,1,0.17517897908615904,-0.04053039038102901,LL+,1,0.21616268478122413,0.0004533153140360846,LL+,1,0.21616268478122413,0.0004533153140360846,LLTR+,2,0.23591465580095977,0.02020528633377172,0.0409837056950651,0.019751971019735637,0.019751971019735637,1
0.01,0.0002,33.42602892102336,0.029916805324459235,0.21543123048352084,0.12230731851995554,33,2.268029514196357e-13,0.0,LLTR+,1,0.17505399429176638,-0.040377236191754456,LL+,1,0.2158701884556881,0.0004389579721672532,LL+,1,0.2158701884556881,0.0004389579721672532,LLTR+,2,0.23560532688484212,0.020174096401321284,0.04081619416392171,0.01973513842915403,0.01973513842915403,1
0.01,0.0002,33.526140155728584,0.029827471798274722,0.21515409786517578,0.12225751507910766,33,-5.119168977607558e-15,0.0,LLTR+,1,0.17492969764980626,-0.04022440021536952,LL+,1,0.21557947814309678,0.00042538027792099475,LL+,1,0.21557947814309678,0.00042538027792099475,LLTR+,2,0.23529781184188897,0.02014371397671319,0.040649780493290516,0.019718333698792195,0.019718333698792195,1
0.01,0.0002,33.626251390433815,0.02973867019517036,0.21487804637111232,0.12220800818537698,33,4.683753385137379e-17,0.0,LLTR+,1,0.17480608328829217,-0.040071963082820156,LL+,1,0.21529053781659266,0.0004124914454803341,LL+,1,0.21529053781659266,0.0004124914454803341,LLTR+,2,0.23499209457251422,0.02011404820140189,0.04048445452830049,0.019701556755921557,0.019701556755921557,1
0.01,0.0002,33.726362625139046,0.029650395778364112,0.21460313618908688,0.1221587951980075,33,1.2396094567490579e-11,0.0,LLTR+,1,0.17468314540305,-0.03991999078603689,LL+,1,0.2150033516397263,0.000400215450639424,LL+,1,0.2150033516397263,0.000400215450639424,LLTR+,2,0.23468815916784,0.020085022978753114,0.040320206236676315,0.01968480752811369,0.01968480752811369,1
0.01,0.0002,33.82647385984427,0.029562643867148963,0.21432941595283014,0.12210987350750506,33,1.3968323026025686e-12,0.0,LLTR+,1,0.17456087825673258,-0.03976853769609756,LL+,1,0.21471790396363907,0.0003884880108089295,LL+,1,0.21471790396363907,0.0003884880108089295,LLTR+,2,0.2343859899068772,0.020056573954047058,0.04015702570690649,0.01966808594323813,0.01966808594323813,1
0.01,0.0002,33.9265850945495,0.029475409836065572,0.21405692508201712,0.12206124053517606,33,-6.8559428967329694e-12,0.0,LLTR+,1,0.17443927617785115,-0.03961764890416597,LL+,1,0.21443417932429534,0.0003772542422782188,LL+,1,0.21443417932429534,0.0003772542422782188,LLTR+,2,0.23408557125375587,0.020028646171738745,0.03999490314644419,0.019651391929460527,0.019651391929460527,1
0.01,0.0002,34.02669632925473,0.029388689114089567,0.21378569550643578,0.12201289373267445,35,-7.01834250438349e-12,0.0,LLTR+,1,0.17431833355982412,-0.03946736194661166,LL+,1,0.21415216243976387,0.0003664669333280912,LL+,1,0.21415216243976387,0.0003664669333280912,LLTR+,2,0.23378688785500484,0.020001192348569063,0.03983382887993975,0.019634725415240972,0.019634725415240972,1
0.01,0.0002,34.12680756395996,0.029302477183833116,0.21351575303828713,0.12196483058155647,35,-1.489260104126089e-14,0.0,LLTR+,1,0.17419804486004184,-0.039317708178245286,LL+,1,0.21387183820754682,0.0003560851692596956,LL+,1,0.21387183820754682,0.0003560851692596956,LLTR+,2,0.2334899245368788,0.01997417149859168,0.03967379334750498,0.019618086329331985,0.019618086329331985,1
0.01,0.0002,34.22691879866518,0.02921676958076048,0.21324711844337213,0.12191704859284347,35,-9.060772965252539e-13,0.0,LLTR+,1,0.1740784045989481,-0.039168713844424025,LL+,1,0.21359319170195576,0.00034607325858362903,LL+,1,0.21359319170195576,0.00034607325858362903,LLTR+,2,0.23319466630273253,0.0199475478593604,0.039514787103007654,0.01960147460077677,0.01960147460077677,1
0.01,0.0002,34.32703003337041,0.02913156189241737,0.21297980830754307,0.12186954530659219,35,-5.911243716738568e-14,0.0,LLTR+,1,0.17395940735913717,-0.03902040094840589,LL+,1,0.21331620817153332,0.00033639986399025545,LL+,1,0.21331620817153332,0.00033639986399025545,LLTR+,2,0.2329010983304408,0.01992129002289772,0.03935680081239615,0.019584890158907464,0.019584890158907464,1
0.01,0.0002,34.427141268075644,0.029046849757673663,0.21271383570853383,0.12182231829147258,35,-2.779027008514845e-15,0.0,LLTR+,1,0.1738410477844665,-0.03887278792406734,LL+,1,0.21304087303652042,0.0003270373279865846,LL+,1,0.21304087303652042,0.0003270373279865846,LLTR+,2,0.2326092059698635,0.019895370261329676,0.03919982525205393,0.01956833293334309,0.01956833293334309,1
0.01,0.0002,34.52725250278087,0.02896262886597938,0.21244921077603277,0.12177536514435301,35,-8.023963438130721e-14,0.0,LLTR+,1,0.17372332057918471,-0.03872589019684805,LL+,1,0.2127671718863669,0.0003179611103341362,LL+,1,0.2127671718863669,0.0003179611103341362,LLTR+,2,0.23231897474035498,0.019869763964322218,0.03904385130718219,0.01955180285398808,0.01955180285398808,1
0.01,0.0002,34.62736373748609,0.028878894956633476,0.2121859411439311,0.12172868348989267,35,9.610576223728629e-13,0.0,LLTR+,1,0.17360622050707453,-0.03857972063685658,LL+,1,0.2124950904772857,0.0003091493333546025,LL+,1,0.2124950904772857,0.0003091493333546025,LLTR+,2,0.23203039032831607,0.019844449184384966,0.03888886997021118,0.019535299851030363,0.019535299851030363,1
0.01,0.0002,34.727474972191324,0.028795643818065344,0.21192403232190934,0.12168227098014094,35,-4.85722573273506e-16,0.0,LLTR+,1,0.17348974239061019,-0.03843428993129916,LL+,1,0.21222461472984921,0.00030058240793987,LL+,1,0.21222461472984921,0.00030058240793987,LLTR+,2,0.23174343858478874,0.019819406262879397,0.03873487233923903,0.019518823854939527,0.019518823854939527,1
0.01,0.0002,34.827586206896555,0.02871287128712871,0.2116634880102393,0.12163612529414376,35,8.202959145275912e-12,0.0,LLTR+,1,0.17337388111012939,-0.03828960690010991,LL+,1,0.21195573072662713,0.00029224271638783605,LL+,1,0.21195573072662713,0.00029224271638783605,LLTR+,2,0.23145810552309257,0.019794617512853274,0.03858184961649774,0.019502374796465438,0.019502374796465438,1
0.01,0.0002,34.92769744160178,0.028630573248407645,0.21140431034315715,0.12159024413755677,35,-7.974523819065382e-15,0.0,LLTR+,1,0.17325863160301927,-0.038145678740137884,LL+,1,0.2116884247098651,0.00028411436670794377,LL+,1,0.2116884247098651,0.00028411436670794377,LLTR+,2,0.23117437731650095,0.019770066973343797,0.03842979310684583,0.019485952606635853,0.019485952606635853,1
0.01,0.0002,35.02780867630701,0.028548745633534454,0.2111465001303135,0.12154462524226496,35,-9.661056676879554e-13,0.0,LLTR+,1,0.17314398886291607,-0.038002511267397426,LL+,1,0.21142268307920264,0.00027618294888914763,LL+,1,0.21142268307920264,0.00027618294888914763,LLTR+,2,0.23089224029595815,0.01974574016564465,0.038278694216286574,0.0194695572167555,0.0194695572167555,1
0.01,0.0002,35.12791991101224,0.028467384420519312,0.2108900570173079,0.12149926636600902,35,-4.766326222593875e-14,0.0,LLTR+,1,0.1730299479389184,-0.03786010907838949,LL+,1,0.2111584923894308,0.00026843537212289936,LL+,1,0.2111584923894308,0.00026843537212289936,LLTR+,2,0.23061168094783466,0.01972162393052676,0.03812854445051239,0.01945318855840386,0.01945318855840386,1
0.01,0.0002,35.228031145717466,0.028386485633091253,0.21063497965011665,0.12145416529201788,35,-4.6417904242535e-13,0.0,LLTR+,1,0.1729165039348138,-0.037718475715302846,LL+,1,0.21089583934828743,0.00026085969817077337,LL+,1,0.21089583934828743,0.00026085969817077337,LLTR+,2,0.23033268591172104,0.019697706261604386,0.03797933541347362,0.019436846563433613,0.019436846563433613,1
0.01,0.0002,35.32814238042269,0.02830604534005038,0.21038126580840583,0.1214093198286476,35,0.0,0.0,LLTR+,1,0.17280365200831804,-0.037577613800087784,LL+,1,0.21063471081429028,0.0002534450058844506,LL+,1,0.21063471081429028,0.0002534450058844506,LLTR+,2,0.2300552419782593,0.019673976169853474,0.037831058805972234,0.019420531163969024,0.019420531163969024,1
0.01,0.0002,35.42825361512792,0.028226059654631083,0.21012891251854146,0.12136472780902634,35,7.237259402881335e-12,0.0,LLTR+,1,0.1726913873703274,-0.03743752514821405,LL+,1,0.21037509379460673,0.00024618127606526596,LL+,1,0.21037509379460673,0.00024618127606526596,LLTR+,2,0.22977933608701098,0.01965042356846952,0.03768370642427932,0.019404242292404256,0.019404242292404256,1
0.01,0.0002,35.52836484983315,0.028146524733876015,0.20987791614357004,0.12132038709070539,35,8.165343401422831e-15,0.0,LLTR+,1,0.1725797052841835,-0.03729821085938653,LL+,1,0.21011697544295962,0.00023905929938958237,LL+,1,0.21011697544295962,0.00023905929938958237,LLTR+,2,0.22950495532436135,0.01962703918079131,0.037537270158776115,0.01938797988140173,0.01938797988140173,1
0.01,0.0002,35.62847608453838,0.028067436778020604,0.20962827248551283,0.121276295555316,35,1.0920084281274e-14,0.0,LLTR+,1,0.17246860106495,-0.03715967142056284,LL+,1,0.20986034305756823,0.00023207057205540393,LL+,1,0.20986034305756823,0.00023207057205540393,LLTR+,2,0.22923208692145872,0.019603814435945888,0.037391741992618244,0.019371743863890484,0.019371743863890484,1
0.01,0.0002,35.7285873192436,0.027988792029887924,0.20937997683888168,0.12123245110823203,35,-6.087824688805199e-12,0.0,LLTR+,1,0.1723580700787016,-0.03702190676018008,LL+,1,0.2096051840791239,0.00022520724024222005,LL+,1,0.2096051840791239,0.00022520724024222005,LLTR+,2,0.22896071825218858,0.0195807414133069,0.0372471140004223,0.01935553417306468,0.01935553417306468,1
0.01,0.0002,35.82869855394883,0.027910586774293696,0.20913302407037299,0.12118885167823824,35,-2.9515521970946423e-12,0.0,LLTR+,1,0.1722481077418248,-0.03688491632854818,LL+,1,0.20935148608879983,0.00021846201842684598,LL+,1,0.20935148608879983,0.00021846201842684598,LLTR+,2,0.22869083683118155,0.019557812760808563,0.037103378346975024,0.019339350742381717,0.019339350742381717,1
0.01,0.0002,35.928809788654064,0.027832817337461298,0.20888740866148034,0.12114549521720419,35,9.367506770274758e-17,0.0,LLTR+,1,0.17213870952033006,-0.03674869914115028,LL+,1,0.20909923680629383,0.00021182814481349177,LL+,1,0.20909923680629383,0.00021182814481349177,LLTR+,2,0.22842243031185488,0.019535021650374546,0.03696052728596377,0.019323193505561054,0.019323193505561054,1
0.01,0.0002,36.02892102335929,0.027755480086446432,0.2086431247618983,0.1211023796997634,37,-1.3484893757187422e-11,0.0,LLTR+,1,0.1720298709291753,-0.036613253832723014,LL+,1,0.20884842408790383,0.00020529932600552026,LL+,1,0.20884842408790383,0.00020529932600552026,LLTR+,2,0.228155486484486,0.01951236172258769,0.036818553158728534,0.01930706239658217,0.01930706239658217,1
0.01,0.0002,36.12903225806451,0.02767857142857143,0.20840016624782218,0.12105950312299808,37,2.0447185611338625e-14,0.0,LLTR+,1,0.17192158753160075,-0.03647857871622143,LL+,1,0.20859903592463538,0.000198869676813207,LL+,1,0.20859903592463538,0.000198869676813207,LLTR+,2,0.22788999327431889,0.01948982702649671,0.036677448393034634,0.019290957349683502,0.019290957349683502,1
0.01,0.0002,36.229143492769744,0.027602087810868897,0.2081585267262418,0.12101686350612892,37,1.371819324802459e-14,0.0,LLTR+,1,0.17181385493847423,-0.03634467178776757,LL+,1,0.20835106044034057,0.00019253371409877484,LL+,1,0.20835106044034057,0.00019253371409877484,LLTR+,2,0.22762593873970108,0.01946741201345928,0.03653720550186634,0.019274878299360504,0.019274878299360504,1
0.01,0.0002,36.329254727474975,0.027526025719534598,0.20791819960073143,0.12097445889021005,37,9.082248841885132e-13,0.0,LLTR+,1,0.1717066688076475,-0.036211530793083924,LL+,1,0.2081044858898878,0.00018628628915637324,LL+,1,0.2081044858898878,0.00018628628915637324,LLTR+,2,0.22736331107025207,0.019445111469520632,0.0363978170822403,0.01925882518036426,0.01925882518036426,1
0.01,0.0002,36.4293659621802,0.027450381679389315,0.20767917808830444,0.12093228733782904,37,1.8041538749069552e-11,0.0,LLTR+,1,0.17160002484332307,-0.03607915324498137,LL+,1,0.20785930065736133,0.00018012256905688973,LL+,1,0.20785930065736133,0.00018012256905688973,LLTR+,2,0.22710209858506128,0.01942292049675684,0.03625927581403826,0.01924279792769995,0.01924279792769995,1
0.01,0.0002,36.52947719688543,0.02737515225334957,0.20744145523609087,0.12089034693281189,37,2.4111644972291124e-11,0.0,LLTR+,1,0.1714939187954309,-0.035947536440659955,LL+,1,0.20761549325429088,0.0001740380182000123,LL+,1,0.20761549325429088,0.0001740380182000123,LLTR+,2,0.22684228973091633,0.019400834494825464,0.03612157445885997,0.019226796476625452,0.019226796476625452,1
0.01,0.0002,36.62958843159066,0.02730033404190707,0.20720502395472157,0.1208486357799327,37,-7.180658845307164e-12,0.0,LLTR+,1,0.17138834645901566,-0.03581667749570591,LL+,1,0.20737305231791017,0.0001680283631886048,LL+,1,0.20737305231791017,0.0001680283631886048,LLTR+,2,0.2265838730805597,0.01937884912583812,0.03598470585889452,0.019210820762649516,0.019210820762649516,1
0.01,0.0002,36.729699666295886,0.027225923682616594,0.20696987706104783,0.12080715200462826,37,1.4363510381087963e-15,0.0,LLTR+,1,0.1712833036736336,-0.03568657338741424,LL+,1,0.20713196660944366,0.0001620895483958329,LL+,1,0.20713196660944366,0.0001620895483958329,LLTR+,2,0.2263268373309744,0.01935696026992656,0.03584866293581007,0.019194870721530727,0.019194870721530727,1
0.01,0.0002,36.82981090100111,0.02715191784959227,0.20673600724730945,0.12076589375271721,37,-2.213573074838493e-12,0.0,LLTR+,1,0.17117878632275926,-0.03555722092455019,LL+,1,0.2068922250124215,0.00015621776511204333,LL+,1,0.2068922250124215,0.00015621776511204333,LLTR+,2,0.2260711713016972,0.01933516405438776,0.03571343868966223,0.019178946289275717,0.019178946289275717,1
0.01,0.0002,36.92992213570634,0.02707831325301205,0.20650340713847826,0.12072485919012373,37,-1.4195242203918212e-14,0.0,LLTR+,1,0.1710747903332015,-0.03542861680527676,LL+,1,0.20665381653102194,0.00015040939254368224,LL+,1,0.20665381653102194,0.00015040939254368224,LLTR+,2,0.2258168639331596,0.019313456794681355,0.03557902619782044,0.019163047402137673,0.019163047402137673,1
0.01,0.0002,37.03003337041157,0.027005106638630216,0.2062720692893368,0.12068404650260586,37,5.749220544082334e-14,0.0,LLTR+,1,0.17097131167452925,-0.035300757614807554,LL+,1,0.20641673028844026,0.00014466099910345753,LL+,1,0.20641673028844026,0.00014466099910345753,LLTR+,2,0.22556390428505543,0.019291834995718626,0.03544541861391101,0.01914717399661517,0.01914717399661517,1
0.01,0.0002,37.1301446051168,0.02693229478729778,0.2060419862041769,0.12064345389548803,37,4.683753385137379e-17,0.0,LLTR+,1,0.17086834635850598,-0.03517363984567093,LL+,1,0.20618095552528465,0.0001389693211077403,LL+,1,0.20618095552528465,0.0001389693211077403,LLTR+,2,0.22531228153473506,0.019270295330558157,0.03531260916677867,0.019131326009450417,0.019131326009450417,1
0.01,0.0002,37.23025583982202,0.02685987451449059,0.20581315034669687,0.12060307959339801,37,1.753805434212552e-15,0.0,LLTR+,1,0.1707658904385335,-0.035047259908163375,LL+,1,0.20594648159799722,0.00013333125130035595,LL+,1,0.20594648159799722,0.00013333125130035595,LLTR+,2,0.22506198497562535,0.019248834628928485,0.03518059115946373,0.01911550337762813,0.01911550337762813,1
0.01,0.0002,37.33036707452725,0.026787842669845054,0.20558555415127425,0.12056292184000812,37,-5.8685695192295384e-15,0.0,LLTR+,1,0.1706639400091044,-0.03492161414216985,LL+,1,0.2057132979773012,0.00012774382602695478,LL+,1,0.2057132979773012,0.00012774382602695478,LLTR+,2,0.224813004015675,0.019227449864400753,0.035049357968196804,0.019099706038373798,0.019099706038373798,1
0.01,0.0002,37.430478309232484,0.026716196136701335,0.20535919003152842,0.1205229788977805,37,-6.7589250168920145e-12,0.0,LLTR+,1,0.17056249120526343,-0.03479669882626499,LL+,1,0.20548139424667256,0.00012220421514413937,LL+,1,0.20548139424667256,0.00012220421514413937,LLTR+,2,0.22456532817582506,0.01920613814429664,0.03491890304140913,0.019083933929152502,0.019083933929152502,1
0.01,0.0002,37.53058954393771,0.026644931831653822,0.2051340503961595,0.12048324904771651,37,-2.4535408427173167e-13,0.0,LLTR+,1,0.17046154020207688,-0.03467251019408263,LL+,1,0.20525076010083615,0.00011670970467664299,LL+,1,0.20525076010083615,0.00011670970467664299,LLTR+,2,0.22431894708850367,0.01918489669234416,0.03478921989875927,0.019068186987667518,0.019068186987667518,1
0.01,0.0002,37.63070077864294,0.02657404670410878,0.204910127643376,0.12044373058911015,37,-5.1524756683463124e-14,0.0,LLTR+,1,0.17036108321411092,-0.03454904442926507,LL+,1,0.20502138534428604,0.00011125770091005571,LL+,1,0.20502138534428604,0.00011125770091005571,LLTR+,2,0.22407385049614478,0.019163722852768794,0.034660302130175125,0.01905246515185874,0.01905246515185874,1
0.01,0.0002,37.73081201334817,0.026503537735849052,0.2046874141817488,0.12040442183930536,37,7.632783294297951e-17,0.0,LLTR+,1,0.1702611164949177,-0.03442629768683109,LL+,1,0.2047932598898292,0.00010584570808039317,LL+,1,0.2047932598898292,0.00010584570808039317,LLTR+,2,0.22383002824973083,0.01914261406798204,0.03453214339491148,0.019036768359901646,0.019036768359901646,1
0.01,0.0002,37.830923248053395,0.026433401940605703,0.20446590242556226,0.12036532113345719,37,-2.3644560268043513e-11,0.0,LLTR+,1,0.17016163633652961,-0.03430426608903264,LL+,1,0.2045663737571525,0.00010047133159024613,LL+,1,0.2045663737571525,0.00010047133159024613,LLTR+,2,0.2235874703073579,0.019121567881795642,0.03440473742062289,0.019021096550205396,0.019021096550205396,1
0.01,0.0002,37.93103448275862,0.026363636363636363,0.20424558482561556,0.12032642682429678,37,-2.4388720210044568e-12,0.0,LLTR+,1,0.17006263906896157,-0.03418294575665398,LL+,1,0.2043407170714122,9.513224579663082e-05,LL+,1,0.2043407170714122,9.513224579663082e-05,LLTR+,2,0.22334616673282434,0.019100581907208786,0.03427807800245061,0.019005449661412155,0.019005449661412155,1
0.01,0.0002,38.03114571746385,0.026294238081310324,0.2040264538294096,0.12028773728190001,39,7.140121827120538e-15,0.0,LLTR+,1,0.1699641210597209,-0.0340623327696887,LL+,1,0.20411628006184568,8.982623243608545e-05,LL+,1,0.20411628006184568,8.982623243608545e-05,LLTR+,2,0.22310610769424094,0.019079653864831347,0.03415215900212479,0.018989827632395262,0.018989827632395262,1
0.01,0.0002,38.13125695216908,0.026225204200700115,0.20380850192572675,0.12024925089345982,39,-1.737203610130411e-11,0.0,LLTR+,1,0.16986607871332485,-0.0339424232124019,LL+,1,0.20389305306040556,8.455113467881192e-05,LL+,1,0.20389305306040556,8.455113467881192e-05,LLTR+,2,0.22286728346266357,0.019058781536936825,0.03402697434708071,0.018974230402258013,0.018974230402258013,1
0.01,0.0002,38.231368186874306,0.026156531859179516,0.2035917216477066,0.12021096606306209,39,-1.2106808611189734e-13,0.0,LLTR+,1,0.16976850847082575,-0.03382321317688086,LL+,1,0.2036710265004145,7.930485270787879e-05,LL+,1,0.2036710265004145,7.930485270787879e-05,LLTR+,2,0.22262968441074696,0.019037962763040345,0.03390251802958874,0.018958657910332466,0.018958657910332466,1
0.01,0.0002,38.33147942157953,0.02608821822402786,0.20337610554479027,0.12017288121146504,39,1.491862189340054e-16,0.0,LLTR+,1,0.1696714068093433,-0.03370469873544696,LL+,1,0.20345019091524158,7.408537045131003e-05,LL+,1,0.20345019091524158,7.408537045131003e-05,LLTR+,2,0.22239330101141963,0.01901719546662936,0.03377878410589827,0.01894311009617805,0.01894311009617805,1
0.01,0.0002,38.43159065628476,0.02602026049204052,0.2031616462217604,0.1201349947758821,39,-2.4777055407376736e-14,0.0,LLTR+,1,0.16957477024160414,-0.03358687598015625,LL+,1,0.20323053693699938,6.889071523899504e-05,LL+,1,0.20323053693699938,6.889071523899504e-05,LLTR+,2,0.22215812383657954,0.01899647761481915,0.033655766695395245,0.018927586899580157,0.018927586899580157,1
0.01,0.0002,38.53170189098999,0.025952655889145495,0.2029483363251258,0.12009730520976812,39,-8.013988778143855e-13,0.0,LLTR+,1,0.16947859531548853,-0.03346974100963726,LL+,1,0.203012055295261,6.371897013521255e-05,LL+,1,0.203012055295261,6.371897013521255e-05,LLTR+,2,0.22192414355581014,0.018975807230684344,0.03353345997977247,0.01891208826054913,0.01891208826054913,1
0.01,0.0002,38.63181312569522,0.025885401670025916,0.20273616854888304,0.12005981098260896,39,-8.872956189232006e-12,0.0,LLTR+,1,0.16938287861358398,-0.03335328993529907,LL+,1,0.2027947368157975,5.8568266914443834e-05,LL+,1,0.2027947368157975,5.8568266914443834e-05,LLTR+,2,0.22169135093511616,0.018955182386233116,0.03341185820221351,0.018896614119318672,0.018896614119318672,1
0.01,0.0002,38.73192436040044,0.025818495117748422,0.20252513564497854,0.12002251057971425,39,6.279698983036042e-16,0.0,LLTR+,1,0.1692876167527457,-0.03323751889223284,LL+,1,0.20257857241933455,5.3436774356013794e-05,LL+,1,0.20257857241933455,5.3436774356013794e-05,LLTR+,2,0.22145973683567927,0.01893460119070073,0.03329095566658885,0.018881164416344715,0.018881164416344715,1
0.01,0.0002,38.83203559510567,0.025751933543397307,0.20231523041024507,0.1199854025020135,39,8.545247842661752e-15,0.0,LLTR+,1,0.16919280638366363,-0.03312242402658144,LL+,1,0.2023635531203284,4.832271008331501e-05,LL+,1,0.2023635531203284,4.832271008331501e-05,LLTR+,2,0.22122929221263268,0.01891406180238761,0.03317074673666476,0.018865739092304296,0.018865739092304296,1
0.01,0.0002,38.932146829810904,0.025685714285714284,0.2021064457059865,0.11994848526585522,39,-3.136033099870872e-14,0.0,LLTR+,1,0.16909844419043635,-0.03300800151555014,LL+,1,0.20214967002576087,4.3224319774382014e-05,LL+,1,0.20214967002576087,4.3224319774382014e-05,LLTR+,2,0.22100000811385498,0.01889356240786849,0.03305122583532452,0.01885033808809411,0.01885033808809411,1
0.01,0.0002,39.03225806451613,0.0256198347107438,0.2018987744521285,0.11991175740280918,39,6.051617540414611e-13,0.0,LLTR+,1,0.16900452689015116,-0.03289424756197734,LL+,1,0.20193691433395286,3.8139881824356126e-05,LL+,1,0.20193691433395286,3.8139881824356126e-05,LLTR+,2,0.22077187567878212,0.018873101226653616,0.0329323874438017,0.01883496134482926,0.01883496134482926,1
0.01,0.0002,39.13236929922136,0.025554292211483795,0.2016922096311237,0.11987521745947172,39,1.6925991858096623e-12,0.0,LLTR+,1,0.16891105123247058,-0.032781158398653115,LL+,1,0.20172527733339585,3.306770227215483e-05,LL+,1,0.20172527733339585,3.306770227215483e-05,LLTR+,2,0.22054488613723808,0.018852676506114385,0.03281422610092527,0.01881960880384223,0.01881960880384223,1
0.01,0.0002,39.23248053392659,0.025489084207541816,0.20148674429030847,0.11983886399727407,39,2.0026046793075736e-12,0.0,LLTR+,1,0.16881801399922525,-0.03266873029108322,LL+,1,0.20151475040160144,2.8006111292971925e-05,LL+,1,0.20151475040160144,2.8006111292971925e-05,LLTR+,2,0.22031903080828294,0.018832286517974473,0.03269673640237619,0.0188042804066815,0.0188042804066815,1
0.01,0.0002,39.332591768631815,0.02542420814479638,0.2012823715398679,0.11980269559229349,39,-2.237965888995941e-11,0.0,LLTR+,1,0.16872541200401286,-0.03255695953585502,LL+,1,0.20130532500396858,2.2953464100694543e-05,LL+,1,0.20130532500396858,2.2953464100694543e-05,LLTR+,2,0.22009430109907893,0.018811929559211044,0.03257991299995572,0.01878897609511035,0.01878897609511035,1
0.01,0.0002,39.43270300333704,0.02535966149506347,0.20107908457821705,0.1197667108350674,39,-1.1071386862848698e-12,0.0,LLTR+,1,0.16863324209180297,-0.03244584248641408,LL+,1,0.20109699269266784,1.79081144507931e-05,LL+,1,0.20109699269266784,1.79081144507931e-05,LLTR+,2,0.21987068850377364,0.018791603925556594,0.03246375060086487,0.0187736958111058,0.0187736958111058,1
0.01,0.0002,39.53281423804227,0.025295441755768148,0.20087687664841447,0.11973090833041025,39,7.44369843541648e-15,0.0,LLTR+,1,0.16854150113854796,-0.03233537550986651,LL+,1,0.20088974510554275,1.2868457128278887e-05,LL+,1,0.20088974510554275,1.2868457128278887e-05,LLTR+,2,0.2196481846023998,0.018771307953985322,0.03234824396699479,0.018758439496857043,0.018758439496857043,1
0.01,0.0002,39.6329254727475,0.0252315464496211,0.20067574108406233,0.11969528669723327,39,-2.3141211169530607e-15,0.0,LLTR+,1,0.1684501860507997,-0.03222555503326263,LL+,1,0.20068357396502773,7.832880965397138e-06,LL+,1,0.20068357396502773,7.832880965397138e-06,LLTR+,2,0.2194267810597926,0.01875103997573027,0.03223338791422803,0.018743207094764874,0.018743207094764874,1
0.01,0.0002,39.733036707452726,0.02516797312430011,0.2004756712909586,0.11965984456836681,39,-5.410602521571661e-15,0.0,LLTR+,1,0.168359293765332,-0.0321163775256266,LL+,1,0.2004784710770825,2.7997861238859834e-06,LL+,1,0.2004784710770825,2.7997861238859834e-06,LLTR+,2,0.2192064696245224,0.01873079833356378,0.032119177311750485,0.018727998547439895,0.018727998547439895,1
0.01,0.0002,39.83314794215795,0.025104719352136276,0.20027666075243172,0.11962458059038548,39,1.1796119636642288e-16,0.0,LL+,1,0.20027442833014233,-2.2324222893888024e-06,LLTR+,2,0.21898724212784407,0.018710581375412344,LL+,1,0.20027442833014233,-2.2324222893888024e-06,LLTR+,2,0.21898724212784407,0.018710581375412344,0.018712813797701733,0.018712813797701733,0.018712813797701733,1
0.01,0.0002,39.93325917686318,0.025041782729805014,0.20007870303156372,0.1195894934234358,39,-4.3194614551822497e-16,0.0,LL+,1,0.2000714376940843,-7.265337479411826e-06,LLTR+,2,0.21876909048266208,0.018690387451098356,LL+,1,0.2000714376940843,-7.265337479411826e-06,LLTR+,2,0.21876909048266208,0.018690387451098356,0.018697652788577768,0.018697652788577768,0.018697652788577768,1
0.01,0.0002,40.03337041156841,0.02497916087802167,0.19988179177337081,0.11955458174106659,41,8.093699321864989e-13,0.0,LL+,1,0.199869491219209,-1.230055416182041e-05,LLTR+,2,0.21855200668251096,0.018670214909140143,LL+,1,0.199869491219209,-1.230055416182041e-05,LLTR+,2,0.21855200668251096,0.018670214909140143,0.018682515463301963,0.018682515463301963,0.018682515463301963,1
0.01,0.0002,40.13348164627364,0.024916851441241686,0.1996859207060049,0.11951984423006175,41,-4.27904239819199e-14,0.0,LL+,1,0.19966858103523735,-1.7339670767557713e-05,LLTR+,2,0.21833598280055116,0.018650062094546255,LL+,1,0.19966858103523735,-1.7339670767557713e-05,LLTR+,2,0.21833598280055116,0.018650062094546255,0.018667401765313812,0.018667401765313812,0.018667401765313812,1
0.01,0.0002,40.23359288097887,0.02485485208736522,0.1994910836444475,0.11948527959027562,41,-2.4110574647906446e-13,0.0,LL+,1,0.1994686993503227,-2.2384294124822013e-05,LLTR+,2,0.21812101098857975,0.01862992734413224,LL+,1,0.1994686993503227,-2.2384294124822013e-05,LLTR+,2,0.21812101098857975,0.01862992734413224,0.018652311638257063,0.018652311638257063,0.018652311638257063,1
0.01,0.0002,40.3337041156841,0.02479316050744622,0.19929727449115445,0.11945088653447078,41,3.642919299551295e-16,0.0,LL+,1,0.19926983845007712,-2.7436041077327777e-05,LLTR+,2,0.21790708347605584,0.018609808984901388,LL+,1,0.19926983845007712,-2.7436041077327777e-05,LLTR+,2,0.21790708347605584,0.018609808984901388,0.018637245025978716,0.018637245025978716,0.018637245025978716,1
0.01,0.0002,40.433815350389324,0.024731774415405777,0.1991044872386635,0.11941666378815823,41,6.32098540176429e-14,0.0,LL+,1,0.19907199069661283,-3.249654205067509e-05,LLTR+,2,0.21769419256914066,0.018589705330477158,LL+,1,0.19907199069661283,-3.249654205067509e-05,LLTR+,2,0.21769419256914066,0.018589705330477158,0.018622201872527833,0.018622201872527833,0.018622201872527833,1
0.01,0.0002,40.53392658509455,0.024670691547749726,0.19891271597209462,0.11938261008943998,41,9.252321131469898e-14,0.0,LL+,1,0.1988751485275972,-3.7567444497427216e-05,LLTR+,2,0.21748233064975184,0.01856961467765722,LL+,1,0.1988751485275972,-3.7567444497427216e-05,LLTR+,2,0.21748233064975184,0.01856961467765722,0.018607182122154647,0.018607182122154647,0.018607182122154647,1
0.01,0.0002,40.63403781979978,0.024609909663290446,0.19872195487008032,0.11934872418885394,41,-5.931805394099321e-12,0.0,LL+,1,0.19867930445532206,-4.26504147582607e-05,LLTR+,2,0.21727149017463124,0.018549535304550918,LL+,1,0.19867930445532206,-4.26504147582607e-05,LLTR+,2,0.21727149017463124,0.018549535304550918,0.01859218571930918,0.01859218571930918,0.01859218571930918,1
0.01,0.0002,40.73414905450501,0.024549426542872742,0.1985321982134732,0.11931500484922106,41,-1.5612511283791264e-15,0.0,LL+,1,0.19848445106578685,-4.774714768635002e-05,LLTR+,2,0.21706166367442706,0.018529465460953853,LL+,1,0.19848445106578685,-4.774714768635002e-05,LLTR+,2,0.21706166367442706,0.018529465460953853,0.018577212608640203,0.018577212608640203,0.018577212608640203,1
0.01,0.0002,40.834260289210235,0.024489239989103784,0.198343440375054,0.11928145084549487,41,-2.4620756822191225e-12,0.0,LL+,1,0.19829058101779487,-5.285935725912738e-05,LLTR+,2,0.21685284375278913,0.01850940337773513,LL+,1,0.19829058101779487,-5.285935725912738e-05,LLTR+,2,0.21685284375278913,0.01850940337773513,0.018562262734994256,0.018562262734994256,0.018562262734994256,1
0.01,0.0002,40.93437152391546,0.024429347826086956,0.19815567583713817,0.11924806096461299,41,-2.1875556921457928e-13,0.0,LL+,1,0.19809768704206293,-5.798879507523669e-05,LLTR+,2,0.21664502308547764,0.018489347248339477,LL+,1,0.19809768704206293,-5.798879507523669e-05,LLTR+,2,0.21664502308547764,0.018489347248339477,0.018547336043414714,0.018547336043414714,0.018547336043414714,1
0.01,0.0002,41.03448275862069,0.024369747899159664,0.19796889918343866,0.11921483400535102,41,4.822531263215524e-15,0.0,LL+,1,0.19790576194034434,-6.313724309431334e-05,LLTR+,2,0.21643819441948473,0.018469295236046068,LL+,1,0.19790576194034434,-6.313724309431334e-05,LLTR+,2,0.21643819441948473,0.018469295236046068,0.01853243247914038,0.01853243247914038,0.01853243247914038,1
0.01,0.0002,41.13459399332592,0.024310438074634934,0.1977831051080734,0.11918176877817849,41,7.4593109467002705e-16,0.0,LL+,1,0.19771479858456434,-6.830652350905964e-05,LLTR+,2,0.21623235057216894,0.018449245464095543,LL+,1,0.19771479858456434,-6.830652350905964e-05,LLTR+,2,0.21623235057216894,0.018449245464095543,0.018517551987604602,0.018517551987604602,0.018517551987604602,1
0.01,0.0002,41.234705228031146,0.024251416239546804,0.19759828841678193,0.11914886410511685,41,-1.2663481374630692e-16,0.0,LL+,1,0.1975247899159681,-7.349850081381226e-05,LLTR+,2,0.21602748443040248,0.018429196013620558,LL+,1,0.1975247899159681,-7.349850081381226e-05,LLTR+,2,0.21602748443040248,0.018429196013620558,0.01850269451443437,0.01850269451443437,0.01850269451443437,1
0.01,0.0002,41.33481646273637,0.024192680301399358,0.19741444403172284,0.11911611881959966,41,4.470687708924004e-12,0.0,LL+,1,0.19733572894428159,-7.871508744125566e-05,LLTR+,2,0.21582358894973055,0.018409144918007714,LL+,1,0.19733572894428159,-7.871508744125566e-05,LLTR+,2,0.21582358894973055,0.018409144918007714,0.01848786000544897,0.01848786000544897,0.01848786000544897,1
0.01,0.0002,41.43492769744161,0.02413422818791946,0.19723156699100697,0.1190835317663346,41,2.252460370999465e-12,0.0,LL+,1,0.19714760874688383,-8.395824412313346e-05,LLTR+,2,0.21562065715354303,0.018389090162536065,LL+,1,0.19714760874688383,-8.395824412313346e-05,LLTR+,2,0.21562065715354303,0.018389090162536065,0.018473048406659198,0.018473048406659198,0.018473048406659198,1
0.01,0.0002,41.53503893214683,0.02407605784681307,0.19704965246001552,0.11905110180116779,41,-3.7296554733501353e-16,0.0,LL+,1,0.19696042246799192,-8.922999202359838e-05,LLTR+,2,0.2154186821322582,0.018369029672242687,LL+,1,0.19696042246799192,-8.922999202359838e-05,LLTR+,2,0.2154186821322582,0.018369029672242687,0.018458259664266286,0.018458259664266286,0.018458259664266286,1
0.01,0.0002,41.63515016685206,0.02401816724552498,0.19686869573117496,0.11901882779094969,41,3.8003801494657097e-13,0.0,LL+,1,0.1967741633178572,-9.453241331777718e-05,LLTR+,2,0.215217657042518,0.01834896131134303,LL+,1,0.1967741633178572,-9.453241331777718e-05,LLTR+,2,0.215217657042518,0.01834896131134303,0.01844349372466081,0.01844349372466081,0.01844349372466081,1
0.01,0.0002,41.73526140155729,0.02396055437100213,0.19668869222826646,0.1189867086134032,41,-9.284240043427872e-15,0.0,LL+,1,0.19658882457197338,-9.986765629307892e-05,LLTR+,2,0.2150175751063951,0.018328882878128644,LL+,1,0.19658882457197338,-9.986765629307892e-05,LLTR+,2,0.2150175751063951,0.018328882878128644,0.018428750534421723,0.018428750534421723,0.018428750534421723,1
0.01,0.0002,41.83537263626252,0.023903217229460247,0.19650963751334163,0.11895474315699359,41,-2.8075475971833797e-12,0.0,LL+,1,0.19640439957029587,-0.00010523794304576062,LLTR+,2,0.21481842961061112,0.01830879209726949,LL+,1,0.19640439957029587,-0.00010523794304576062,LLTR+,2,0.21481842961061112,0.01830879209726949,0.01841403004031525,0.01841403004031525,0.01841403004031525,1
0.01,0.0002,41.935483870967744,0.023846153846153847,0.19633152729829373,0.11892293032080029,41,1.804256223592038e-11,0.0,LL+,1,0.19622088171647226,-0.00011064558182147244,LLTR+,2,0.2146202139057665,0.018288686607472765,LL+,1,0.19622088171647226,-0.00011064558182147244,LLTR+,2,0.2146202139057665,0.018288686607472765,0.018399332189294237,0.018399332189294237,0.018399332189294237,1
0.01,0.0002,42.03559510567297,0.02378936226514951,0.19615435742462578,0.11889126901439036,43,-5.384581669432009e-15,0.0,LL+,1,0.19603826447708372,-0.0001160929475420569,LLTR+,2,0.21442292140558047,0.018268563980954694,LL+,1,0.19603826447708372,-0.0001160929475420569,LLTR+,2,0.21442292140558047,0.018268563980954694,0.01838465692849675,0.01838465692849675,0.01838465692849675,1
0.01,0.0002,42.1357063403782,0.02373284054910243,0.19597812391741642,0.11885975815769412,43,3.408731630294426e-15,0.0,LL+,1,0.19585654138089764,-0.00012158253651878281,LLTR+,2,0.2142265455861429,0.018248421668726478,LL+,1,0.19585654138089764,-0.00012158253651878281,LLTR+,2,0.2142265455861429,0.018248421668726478,0.01837000420524526,0.01837000420524526,0.01837000420524526,1
0.01,0.0002,42.23581757508343,0.023676586779036078,0.1958028229488466,0.11882839668088213,43,1.654693743136093e-12,0.0,LL+,1,0.1956757060181304,-0.000127116930716209,LLTR+,2,0.21403107998517615,0.018228257036329548,LL+,1,0.1956757060181304,-0.000127116930716209,LLTR+,2,0.21403107998517615,0.018228257036329548,0.018355373967045757,0.018355373967045757,0.018355373967045757,1
0.01,0.0002,42.335928809788655,0.023620599054125065,0.19562845086373182,0.11879718352424423,43,-7.2026204445130304e-12,0.0,LL+,1,0.19549575203972072,-0.000132698824011096,LLTR+,2,0.2138365182013074,0.018208067337575573,LL+,1,0.19549575203972072,-0.000132698824011096,LLTR+,2,0.2138365182013074,0.018208067337575573,0.01834076616158667,0.01834076616158667,0.01834076616158667,1
0.01,0.0002,42.436040044493886,0.023564875491480994,0.19545500419740028,0.11876611763807016,43,3.290848496484422e-12,0.0,LL+,1,0.19531667315661366,-0.00013833104078661562,LLTR+,2,0.21364285389335155,0.018187849695951275,LL+,1,0.19531667315661366,-0.00013833104078661562,LLTR+,2,0.21364285389335155,0.018187849695951275,0.01832618073673789,0.01832618073673789,0.01832618073673789,1
0.01,0.0002,42.53615127919911,0.02350941422594142,0.19528247966043716,0.11873519798253185,43,4.978656376053436e-16,0.0,LL+,1,0.19513846313905397,-0.00014401652138318344,LLTR+,2,0.21345008077960403,0.018167601119166876,LL+,1,0.19513846313905397,-0.00014401652138318344,LLTR+,2,0.21345008077960403,0.018167601119166876,0.01831161764055006,0.01831161764055006,0.01831161764055006,1
0.01,0.0002,42.63626251390434,0.023454213409861726,0.1951108741762854,0.11870442352756742,43,3.669529957672779e-13,0.0,LL+,1,0.19496111581589043,-0.0001497583603949637,LLTR+,2,0.2132581926371436,0.01814731846085821,LL+,1,0.19496111581589043,-0.0001497583603949637,LLTR+,2,0.2132581926371436,0.01814731846085821,0.018297076821253172,0.018297076821253172,0.018297076821253172,1
0.01,0.0002,42.736373748609566,0.023399271212909942,0.19494018487787104,0.11867379325276681,43,8.915885391092004e-12,0.0,LL+,1,0.19478462507388888,-0.00015555980398215818,LLTR+,2,0.21306718330114496,0.01812699842327392,LL+,1,0.19478462507388888,-0.00015555980398215818,LLTR+,2,0.21306718330114496,0.01812699842327392,0.01828255822725608,0.01828255822725608,0.01828255822725608,1
0.01,0.0002,42.8364849833148,0.02334458582186445,0.19477040911593882,0.11864330614725893,43,-6.808789643208968e-15,0.0,LL+,1,0.19460898485705574,-0.000161424258883075,LLTR+,2,0.21287704666420112,0.018106637548262305,LL+,1,0.19460898485705574,-0.000161424258883075,LLTR+,2,0.21287704666420112,0.018106637548262305,0.01826806180714538,0.01826806180714538,0.01826806180714538,1
0.01,0.0002,42.93659621802002,0.023290155440414507,0.19460154449377803,0.1186129612096006,43,-1.1001789756992508e-13,0.0,LL+,1,0.19443418916597055,-0.00016735532780748352,LLTR+,2,0.21268777667565494,0.01808623218187691,LL+,1,0.19443418916597055,-0.00016735532780748352,LLTR+,2,0.21268777667565494,0.01808623218187691,0.018253587509684394,0.018253587509684394,0.018253587509684394,1
0.01,0.0002,43.03670745272525,0.023235978288963555,0.1944335888612977,0.11858275744766669,43,-2.593845277454321e-13,0.0,LL+,1,0.1942602320571278,-0.00017335680416988297,LLTR+,2,0.2124993673409403,0.018065778479642608,LL+,1,0.1942602320571278,-0.00017335680416988297,LLTR+,2,0.2124993673409403,0.018065778479642608,0.01823913528381249,0.01823913528381249,0.01823913528381249,1
0.01,0.0002,43.13681868743048,0.023182052604435278,0.19426654034550742,0.11855269387854217,43,7.2314151194907694e-12,0.0,LL+,1,0.1940871076422883,-0.00017943270321912896,LLTR+,2,0.21231181272093222,0.018045272375424803,LL+,1,0.1940871076422883,-0.00017943270321912896,LLTR+,2,0.21231181272093222,0.018045272375424803,0.018224705078643932,0.018224705078643932,0.018224705078643932,1
0.01,0.0002,43.23692992213571,0.023128376640082323,0.19410039735551293,0.1185227695284154,43,-8.626970665615019e-12,0.0,LL+,1,0.19391481008783906,-0.00018558726767387013,LLTR+,2,0.21212510693130612,0.01802470957579319,LL+,1,0.19391481008783906,-0.00018558726767387013,LLTR+,2,0.21212510693130612,0.01802470957579319,0.01821029684346706,0.01821029684346706,0.01821029684346706,1
0.01,0.0002,43.33704115684094,0.02307494866529774,0.19393515863505786,0.118492983432473,43,-9.478424989328715e-13,0.0,LL+,1,0.19374333361416254,-0.00019182502089531983,LLTR+,2,0.21193924414190604,0.018004085506848178,LL+,1,0.19374333361416254,-0.00019182502089531983,LLTR+,2,0.21193924414190604,0.018004085506848178,0.018195910527743497,0.018195910527743497,0.018195910527743497,1
0.01,0.0002,43.437152391546164,0.023021766965428937,0.19377082324556694,0.11846333463479614,43,-4.0592529337857286e-16,0.0,LL+,1,0.19357267249501414,-0.00019815075055279463,LLTR+,2,0.21175421857612134,0.017983395330554403,LL+,1,0.19357267249501414,-0.00019815075055279463,LLTR+,2,0.21175421857612134,0.017983395330554403,0.018181546081107197,0.018181546081107197,0.018181546081107197,1
0.01,0.0002,43.537263626251395,0.022968829841594273,0.19360739062335738,0.11843382218825832,43,9.480090323865653e-14,0.0,LL+,1,0.19340282105690862,-0.00020456956644876456,LLTR+,2,0.21157002451027196,0.017962633886914575,LL+,1,0.19340282105690862,-0.00020456956644876456,LLTR+,2,0.21157002451027196,0.017962633886914575,0.01816720345336334,0.01816720345336334,0.01816720345336334,1
0.01,0.0002,43.63737486095662,0.022916135610502167,0.1934448605990221,0.11840444515442447,43,-1.9081958235744878e-17,0.0,LL+,1,0.1932337736785149,-0.00021108692050719746,LLTR+,2,0.21138665627300277,0.01794179567398066,LL+,1,0.1932337736785149,-0.00021108692050719746,LLTR+,2,0.21138665627300277,0.01794179567398066,0.018152882594487857,0.018152882594487857,0.018152882594487857,1
0.01,0.0002,43.73748609566185,0.02286368260427263,0.19328323343491902,0.1183752026034515,43,6.932640225776332e-12,0.0,LL+,1,0.19306552479005906,-0.00021770864485995411,LLTR+,2,0.2112041082446853,0.017920874809766285,LL+,1,0.19306552479005906,-0.00021770864485995411,LLTR+,2,0.2112041082446853,0.017920874809766285,0.01813858345462624,0.01813858345462624,0.01813858345462624,1
0.01,0.0002,43.837597330367075,0.022811469170261355,0.19312250985304677,0.1183460936139902,43,-1.861663601054886e-12,0.0,LL+,1,0.1928980688727356,-0.000224440980311158,LLTR+,2,0.21102237485682837,0.0178998650037816,LL+,1,0.1928980688727356,-0.000224440980311158,LLTR+,2,0.21102237485682837,0.0178998650037816,0.01812430598409276,0.01812430598409276,0.01812430598409276,1
0.01,0.0002,43.937708565072306,0.022759493670886075,0.19296269110243322,0.1183171172730885,43,2.2063340737732418e-12,0.0,LL+,1,0.1927314004581267,-0.0002312906443065199,LLTR+,2,0.21084145059149648,0.017878759489063256,LL+,1,0.1927314004581267,-0.0002312906443065199,LLTR+,2,0.21084145059149648,0.017878759489063256,0.018110050133369776,0.018110050133369776,0.018110050133369776,1
0.01,0.0002,44.03781979977753,0.022707754483455418,0.1928037789797089,0.1182882726760959,45,7.923332129289307e-13,0.0,LL+,1,0.19256551412762957,-0.00023826485207933956,LLTR+,2,0.21066132998073614,0.017857551001027233,LL+,1,0.19256551412762957,-0.00023826485207933956,LLTR+,2,0.21066132998073614,0.017857551001027233,0.018095815853106573,0.018095815853106573,0.018095815853106573,1
0.01,0.0002,44.13793103448276,0.02265625,0.1926457759066232,0.1182595589265695,45,4.1333950151489773e-13,0.0,LL+,1,0.1924004045118912,-0.0002453713947320191,LLTR+,2,0.21048200760601,0.01783623169938678,LL+,1,0.1924004045118912,-0.0002453713947320191,LLTR+,2,0.21048200760601,0.01783623169938678,0.018081603094118798,0.018081603094118798,0.018081603094118798,1
0.01,0.0002,44.238042269187986,0.022604978627105858,0.1924886849839513,0.11823097513618103,45,-2.036456073217785e-12,0.0,LL+,1,0.19223606629025136,-0.00025261869369994083,LLTR+,2,0.21030347809763872,0.017814793113687416,LL+,1,0.19223606629025136,-0.00025261869369994083,LLTR+,2,0.21030347809763872,0.017814793113687416,0.018067411807387357,0.018067411807387357,0.018067411807387357,1
0.01,0.0002,44.33815350389322,0.022553938785750124,0.19233251007114235,0.1182025204246252,45,-1.0351094981153608e-14,0.0,LL+,1,0.19207249419019257,-0.00026001588094978767,LLTR+,2,0.2101257361342504,0.017793226063108042,LL+,1,0.19207249419019257,-0.00026001588094978767,LLTR+,2,0.2101257361342504,0.017793226063108042,0.01805324194405783,0.01805324194405783,0.01805324194405783,1
0.01,0.0002,44.43826473859844,0.022503128911138925,0.19217725586341106,0.11817419391952946,45,-6.609383179645434e-13,0.0,LL+,1,0.1919096829867979,-0.00026757287661316465,LLTR+,2,0.20994877644223744,0.01777152057882639,LL+,1,0.1919096829867979,-0.00026757287661316465,LLTR+,2,0.20994877644223744,0.01777152057882639,0.018039093455439553,0.018039093455439553,0.018039093455439553,1
0.01,0.0002,44.53837597330367,0.02245254745254745,0.19202292799752413,0.11814599475636471,45,2.63504496000877e-15,0.0,LL+,1,0.19174762750221583,-0.0002753004953083005,LLTR+,2,0.20977259379522045,0.017749665797696323,LL+,1,0.19174762750221583,-0.0002753004953083005,LLTR+,2,0.20977259379522045,0.017749665797696323,0.018024966293004624,0.018024966293004624,0.018024966293004624,1
0.01,0.0002,44.638487208008904,0.02240219287316222,0.19186953316028063,0.11811792207835745,45,2.4100114265346306e-12,0.0,LL+,1,0.19158632260513253,-0.0002832105551481001,LLTR+,2,0.20959718301351998,0.017727649853239352,LL+,1,0.19158632260513253,-0.0002832105551481001,LLTR+,2,0.20959718301351998,0.017727649853239352,0.018010860408387452,0.018010860408387452,0.018010860408387452,1
0.01,0.0002,44.73859844271413,0.02235206364992541,0.19171707921899564,0.11808997503640292,45,6.998394919133233e-14,0.0,LL+,1,0.19142576321025112,-0.0002913160087445188,LLTR+,2,0.20942253896363464,0.017705459744638996,LL+,1,0.19142576321025112,-0.0002913160087445188,LLTR+,2,0.20942253896363464,0.017705459744638996,0.017996775753383515,0.017996775753383515,0.017996775753383515,1
0.01,0.0002,44.83870967741936,0.022302158273381292,0.19156557538362126,0.11806215278897958,45,1.3634145895613514e-12,0.0,LL+,1,0.1912659442777777,-0.0002996311058435508,LLTR+,2,0.20924865655772656,0.017683081174105303,LL+,1,0.1912659442777777,-0.0002996311058435508,LLTR+,2,0.20924865655772656,0.017683081174105303,0.017982712279948854,0.017982712279948854,0.017982712279948854,1
0.01,0.0002,44.938820912124584,0.02225247524752475,0.19141503237981292,0.11803445450206455,45,6.162296367628883e-12,0.0,LL+,1,0.19110686081291473,-0.00030817156689819103,LLTR+,2,0.20907553075311397,0.017660498373301053,LL+,1,0.19110686081291473,-0.00030817156689819103,LLTR+,2,0.20907553075311397,0.017660498373301053,0.017968669940199244,0.017968669940199244,0.017968669940199244,1
0.01,0.0002,45.038932146829815,0.022203013089651762,0.19126546265817604,0.11800687934905037,45,-5.82505398083466e-12,0.0,LL+,1,0.19094850786536066,-0.0003169547928153771,LLTR+,2,0.20890315655176986,0.01763769389359382,LL+,1,0.19094850786536066,-0.0003169547928153771,LLTR+,2,0.20890315655176986,0.01763769389359382,0.017954648686409197,0.017954648686409197,0.017954648686409197,1
0.01,0.0002,45.13904338153504,0.022153770330211927,0.191116880678862,0.11797942651066265,45,4.735795089416683e-16,0.0,LL+,1,0.19079088052881665,-0.000326000150045358,LLTR+,2,0.20873152899982805,0.017614648320966042,LL+,1,0.19079088052881665,-0.000326000150045358,LLTR+,2,0.20873152899982805,0.017614648320966042,0.0179406484710114,0.0179406484710114,0.0179406484710114,1
0.01,0.0002,45.23915461624027,0.022104745512662893,0.19096930317200622,0.11795209517487906,45,8.467636314346549e-13,0.0,LL+,1,0.1906339739404994,-0.00033532923150680904,LLTR+,2,0.20856064318709527,0.017591340015089052,LL+,1,0.1906339739404994,-0.00033532923150680904,LLTR+,2,0.20856064318709527,0.017591340015089052,0.01792666924659586,0.01792666924659586,0.01792666924659586,1
0.01,0.0002,45.339265850945495,0.02205593719332679,0.19082274953633296,0.1179248845368492,45,-3.2668017596604315e-12,0.0,LL+,1,0.19047778328066084,-0.00034496625567212447,LLTR+,2,0.2083904942465699,0.01756774471023695,LL+,1,0.19047778328066084,-0.00034496625567212447,LLTR+,2,0.2083904942465699,0.01756774471023695,0.017912710965909073,0.017912710965909073,0.017912710965909073,1
0.01,0.0002,45.439377085650726,0.02200734394124847,0.19067724228609884,0.11789779379881553,45,1.0850932999351137e-11,0.0,LL+,1,0.19032230377211395,-0.0003549385139848815,LLTR+,2,0.2082210773539671,0.017543835067868274,LL+,1,0.19032230377211395,-0.0003549385139848815,LLTR+,2,0.2082210773539671,0.017543835067868274,0.017898773581853156,0.017898773581853156,0.017898773581853156,1
0.01,0.0002,45.53948832035595,0.021958964338055692,0.19053280755450308,0.11787082217003556,45,3.392511965794043e-13,0.0,LL+,1,0.19016753067976477,-0.0003652768747383073,LLTR+,2,0.20805238772725027,0.017519580172747184,LL+,1,0.19016753067976477,-0.0003652768747383073,LLTR+,2,0.20805238772725027,0.017519580172747184,0.017884857047485492,0.017884857047485492,0.017884857047485492,1
0.01,0.0002,45.63959955506118,0.021910796977821105,0.19038947583159588,0.11784396886670477,45,3.859088396063193e-12,0.0,LL+,1,0.19001345931015082,-0.0003760165214450606,LLTR+,2,0.20788442062616833,0.017494944794572448,LL+,1,0.19001345931015082,-0.0003760165214450606,LLTR+,2,0.20788442062616833,0.017494944794572448,0.01787096131601751,0.01787096131601751,0.01787096131601751,1
0.01,0.0002,45.739710789766406,0.021862840466926072,0.19024728273334257,0.11781723311188079,45,1.4319101460102956e-12,0.0,LL+,1,0.18986008501098547,-0.0003871977223570966,LLTR+,2,0.2077171713517995,0.01746988861845694,LL+,1,0.18986008501098547,-0.0003871977223570966,LLTR+,2,0.2077171713517995,0.01746988861845694,0.017857086340814038,0.017857086340814038,0.017857086340814038,1
0.01,0.0002,45.83982202447164,0.02181509342392623,0.19010627008983974,0.11779061413540838,45,4.770784461927136e-13,0.0,LL+,1,0.18970740317070803,-0.0003988669191317129,LLTR+,2,0.20755063524610073,0.017444365156260994,LL+,1,0.18970740317070803,-0.0003988669191317129,LLTR+,2,0.20755063524610073,0.017444365156260994,0.017843232075392707,0.017843232075392707,0.017843232075392707,1
0.01,0.0002,45.93993325917687,0.021767554479418885,0.18996648725863502,0.11776411117384554,45,1.83098328165876e-13,0.0,LL+,1,0.18955540921804007,-0.00041107804059495323,LLTR+,2,0.20738480769146317,0.01741832043282815,LL+,1,0.18955540921804007,-0.00041107804059495323,LLTR+,2,0.20738480769146317,0.01741832043282815,0.017829398473423103,0.017829398473423103,0.017829398473423103,1
0.01,0.0002,46.04004449388209,0.021720222275912054,0.1898279928392175,0.11773772347039048,47,1.5834729361063893e-13,0.0,LL+,1,0.18940409862154747,-0.0004238942176700289,LLTR+,2,0.2072196841102735,0.017391691271055998,LL+,1,0.18940409862154747,-0.0004238942176700289,LLTR+,2,0.2072196841102735,0.017391691271055998,0.017815585488726027,0.017815585488726027,0.017815585488726027,1
0.01,0.0002,46.140155728587324,0.02167309546769527,0.18969085690088916,0.11771145027480961,47,3.469446951953614e-18,0.0,LL+,1,0.18925346688920802,-0.000437390011681138,LLTR+,2,0.20705525996448076,0.017364403063591605,LL+,1,0.18925346688920802,-0.000437390011681138,LLTR+,2,0.20705525996448076,0.017364403063591605,0.017801793075272743,0.017801793075272743,0.017801793075272743,1
0.01,0.0002,46.24026696329255,0.02162617272071205,0.18955516392990587,0.11768529084336649,47,7.897398013323453e-13,0.0,LL+,1,0.1891035095679846,-0.0004516543619212665,LLTR+,2,0.2068915307551689,0.017336366825263017,LL+,1,0.1891035095679846,-0.0004516543619212665,LLTR+,2,0.2068915307551689,0.017336366825263017,0.017788021187184283,0.017788021187184283,0.017788021187184283,1
0.01,0.0002,46.34037819799778,0.02157945271243399,0.1894210167885984,0.11765924443875145,47,1.970186166988519e-12,0.0,LL+,1,0.1889542222434042,-0.0004667945451942157,LLTR+,2,0.2067284920221349,0.017307475233536485,LL+,1,0.1889542222434042,-0.0004667945451942157,LLTR+,2,0.2067284920221349,0.017307475233536485,0.0177742697787307,0.0177742697787307,0.0177742697787307,1
0.01,0.0002,46.440489432703004,0.021532934131736528,0.18928854214077692,0.11763331033001262,47,7.070906360429063e-14,0.0,LL+,1,0.1888056005391421,-0.00048294160163481203,LLTR+,2,0.2065661393434724,0.017277597202695477,LL+,1,0.1888056005391421,-0.00048294160163481203,LLTR+,2,0.2065661393434724,0.017277597202695477,0.01776053880433029,0.01776053880433029,0.01776053880433029,1
0.01,0.0002,46.540600667408235,0.02148661567877629,0.18915789805577946,0.11760748779248728,47,9.298117831235686e-16,0.0,LL+,1,0.18865764011661146,-0.0005002579391679973,LLTR+,2,0.20640446833516052,0.017246570279381063,LL+,1,0.18865764011661146,-0.0005002579391679973,LLTR+,2,0.20640446833516052,0.017246570279381063,0.01774682821854906,0.01774682821854906,0.01774682821854906,1
0.01,0.0002,46.64071190211346,0.021440496064870022,0.18902928489300277,0.11758177610773454,47,1.7170466437566034e-13,0.0,LL+,1,0.18851033667455833,-0.0005189482184444483,LLTR+,2,0.20624347465065812,0.017214189757655346,LL+,1,0.18851033667455833,-0.0005189482184444483,LLTR+,2,0.20624347465065812,0.017214189757655346,0.017733137976099794,0.017733137976099794,0.017733137976099794,1
0.01,0.0002,46.74082313681869,0.02139457401237506,0.18890296138780965,0.1175561745634686,47,6.817463260588852e-15,0.0,LL+,1,0.18836368594866165,-0.0005392754391480015,LLTR+,2,0.20608315398050314,0.01718019259269349,LL+,1,0.18836368594866165,-0.0005392754391480015,LLTR+,2,0.20608315398050314,0.01718019259269349,0.01771946803184149,0.01771946803184149,0.01771946803184149,1
0.01,0.0002,46.840934371523915,0.02134884825457136,0.18877926919307675,0.11753068245349305,47,-2.799808995757047e-13,0.0,LL+,1,0.18821768371113873,-0.0005615854819380206,LLTR+,2,0.20592350205191726,0.017144232858840508,LL+,1,0.18821768371113873,-0.0005615854819380206,LLTR+,2,0.20592350205191726,0.017144232858840508,0.01770581834077853,0.01770581834077853,0.01770581834077853,1
0.01,0.0002,46.941045606229146,0.021303317535545024,0.18865867186028867,0.11750529907763585,47,1.4834036776711912e-12,0.0,LL+,1,0.1880723257703552,-0.0005863460899334649,LLTR+,2,0.20576451462841536,0.017105842768126683,LL+,1,0.1880723257703552,-0.0005863460899334649,LLTR+,2,0.20576451462841536,0.017105842768126683,0.01769218885806015,0.01769218885806015,0.01769218885806015,1
0.01,0.0002,47.04115684093437,0.021257980610073304,0.18854181981097992,0.11748002374168537,47,-1.7745475228148067e-12,0.0,LL+,1,0.18792760797044072,-0.0006142118405391972,LLTR+,2,0.20560618750942034,0.017064367698440414,LL+,1,0.18792760797044072,-0.0006142118405391972,LLTR+,2,0.20560618750942034,0.017064367698440414,0.01767857953897961,0.01767857953897961,0.01767857953897961,1
0.01,0.0002,47.1412680756396,0.02121283624351109,0.18842966543481102,0.11745485575732695,47,-9.886189089591824e-15,0.0,LL+,1,0.18778352619090866,-0.0006461392439023605,LLTR+,2,0.20544851652988227,0.017018851095071258,LL+,1,0.18778352619090866,-0.0006461392439023605,LLTR+,2,0.20544851652988227,0.017018851095071258,0.01766499033897362,0.01766499033897362,0.01766499033897362,1
0.01,0.0002,47.24137931034483,0.02116788321167883,0.1883236830843131,0.11742979444208046,47,-1.3480536131815768e-14,0.0,LL+,1,0.1876400763462815,-0.0006836067380316113,LLTR+,2,0.20529149755990306,0.016967814475589954,LL+,1,0.1876400763462815,-0.0006836067380316113,LLTR+,2,0.20529149755990306,0.016967814475589954,0.017651421213621565,0.017651421213621565,0.017651421213621565,1
0.01,0.0002,47.34149054505006,0.02112312030075188,0.18822633525700994,0.11740483911923869,47,-1.9628916547720365e-13,0.0,LL+,1,0.18749725438572062,-0.0007290808712893115,LLTR+,2,0.20513512650436527,0.016908791247355337,LL+,1,0.18749725438572062,-0.0007290808712893115,LLTR+,2,0.20513512650436527,0.016908791247355337,0.01763787211864465,0.01763787211864465,0.01763787211864465,1
0.01,0.0002,47.44160177975529,0.021078546307151228,0.18814221314690419,0.11737998911780631,47,-1.2193371312640977e-14,0.0,LL+,1,0.1873550562926603,-0.0007871568542438812,LLTR+,2,0.2049793993025661,0.016837186155661904,LL+,1,0.1873550562926603,-0.0007871568542438812,LLTR+,2,0.2049793993025661,0.016837186155661904,0.017624343009905785,0.017624343009905785,0.017624343009905785,1
0.01,0.0002,47.54171301446051,0.02103416003743566,0.18808152046191595,0.11735524377243989,47,8.660832467866086e-13,0.0,LL+,1,0.18721347808444727,-0.0008680423774686807,LLTR+,2,0.20482431192785566,0.01674279146593971,LL+,1,0.18721347808444727,-0.0008680423774686807,LLTR+,2,0.20482431192785566,0.01674279146593971,0.01761083384340839,0.01761083384340839,0.01761083384340839,1
0.01,0.0002,47.641824249165744,0.02098996030819519,0.1880760650940069,0.11733060242338833,47,1.536964999715451e-15,0.0,LL+,1,0.18707251581198417,-0.001003549282022731,LLTR+,2,0.20466986038727994,0.01659379529327304,LL+,1,0.18707251581198417,-0.001003549282022731,LLTR+,2,0.20466986038727994,0.01659379529327304,0.01759734457529577,0.01759734457529577,0.01759734457529577,1
0.01,0.0002,47.74193548387097,0.020945945945945947,0.18856420503628063,0.11730606441643437,47,1.4103301859691442e-15,0.0,LL+,1,0.18693216555937744,-0.0016320394769031854,LLTR+,2,0.20451604072122823,0.015951835684947596,LL+,1,0.18693216555937744,-0.0016320394769031854,LLTR+,2,0.20451604072122823,0.015951835684947596,0.01758387516185078,0.01758387516185078,0.01758387516185078,1
0.01,0.0002,47.8420467185762,0.020902115787026273,0.2033410026317677,0.11728162910283665,47,-9.131584377541913e-15,0.0,LL+,1,0.18679242344359026,-0.016548579188177426,LLTR+,2,0.20436284900308513,0.001021846371317442,LL+,1,0.18679242344359026,-0.016548579188177426,LLTR+,2,0.20436284900308513,0.001021846371317442,0.017570425559494868,0.017570425559494868,0.017570425559494868,1
0.01,0.0002,47.94215795328142,0.0208584686774942,0.20333303687511492,0.11725729583927252,47,1.214306433183765e-17,0.0,LL+,1,0.186653285614099,-0.016679751261015924,LLTR+,2,0.20421028133888655,0.0008772444637716315,LL+,1,0.186653285614099,-0.016679751261015924,LLTR+,2,0.20421028133888655,0.0008772444637716315,0.017556995724787555,0.017556995724787555,0.017556995724787555,1
0.01,0.0002,48.042269187986655,0.020815003473026162,0.20326500354056495,0.11723306398778159,49,-1.5074747006238454e-15,0.0,LL+,1,0.18651474825255465,-0.0167502552880103,LLTR+,2,0.2040583338669804,0.000793330326415459,LL+,1,0.18651474825255465,-0.0167502552880103,LLTR+,2,0.2040583338669804,0.000793330326415459,0.01754358561442576,0.01754358561442576,0.01754358561442576,1
0.01,0.0002,48.14238042269188,0.020771719038817006,0.20317326206019096,0.11720893291571,49,3.008357452038979e-14,0.0,LL+,1,0.18637680757244815,-0.016796454487742807,LLTR+,2,0.20390700275769125,0.0007337406975002903,LL+,1,0.18637680757244815,-0.016796454487742807,LLTR+,2,0.20390700275769125,0.0007337406975002903,0.017530195185243097,0.017530195185243097,0.017530195185243097,1
0.01,0.0002,48.24249165739711,0.020728614249481206,0.20306892546125885,0.11718490199565529,49,2.6466676072978146e-14,0.0,LL+,1,0.18623945981877993,-0.01682946564247892,LLTR+,2,0.2037562842129893,0.0006873587517304547,LL+,1,0.18623945981877993,-0.01682946564247892,LLTR+,2,0.2037562842129893,0.0006873587517304547,0.017516824394209374,0.017516824394209374,0.017516824394209374,1
0.01,0.0002,48.342602892102335,0.020685687988955363,0.20295688813141013,0.11716097060541213,49,-1.4589024432964948e-15,0.0,LL+,1,0.18610270126773348,-0.01685418686367665,LLTR+,2,0.2036061744661633,0.0006492863347531685,LL+,1,0.18610270126773348,-0.01685418686367665,LLTR+,2,0.2036061744661633,0.0006492863347531685,0.01750347319842982,0.01750347319842982,0.01750347319842982,1
0.01,0.0002,48.442714126807566,0.020642939150401836,0.20283974269435723,0.11713713812791854,49,-1.2851750913478455e-12,0.0,LL+,1,0.18596652822635318,-0.01687321446800405,LLTR+,2,0.2034566697814978,0.0006169270871405619,LL+,1,0.18596652822635318,-0.01687321446800405,LLTR+,2,0.2034566697814978,0.0006169270871405619,0.01749014155514461,0.01749014155514461,0.01749014155514461,1
0.01,0.0002,48.5428253615128,0.020600366636113657,0.20271902880016598,0.11711340395120287,49,-6.572867250476122e-14,0.0,LL+,1,0.18583093703222606,-0.016888091767939928,LLTR+,2,0.203307766453954,0.0005887376537880018,LL+,1,0.18583093703222606,-0.016888091767939928,LLTR+,2,0.203307766453954,0.0005887376537880018,0.01747682942172793,0.01747682942172793,0.01747682942172793,1
0.01,0.0002,48.64293659621802,0.020557969357420533,0.20259573532092057,0.11708976746833145,49,3.363628819919029e-15,0.0,LL+,1,0.1856959240531672,-0.016899811267753362,LLTR+,2,0.20315946080885494,0.0005637254879343745,LL+,1,0.1856959240531672,-0.016899811267753362,LLTR+,2,0.20315946080885494,0.0005637254879343745,0.017463536755687736,0.017463536755687736,0.017463536755687736,1
0.01,0.0002,48.74304783092325,0.020515746234596073,0.20247053483220304,0.11706622807735681,49,-3.071327914216937e-14,0.0,LL+,1,0.1855614856869093,-0.01690904914529373,LLTR+,2,0.20301174920157428,0.0005412143693712401,LL+,1,0.1855614856869093,-0.01690904914529373,LLTR+,2,0.20301174920157428,0.0005412143693712401,0.01745026351466497,0.01745026351466497,0.01745026351466497,1
0.01,0.0002,48.84315906562848,0.020473696196766113,0.20234390523057477,0.11704278518126662,49,5.284588738829754e-12,0.0,LL+,1,0.18542761836079624,-0.01691628686977853,LLTR+,2,0.2028646280172291,0.0005207227866543263,LL+,1,0.18542761836079624,-0.01691628686977853,LLTR+,2,0.2028646280172291,0.0005207227866543263,0.017437009656432856,0.017437009656432856,0.017437009656432856,1
0.01,0.0002,48.94327030033371,0.02043181818181818,0.20221619796910997,0.11701943818793314,49,-4.123083818807771e-12,0.0,LL+,1,0.18529431853147976,-0.01692187943763021,LLTR+,2,0.20271809367037613,0.0005018957012661585,LL+,1,0.18529431853147976,-0.01692187943763021,LLTR+,2,0.20271809367037613,0.0005018957012661585,0.01742377513889637,0.01742377513889637,0.01742377513889637,1
0.01,0.0002,49.04338153503893,0.02039011113631209,0.20208767886625142,0.1169961865100635,49,-5.69626464053119e-12,0.0,LL+,1,0.18516158268462055,-0.01692609618163088,LLTR+,2,0.2025721426047123,0.0004844637384608663,LL+,1,0.18516158268462055,-0.01692609618163088,LLTR+,2,0.2025721426047123,0.0004844637384608663,0.017410559920091745,0.017410559920091745,0.017410559920091745,1
0.01,0.0002,49.143492769744164,0.020348574015391578,0.201958553592193,0.11697302956515032,49,2.931682674400804e-16,0.0,LL+,1,0.18502940733459255,-0.016929146257600447,LLTR+,2,0.20242677129277814,0.00046821770058513845,LL+,1,0.18502940733459255,-0.016929146257600447,LLTR+,2,0.20242677129277814,0.00046821770058513845,0.017397363958185585,0.017397363958185585,0.017397363958185585,1
0.01,0.0002,49.24360400444939,0.020307205782697086,0.20182898437335792,0.11694996677542313,49,5.181764739514705e-12,0.0,LL+,1,0.18489778902419116,-0.01693119534916676,LLTR+,2,0.2022819762356657,0.0004529918623077944,LL+,1,0.18489778902419116,-0.01693119534916676,LLTR+,2,0.2022819762356657,0.0004529918623077944,0.017384187211474555,0.017384187211474555,0.017384187211474555,1
0.01,0.0002,49.34371523915462,0.02026600541027953,0.20169910127098906,0.11692699756780034,49,1.2731829479584178e-13,0.0,LL+,1,0.1847667243243445,-0.016932376946644567,LLTR+,2,0.2021377539627292,0.000438652691740149,LL+,1,0.1847667243243445,-0.016932376946644567,LLTR+,2,0.2021377539627292,0.000438652691740149,0.017371029638384716,0.017371029638384716,0.017371029638384716,1
0.01,0.0002,49.44382647385984,0.020224971878515186,0.20156901004280875,0.11690412137384172,49,6.008004857505078e-12,0.0,LL+,1,0.1846362098338289,-0.01693280020897986,LLTR+,2,0.20199410103129972,0.0004250909884909726,LL+,1,0.1846362098338289,-0.01693280020897986,LLTR+,2,0.20199410103129972,0.0004250909884909726,0.01735789119747083,0.01735789119747083,0.01735789119747083,1
0.01,0.0002,49.543937708565075,0.020184104176021553,0.20143879768137818,0.11688133762970151,49,1.474514954580286e-16,0.0,LL+,1,0.1845062421789873,-0.016932555502390867,LLTR+,2,0.20185101402640304,0.0004122163450248628,LL+,1,0.1845062421789873,-0.016932555502390867,LLTR+,2,0.20185101402640304,0.0004122163450248628,0.01734477184741573,0.01734477184741573,0.01734477184741573,1
0.01,0.0002,49.6440489432703,0.020143401299574277,0.20130853654194134,0.11685864577608217,49,-3.540816945202252e-12,0.0,LL+,1,0.18437681801345118,-0.016931718528490153,LLTR+,2,0.20170848956048124,0.0003999530185399003,LL+,1,0.18437681801345118,-0.016931718528490153,LLTR+,2,0.20170848956048124,0.0003999530185399003,0.017331671547030053,0.017331671547030053,0.017331671547030053,1
0.01,0.0002,49.74416017797553,0.020102862254025043,0.2011782873348538,0.11683604525818847,49,-1.5118115093137874e-14,0.0,LL+,1,0.18424793401786593,-0.01693035331698786,LLTR+,2,0.20156652427311716,0.0003882369382633699,LL+,1,0.18424793401786593,-0.01693035331698786,LLTR+,2,0.20156652427311716,0.0003882369382633699,0.01731859025525123,0.01731859025525123,0.01731859025525123,1
0.01,0.0002,49.84427141268076,0.020062486052220486,0.20104810140815835,0.11681353552568244,49,-3.4486302702418925e-15,0.0,LL+,1,0.18411958689961944,-0.01692851450853891,LLTR+,2,0.2014251148307628,0.0003770134226044608,LL+,1,0.18411958689961944,-0.01692851450853891,LLTR+,2,0.2014251148307628,0.0003770134226044608,0.017305527931143372,0.017305527931143372,0.017305527931143372,1
0.01,0.0002,49.944382647385986,0.02002227171492205,0.20091802251569543,0.11679111603263856,49,5.7506083228631155e-15,0.0,LL+,1,0.18399177339257405,-0.01692624912312138,LLTR+,2,0.20128425792647023,0.0003662354107747956,LL+,1,0.18399177339257405,-0.01692624912312138,LLTR+,2,0.20128425792647023,0.0003662354107747956,0.017292484533896174,0.017292484533896174,0.017292484533896174,1
0.01,0.0002,50.04449388209122,0.019982218270726826,0.2007880881673197,0.11676878623749971,51,-1.457167719820518e-15,0.0,LL+,1,0.18386449025680157,-0.016923597910518118,LLTR+,2,0.20114395027962642,0.0003558621123067318,LL+,1,0.18386449025680157,-0.016923597910518118,LLTR+,2,0.20114395027962642,0.0003558621123067318,0.01727946002282485,0.01727946002282485,0.01727946002282485,1
0.01,0.0002,50.14460511679644,0.019942324755989352,0.20065833070130018,0.11674654560303357,51,-1.887379141862766e-15,0.0,LL+,1,0.1837377342783218,-0.016920596422978385,LLTR+,2,0.20100418863569103,0.00034585793439084744,LL+,1,0.1837377342783218,-0.016920596422978385,LLTR+,2,0.20100418863569103,0.00034585793439084744,0.017266454357369232,0.017266454357369232,0.017266454357369232,1
0.01,0.0002,50.24471635150167,0.019902590214744297,0.20052877813550962,0.11672439359628944,51,-1.1102230246251565e-15,0.0,LL+,1,0.18361150226884354,-0.01691727586666608,LLTR+,2,0.20086496976593687,0.00033619163042725164,LL+,1,0.18361150226884354,-0.01691727586666608,LLTR+,2,0.20086496976593687,0.00033619163042725164,0.017253467497093333,0.017253467497093333,0.017253467497093333,1
0.01,0.0002,50.3448275862069,0.019863013698630135,0.20039945485131955,0.11670232968855582,51,5.509134815007144e-14,0.0,LL+,1,0.1834857910655095,-0.01691366378581005,LLTR+,2,0.20072629046719434,0.00032683561587479315,LL+,1,0.1834857910655095,-0.01691366378581005,LLTR+,2,0.20072629046719434,0.00032683561587479315,0.017240499401684845,0.017240499401684845,0.017240499401684845,1
0.01,0.0002,50.44493882091213,0.019823594266813672,0.20027038214794682,0.11668035335531812,51,1.734723475976807e-17,0.0,LL+,1,0.1833605975306435,-0.01690978461730333,LLTR+,2,0.20058814756159796,0.00031776541365113875,LL+,1,0.1833605975306435,-0.01690978461730333,LLTR+,2,0.20058814756159796,0.00031776541365113875,0.01722755003095447,0.01722755003095447,0.01722755003095447,1
0.01,0.0002,50.54505005561735,0.019784330985915494,0.20014157869611365,0.1166584640762174,51,1.3357370765021415e-16,0.0,LL+,1,0.1832359185515013,-0.016905660144612367,LLTR+,2,0.20045053789633666,0.0003089592002230024,LL+,1,0.1832359185515013,-0.016905660144612367,LLTR+,2,0.20045053789633666,0.0003089592002230024,0.01721461934483537,0.01721461934483537,0.01721461934483537,1
0.01,0.0002,50.645161290322584,0.019745222929936305,0.20001306090967488,0.116636661335009,51,-4.1578337994785386e-12,0.0,LL+,1,0.18311175104002386,-0.01690130986965102,LLTR+,2,0.20031345834340664,0.00030039743373175276,LL+,1,0.18311175104002386,-0.01690130986965102,LLTR+,2,0.20031345834340664,0.00030039743373175276,0.017201707303382774,0.017201707303382774,0.017201707303382774,1
0.01,0.0002,50.74527252502781,0.01970626918018413,0.1998848432647131,0.11661494461952215,51,-2.2011212297279314e-13,0.0,LL+,1,0.182988091932594,-0.016896751332119098,LLTR+,2,0.2001769057993672,0.00029206253465410836,LL+,1,0.182988091932594,-0.016896751332119098,LLTR+,2,0.2001769057993672,0.00029206253465410836,0.017188813866773206,0.017188813866773206,0.017188813866773206,1
0.01,0.0002,50.84538375973304,0.019667468825202362,0.1997569385414165,0.11659331342161983,51,3.2959746043559335e-17,0.0,LL+,1,0.18286493818979535,-0.01689200035162114,LLTR+,2,0.20004087718509955,0.00028393864368306265,LL+,1,0.18286493818979535,-0.01689200035162114,LLTR+,2,0.20004087718509955,0.00028393864368306265,0.017175938995304202,0.017175938995304202,0.017175938995304202,1
0.01,0.0002,50.94549499443826,0.01962882096069869,0.19962935805888163,0.11657176723715904,51,-4.1348868773383174e-14,0.0,LL+,1,0.18274228679617485,-0.016887071262706776,LLTR+,2,0.19990536944556841,0.0002760113866867864,LL+,1,0.18274228679617485,-0.016887071262706776,LLTR+,2,0.19990536944556841,0.0002760113866867864,0.017163082649393563,0.017163082649393563,0.017163082649393563,1
0.01,0.0002,51.045606229143495,0.01959032468947483,0.1995021118515953,0.11655030556595172,51,-4.246603069191224e-15,0.0,LL+,1,0.18262013476000738,-0.016881977091587924,LLTR+,2,0.19977037954958626,0.0002682676979909593,LL+,1,0.18262013476000738,-0.016881977091587924,LLTR+,2,0.19977037954958626,0.0002682676979909593,0.017150244789578883,0.017150244789578883,0.017150244789578883,1
0.01,0.0002,51.145717463848726,0.01955197912135711,0.19937520882738677,0.11652892791172609,51,2.5326962749261384e-16,0.0,LL+,1,0.1824984791130637,-0.01687672971432308,LLTR+,2,0.19963590448958074,0.00026069566219397156,LL+,1,0.1824984791130637,-0.01687672971432308,LLTR+,2,0.19963590448958074,0.00026069566219397156,0.01713742537651705,0.01713742537651705,0.01713742537651705,1
0.01,0.0002,51.24582869855395,0.019513783373127848,0.19924865690153262,0.11650763378208828,51,-4.1884204438069617e-13,0.0,LL+,1,0.18237731691038062,-0.016871339991152007,LLTR+,2,0.19950194128136436,0.0002532843798317419,LL+,1,0.18237731691038062,-0.016871339991152007,LLTR+,2,0.19950194128136436,0.0002532843798317419,0.01712462437098375,0.01712462437098375,0.01712462437098375,1
0.01,0.0002,51.34593993325918,0.01947573656845754,0.19912246311200157,0.11648642268848458,51,-1.5940009728820925e-12,0.0,LL+,1,0.18225664523003424,-0.016865817881967338,LLTR+,2,0.1993684869639071,0.0002460238519055302,LL+,1,0.18225664523003424,-0.016865817881967338,LLTR+,2,0.1993684869639071,0.0002460238519055302,0.017111841733872868,0.017111841733872868,0.017111841733872868,1
0.01,0.0002,51.446051167964406,0.019437837837837837,0.1989966337200507,0.1164652941461641,51,-2.5444923945627806e-13,0.0,LL+,1,0.18213646117291574,-0.016860172547134955,LLTR+,2,0.19923553859911167,0.0002389048790609749,LL+,1,0.18213646117291574,-0.016860172547134955,LLTR+,2,0.19923553859911167,0.0002389048790609749,0.01709907742619593,0.01709907742619593,0.01709907742619593,1
0.01,0.0002,51.54616240266964,0.01940008631851532,0.19887117429185555,0.1164442476741418,51,-1.6313131401268777e-12,0.0,LL+,1,0.18201676186250954,-0.016854412429346016,LLTR+,2,0.1991030932715913,0.00023191897973576237,LL+,1,0.18201676186250954,-0.016854412429346016,LLTR+,2,0.1991030932715913,0.00023191897973576237,0.01708633140908178,0.01708633140908178,0.01708633140908178,1
0.01,0.0002,51.64627363737486,0.019362481154426018,0.1987460897804481,0.11642328279516201,51,4.874572967494828e-16,0.0,LL+,1,0.1818975444446745,-0.016848545335773596,LLTR+,2,0.1989711480884504,0.00022505830800229054,LL+,1,0.1818975444446745,-0.016848545335773596,LLTR+,2,0.1989711480884504,0.00022505830800229054,0.017073603643775886,0.017073603643775886,0.017073603643775886,1
0.01,0.0002,51.74638487208009,0.019325021496130697,0.19862138458589867,0.11640239903566238,51,7.1779995142184916e-12,0.0,LL+,1,0.18177880608742722,-0.016842578498471455,LLTR+,2,0.198839700179067,0.00021831559316831672,LL+,1,0.18177880608742722,-0.016842578498471455,LLTR+,2,0.198839700179067,0.00021831559316831672,0.017060894091639772,0.017060894091639772,0.017060894091639772,1
0.01,0.0002,51.84649610678532,0.01928770650075091,0.1984970626068551,0.11638159592573814,51,2.0572901021642664e-12,0.0,LL+,1,0.18166054398072795,-0.016836518626127145,LLTR+,2,0.1987087466948788,0.00021168408802371697,LL+,1,0.18166054398072795,-0.016836518626127145,LLTR+,2,0.1987087466948788,0.00021168408802371697,0.017048202714150862,0.017048202714150862,0.017048202714150862,1
0.01,0.0002,51.94660734149055,0.01925053533190578,0.19837312730942086,0.11636087299910698,51,-8.27463098040937e-16,0.0,LL+,1,0.1815427553362693,-0.01683037197315157,LLTR+,2,0.1985782848091708,0.00020515749974994724,LL+,1,0.1815427553362693,-0.01683037197315157,LLTR+,2,0.1985782848091708,0.00020515749974994724,0.017035529472901517,0.017035529472901517,0.017035529472901517,1
0.01,0.0002,52.04671857619577,0.0192135071596495,0.1982495817551606,0.1163402297930741,53,2.2741218630439874e-12,0.0,LL+,1,0.18142543738726696,-0.016824144367893645,LLTR+,2,0.19844831171686586,0.0001987299617052518,LL+,1,0.18142543738726696,-0.016824144367893645,LLTR+,2,0.19844831171686586,0.0001987299617052518,0.017022874329598897,0.017022874329598897,0.017022874329598897,1
0.01,0.0002,52.146829810901004,0.019176621160409555,0.1981264286420787,0.11631966584849784,53,2.42861286636753e-17,0.0,LL+,1,0.18130858738825303,-0.016817841253825655,LLTR+,2,0.19831882463431733,0.00019239599223863646,LL+,1,0.18130858738825303,-0.016817841253825655,LLTR+,2,0.19831882463431733,0.00019239599223863646,0.01701023724606429,0.01701023724606429,0.01701023724606429,1
0.01,0.0002,52.24694104560623,0.019139876516925697,0.1980036703500111,0.11629918070975559,53,5.806294681165447e-12,0.0,LL+,1,0.18119220261487184,-0.01681146773513925,LLTR+,2,0.19818982079910435,0.00018615044909325862,LL+,1,0.18119220261487184,-0.01681146773513925,LLTR+,2,0.19818982079910435,0.00018615044909325862,0.01699761818423251,0.01699761818423251,0.01699761818423251,1
0.01,0.0002,52.34705228031146,0.019103272418189543,0.19788130895409423,0.11627877392471017,53,-1.817990202823694e-15,0.0,LL+,1,0.1810762803636778,-0.016805028590416438,LLTR+,2,0.19806129746982953,0.0001799885157353076,LL+,1,0.1810762803636778,-0.016805028590416438,LLTR+,2,0.19806129746982953,0.0001799885157353076,0.016985017106151745,0.016985017106151745,0.016985017106151745,1
0.01,0.0002,52.44716351501669,0.01906680805938494,0.1977593462761096,0.11625844504467661,53,3.1418912610492455e-12,0.0,LL+,1,0.1809608179519357,-0.016798528324173917,LLTR+,2,0.1979332519259185,0.0001739056498089031,LL+,1,0.1809608179519357,-0.016798528324173917,LLTR+,2,0.1979332519259185,0.0001739056498089031,0.01697243397398282,0.01697243397398282,0.01697243397398282,1
0.01,0.0002,52.547274749721915,0.01903048264182896,0.1976377838850176,0.11623819362438916,53,6.241986094668306e-13,0.0,LL+,1,0.1808458127174237,-0.0167919711675939,LLTR+,2,0.19780568146742233,0.00016789758240473573,LL+,1,0.1808458127174237,-0.0167919711675939,LLTR+,2,0.19780568146742233,0.00016789758240473573,0.016959868749998636,0.016959868749998636,0.016959868749998636,1
0.01,0.0002,52.647385984427146,0.018994295372913583,0.19751662313763166,0.11621801922196884,53,-7.439708571421733e-14,0.0,LL+,1,0.18073126201823775,-0.01678536111939391,LLTR+,2,0.19767858341482175,0.00016196027719009298,LL+,1,0.18073126201823775,-0.01678536111939391,LLTR+,2,0.19767858341482175,0.00016196027719009298,0.016947321396584003,0.016947321396584003,0.016947321396584003,1
0.01,0.0002,52.74749721913237,0.01895824546604808,0.19739586518902527,0.11619792139889132,53,2.6288693444342925e-13,0.0,LL+,1,0.18061716323259902,-0.01677870195642625,LLTR+,2,0.19755195510883378,0.00015608991980850528,LL+,1,0.18061716323259902,-0.01677870195642625,LLTR+,2,0.19755195510883378,0.00015608991980850528,0.016934791876234756,0.016934791876234756,0.016934791876234756,1
0.01,0.0002,52.8476084538376,0.018922332140601978,0.19727551101303095,0.11617789971995511,53,-1.1109169140155473e-14,0.0,LL+,1,0.18050351375866297,-0.016771997254367982,LLTR+,2,0.19742579391022064,0.00015028289718968524,LL+,1,0.18050351375866297,-0.016771997254367982,LLTR+,2,0.19742579391022064,0.00015028289718968524,0.016922280151557667,0.016922280151557667,0.016922280151557667,1
0.01,0.0002,52.947719688542826,0.01888655462184874,0.19715556141645763,0.11615795375325018,53,-1.0599722488624508e-11,0.0,LL+,1,0.18039031101433103,-0.01676525040212659,LLTR+,2,0.19730009719960076,0.00014453578314313487,LL+,1,0.18039031101433103,-0.01676525040212659,LLTR+,2,0.19730009719960076,0.00014453578314313487,0.016909786185269726,0.016909786185269726,0.016909786185269726,1
0.01,0.0002,53.04783092324806,0.01885091214091004,0.1970360170687887,0.11613808307012685,53,-8.396235096075344e-14,0.0,LL+,1,0.18027755243706386,-0.01675846463172484,LLTR+,2,0.19717486237726162,0.00013884530847291243,LL+,1,0.18027755243706386,-0.01675846463172484,LLTR+,2,0.19717486237726162,0.00013884530847291243,0.016897309940197752,0.016897309940197752,0.016897309940197752,1
0.01,0.0002,53.14794215795328,0.01881540393470071,0.1969168784833804,0.11611828724516515,53,-2.7574470484736935e-12,0.0,LL+,1,0.18016523548369748,-0.01675164299968293,LLTR+,2,0.19705008686297532,0.00013320837959490683,LL+,1,0.18016523548369748,-0.01675164299968293,LLTR+,2,0.19705008686297532,0.00013320837959490683,0.016884851379277838,0.016884851379277838,0.016884851379277838,1
0.01,0.0002,53.24805339265851,0.01878002924587424,0.19679814606513468,0.11609856585614439,53,-1.4309230883524648e-12,0.0,LL+,1,0.1800533576302606,-0.01674478843487409,LLTR+,2,0.19692576809581566,0.00012762203068097944,LL+,1,0.1800533576302606,-0.01674478843487409,LLTR+,2,0.19692576809581566,0.00012762203068097944,0.01687241046555507,0.01687241046555507,0.01687241046555507,1
0.01,0.0002,53.34816462736374,0.018744787322768974,0.19667982009982585,0.11607891848401321,53,-3.864616959781131e-14,0.0,LL+,1,0.1799419163717947,-0.016737903728031134,LLTR+,2,0.19680190353397767,0.00012208343415182066,LL+,1,0.1799419163717947,-0.016737903728031134,LLTR+,2,0.19680190353397767,0.00012208343415182066,0.016859987162182954,0.016859987162182954,0.016859987162182954,1
0.01,0.0002,53.44827586206897,0.018709677419354837,0.1965619007730978,0.11605934471285984,53,5.571570982354501e-12,0.0,LL+,1,0.17983090922217598,-0.01673099155092181,LLTR+,2,0.1966784906545988,0.00011658988150101135,LL+,1,0.17983090922217598,-0.01673099155092181,LLTR+,2,0.1966784906545988,0.00011658988150101135,0.01684758143242282,0.01684758143242282,0.01684758143242282,1
0.01,0.0002,53.54838709677419,0.018674698795180723,0.19644438816764176,0.11603984412988276,53,-1.4184910190895295e-11,0.0,LL+,1,0.17972033371393886,-0.016724054453702897,LLTR+,2,0.19655552695358253,0.00011113878594076754,LL+,1,0.17972033371393886,-0.016724054453702897,LLTR+,2,0.19655552695358253,0.00011113878594076754,0.016835193239643664,0.016835193239643664,0.016835193239643664,1
0.01,0.0002,53.64849833147942,0.018639850715322412,0.1963272823076709,0.11602041632536175,53,4.878649567663373e-13,0.0,LL+,1,0.17961018739810206,-0.016717094909568853,LLTR+,2,0.19643300994542354,0.00010572763775262839,LL+,1,0.17961018739810206,-0.016717094909568853,LLTR+,2,0.19643300994542354,0.00010572763775262839,0.01682282254732148,0.01682282254732148,0.01682282254732148,1
0.01,0.0002,53.748609566184655,0.018605132450331123,0.19621058310882047,0.11600106089262911,53,-8.143190982634607e-13,0.0,LL+,1,0.17950046784399634,-0.016710115264824132,LLTR+,2,0.19631093716303513,0.00010035405421465748,LL+,1,0.17950046784399634,-0.016710115264824132,LLTR+,2,0.19631093716303513,0.00010035405421465748,0.01681046931903879,0.01681046931903879,0.01681046931903879,1
0.01,0.0002,53.84872080088988,0.018570543276182606,0.19609429043813253,0.1159817774280413,53,2.4688792676919036e-12,0.0,LL+,1,0.17939117263909415,-0.01670311779903838,LLTR+,2,0.19618930615757849,9.501571944595111e-05,LL+,1,0.17939117263909415,-0.01670311779903838,LLTR+,2,0.19618930615757849,9.501571944595111e-05,0.01679813351848433,0.01679813351848433,0.01679813351848433,1
0.01,0.0002,53.94883203559511,0.018536082474226803,0.19597840409472103,0.11596256553095095,53,1.1871658170403698e-11,0.0,LL+,1,0.17928229938884116,-0.01669610470587987,LLTR+,2,0.1960681144982937,8.971040357266813e-05,LL+,1,0.17928229938884116,-0.01669610470587987,LLTR+,2,0.1960681144982937,8.971040357266813e-05,0.01678581510945254,0.01678581510945254,0.01678581510945254,1
0.01,0.0002,54.048943270300335,0.018501749331138094,0.1958629238134016,0.115943424803679,55,3.944240767328466e-14,0.0,LL+,1,0.17917384571648975,-0.016689078096911836,LLTR+,2,0.19594735977233294,8.443595893134481e-05,LL+,1,0.17917384571648975,-0.016689078096911836,LLTR+,2,0.19594735977233294,8.443595893134481e-05,0.01677351405584318,0.01677351405584318,0.01677351405584318,1
0.01,0.0002,54.149054505005566,0.018467543138866064,0.1957478492959398,0.11592435485148733,55,-7.543791979980341e-14,0.0,LL+,1,0.17906580926293442,-0.016682040033005385,LLTR+,2,0.19582703958459513,7.919028865532862e-05,LL+,1,0.17906580926293442,-0.016682040033005385,LLTR+,2,0.19582703958459513,7.919028865532862e-05,0.016761230321660714,0.016761230321660714,0.016761230321660714,1
0.01,0.0002,54.24916573971079,0.018433463194586837,0.19563318019086767,0.11590535528255166,55,1.4888300661763942e-11,0.0,LL+,1,0.17895818768654875,-0.01667499250431892,LLTR+,2,0.1957071515575628,7.397136669512472e-05,LL+,1,0.17895818768654875,-0.01667499250431892,LLTR+,2,0.1957071515575628,7.397136669512472e-05,0.016748963871014044,0.016748963871014044,0.016748963871014044,1
0.01,0.0002,54.34927697441602,0.01839950880065493,0.19551891609212674,0.11588642570793463,55,-4.829182193022419e-12,0.0,LL+,1,0.1788509786630244,-0.01666793742910233,LLTR+,2,0.1955876933311404,6.877723901366206e-05,LL+,1,0.1788509786630244,-0.01666793742910233,LLTR+,2,0.1955876933311404,6.877723901366206e-05,0.016736714668115993,0.016736714668115993,0.016736714668115993,1
0.01,0.0002,54.449388209121246,0.01836567926455567,0.195405056589521,0.11586756574155929,55,-9.619215146638993e-14,0.0,LL+,1,0.17874417988521188,-0.01666087670430913,LLTR+,2,0.19546866256249484,6.360597297383475e-05,LL+,1,0.17874417988521188,-0.01666087670430913,LLTR+,2,0.19546866256249484,6.360597297383475e-05,0.016724482677282965,0.016724482677282965,0.016724482677282965,1
0.01,0.0002,54.54949944382648,0.018331973898858073,0.19529160121764863,0.11584877500018288,55,-3.640664159032525e-14,0.0,LL+,1,0.17863778906296277,-0.016653812154685865,LLTR+,2,0.1953500569258972,5.845570824855595e-05,LL+,1,0.17863778906296277,-0.016653812154685865,LLTR+,2,0.1953500569258972,5.845570824855595e-05,0.01671226786293442,0.01671226786293442,0.01671226786293442,1
0.01,0.0002,54.6496106785317,0.018298392021168328,0.19517854949247287,0.11583005310337086,55,-7.441035634880855e-12,0.0,LL+,1,0.17853180392297424,-0.016646745569498633,LLTR+,2,0.19523187411256665,5.3324620093775366e-05,LL+,1,0.17853180392297424,-0.016646745569498633,LLTR+,2,0.19523187411256665,5.3324620093775366e-05,0.01670007018959241,0.01670007018959241,0.01670007018959241,1
0.01,0.0002,54.74972191323693,0.018264932954083705,0.19506590091452983,0.11581139967347118,55,-1.449838513134516e-12,0.0,LL+,1,0.1784262222086347,-0.01663967870589514,LLTR+,2,0.19511411183051602,4.8210915986196534e-05,LL+,1,0.1784262222086347,-0.01663967870589514,LLTR+,2,0.19511411183051602,4.8210915986196534e-05,0.016687889621881336,0.016687889621881336,0.016687889621881336,1
0.01,0.0002,54.849833147942164,0.018231596025147026,0.194953654958453,0.11579281433558897,55,1.127887019891638e-11,0.0,LL+,1,0.1783210416798714,-0.016632613278581593,LLTR+,2,0.19499676780439873,4.311284594574194e-05,LL+,1,0.1783210416798714,-0.016632613278581593,LLTR+,2,0.19499676780439873,4.311284594574194e-05,0.016675726124527335,0.016675726124527335,0.016675726124527335,1
0.01,0.0002,54.94994438264739,0.01819838056680162,0.1948418110779857,0.11577429671756141,55,1.2564983775664729e-12,0.0,LL+,1,0.17821626011299987,-0.01662555096498583,LLTR+,2,0.19487983977535783,3.802869737212777e-05,LL+,1,0.17821626011299987,-0.01662555096498583,LLTR+,2,0.19487983977535783,3.802869737212777e-05,0.016663579662357958,0.016663579662357958,0.016663579662357958,1
0.01,0.0002,55.05005561735262,0.018165285916346734,0.19473036873318747,0.11575584644993281,55,1.2216547218280027e-12,0.0,LL+,1,0.17811187530057454,-0.01661849343261293,LLTR+,2,0.19476332550087624,3.295676768877431e-05,LL+,1,0.17811187530057454,-0.01661849343261293,LLTR+,2,0.19476332550087624,3.295676768877431e-05,0.016651450200301704,0.016651450200301704,0.016651450200301704,1
0.01,0.0002,55.15016685205784,0.018132311415893505,0.19461932736419965,0.11573746316593014,55,9.332812300755222e-16,0.0,LL+,1,0.17800788505124154,-0.016611442312958108,LLTR+,2,0.19464722275462917,2.789539042952205e-05,LL+,1,0.17800788505124154,-0.016611442312958108,LLTR+,2,0.19464722275462917,2.789539042952205e-05,0.01663933770338763,0.01663933770338763,0.01663933770338763,1
0.01,0.0002,55.250278086763075,0.01809945641232132,0.19450868641055943,0.11571914650143864,55,1.0276675344034203e-13,0.0,LL+,1,0.17790428718959253,-0.016604399220966903,LLTR+,2,0.1945315293263375,2.2842915778059636e-05,LL+,1,0.17790428718959253,-0.016604399220966903,LLTR+,2,0.1945315293263375,2.2842915778059636e-05,0.016627242136744963,0.016627242136744963,0.016627242136744963,1
0.01,0.0002,55.3503893214683,0.018066720257234728,0.1943984453064043,0.11570089609497787,55,-1.07953264383287e-11,0.0,LL+,1,0.17780107955602065,-0.016597365750383647,LLTR+,2,0.19441624302162336,1.779771521906448e-05,LL+,1,0.17780107955602065,-0.016597365750383647,LLTR+,2,0.19441624302162336,1.779771521906448e-05,0.01661516346560271,0.01661516346560271,0.01661516346560271,1
0.01,0.0002,55.45050055617353,0.01803410230692076,0.19428860350022434,0.11568271158767783,55,-1.826663820203578e-15,0.0,LL+,1,0.17769826000657765,-0.016590343493646686,LLTR+,2,0.1943013616618667,1.275816164236776e-05,LL+,1,0.17769826000657765,-0.016590343493646686,LLTR+,2,0.1943013616618667,1.275816164236776e-05,0.016603101655289054,0.016603101655289054,0.016603101655289054,1
0.01,0.0002,55.550611790878754,0.018001601922306768,0.1941791604254865,0.11566459262325554,55,-5.956716023214348e-12,0.0,LL+,1,0.17759582641283275,-0.016583334012653744,LLTR+,2,0.194186883084064,7.722658577513641e-06,LL+,1,0.17759582641283275,-0.016583334012653744,LLTR+,2,0.194186883084064,7.722658577513641e-06,0.016591056671231258,0.016591056671231258,0.016591056671231258,1
0.01,0.0002,55.650723025583986,0.01796921846891865,0.19407011554214065,0.11564653884799166,55,-1.0408340855860843e-17,0.0,LL+,1,0.17749377666173294,-0.016576338880407715,LLTR+,2,0.19407280514068792,2.689598547267469e-06,LL+,1,0.17749377666173294,-0.016576338880407715,LLTR+,2,0.19407280514068792,2.689598547267469e-06,0.016579028478954982,0.016579028478954982,0.016579028478954982,1
0.01,0.0002,55.75083426028921,0.017936951316839585,0.19396146830967945,0.11562854991070758,55,6.600903851294859e-12,0.0,LLTR+,2,0.193959125699549,-2.342610130434686e-06,LL+,2,0.22022909318824782,0.026267624878568374,LL+,1,0.1773921086554649,-0.01656935965421455,LLTR+,2,0.193959125699549,-2.342610130434686e-06,0.02626996748869881,0.016567017044084115,0.016567017044084115,1
0.01,0.0002,55.85094549499444,0.01790479984066919,0.1938532182003789,0.11561062546274259,55,-1.9316492849696942e-13,0.0,LLTR+,2,0.19384584264365834,-7.375556720562448e-06,LL+,2,0.22005285589369708,0.02619963769331818,LL+,1,0.17729082031131815,-0.016562397889060748,LLTR+,2,0.19384584264365834,-7.375556720562448e-06,0.02620701325003874,0.016555022332340186,0.016555022332340186,1
0.01,0.0002,55.951056729699665,0.0178727634194831,0.19374536471264192,0.11559276515793133,55,-5.984795992119984e-16,0.0,LLTR+,2,0.19373295387109213,-1.241084154979255e-05,LL+,2,0.21987725745115258,0.02613189273851066,LL+,1,0.17718990956155004,-0.016555455151091886,LLTR+,2,0.19373295387109213,-1.241084154979255e-05,0.026144303580060452,0.016543044309542093,0.016543044309542093,1
0.01,0.0002,56.0511679644049,0.017840841436793015,0.19363790735651526,0.11557496865258161,57,-2.5200327935515077e-14,0.0,LLTR+,2,0.19362045729485747,-1.745006165779217e-05,LL+,2,0.21970229442643818,0.026064387069922923,LL+,1,0.17708937435325187,-0.016548533003263394,LLTR+,2,0.19362045729485747,-1.745006165779217e-05,0.026081837131580715,0.0165310829416056,0.0165310829416056,1
0.01,0.0002,56.15127919911013,0.01780903328050713,0.19353084566643863,0.11555723560545222,57,5.152128723651117e-16,0.0,LLTR+,2,0.19350835084275966,-2.2494823678970155e-05,LL+,2,0.21952796340988576,0.025997117743447123,LL+,1,0.17698921264821663,-0.016541633018222007,LLTR+,2,0.19350835084275966,-2.2494823678970155e-05,0.026019612567126094,0.016519138194543037,0.016519138194543037,1
0.01,0.0002,56.25139043381535,0.017777338342891042,0.19342417920201385,0.11553956567773127,57,-8.153200337090993e-17,0.0,LLTR+,2,0.19339663245727093,-2.75467447429234e-05,LL+,2,0.21935426101611685,0.025930081814103,LL+,1,0.17688942242280803,-0.016534756779205823,LLTR+,2,0.19339663245727093,-2.75467447429234e-05,0.025957628558845924,0.0165072100344629,0.0165072100344629,1
0.01,0.0002,56.351501668520584,0.017745756020529014,0.19331790755193115,0.11552195853301443,57,2.762411827061939e-12,0.0,LLTR+,2,0.1932853000954004,-3.26074565307477e-05,LL+,2,0.21918118388382693,0.02586327633189578,LL+,1,0.1767900016678309,-0.016527905884100247,LLTR+,2,0.1932853000954004,-3.26074565307477e-05,0.025895883788426527,0.0164952984275695,0.0164952984275695,1
0.01,0.0002,56.45161290322581,0.017714285714285714,0.19321203033270043,0.1155044138372838,57,-1.3046369540248293e-12,0.0,LLTR+,2,0.19317435172856562,-3.7678604134810945e-05,LL+,2,0.21900872867557203,0.0257966983428716,LL+,1,0.17669094838840327,-0.01652108194429716,LLTR+,2,0.19317435172856562,-3.7678604134810945e-05,0.02583437694700641,0.01648340334016235,0.01648340334016235,1
0.01,0.0002,56.55172413793104,0.01768292682926829,0.19310654720156745,0.11548693125888658,57,-4.163336342344337e-16,0.0,LLTR+,2,0.19306378534246557,-4.2761859101875244e-05,LL+,2,0.21883689207755724,0.025730344875989797,LL+,1,0.1765922606038294,-0.016514286597738043,LLTR+,2,0.19306378534246557,-4.2761859101875244e-05,0.025773106735091672,0.016471524738636167,0.016471524738636167,1
0.01,0.0002,56.65183537263626,0.017651678774788924,0.19300145784774408,0.11546951046851434,57,-1.4613917714845215e-12,0.0,LLTR+,2,0.19295359893695452,-4.785891078956661e-05,LL+,2,0.21866567079942814,0.025664212951684057,LL+,1,0.1764939363474744,-0.016507521500269684,LLTR+,2,0.19295359893695452,-4.785891078956661e-05,0.025712071862473623,0.016459662589480117,0.016459662589480117,1
0.01,0.0002,56.751946607341495,0.017620540964327712,0.19289676200655936,0.11545215113918221,57,3.3956726319672725e-12,0.0,LLTR+,2,0.19284379052591777,-5.297148064159485e-05,LL+,2,0.21849506157406365,0.025598299567504285,LL+,1,0.17639597366664012,-0.016500788339919248,LLTR+,2,0.19284379052591777,-5.297148064159485e-05,0.02565127104814588,0.016447816859277653,0.016447816859277653,1
0.01,0.0002,56.85205784204672,0.01758951281549599,0.19279245945160098,0.11543485294620852,57,1.4623684208014964e-12,0.0,LLTR+,2,0.19273435813714845,-5.810131445252442e-05,LL+,2,0.21832506115737166,0.02553260170577068,LL+,1,0.17629837062244236,-0.01649408882915862,LLTR+,2,0.19273435813714845,-5.810131445252442e-05,0.025590703020223204,0.016435987514706096,0.016435987514706096,1
0.01,0.0002,56.95216907675195,0.01755859375,0.19268855001298396,0.11541761556719451,57,7.751601444061507e-12,0.0,LLTR+,2,0.1926252998122256,-6.325020075836907e-05,LL+,2,0.2181556663280865,0.02546711631510254,LL+,1,0.17620112528968931,-0.016487424723294647,LLTR+,2,0.1926252998122256,-6.325020075836907e-05,0.02553036651586091,0.016424174522536278,0.016424174522536278,1
0.01,0.0002,57.052280311457174,0.01752778319360499,0.1925850335621398,0.1154004386820043,57,3.543519644377824e-14,0.0,LLTR+,2,0.19251661360639352,-6.841995574627391e-05,LL+,2,0.21798687388756874,0.025401840325428943,LL+,1,0.1761042357567614,-0.016480797805378394,LLTR+,2,0.19251661360639352,-6.841995574627391e-05,0.025470260281175217,0.01641237784963212,0.01641237784963212,1
0.01,0.0002,57.152391546162406,0.01749708057609965,0.19248191003965548,0.11538332197274506,57,7.91554322088217e-15,0.0,LLTR+,2,0.19240829758844252,-7.361245121295656e-05,LL+,2,0.21781868065960683,0.02533677061995135,LL+,1,0.17600770012549233,-0.01647420991416315,LLTR+,2,0.19240829758844252,-7.361245121295656e-05,0.025410383071164305,0.016400597462950195,0.016400597462950195,1
0.01,0.0002,57.25250278086763,0.01746648533126093,0.19237917943385782,0.11536626512374748,57,-1.400584682953454e-11,0.0,LLTR+,2,0.19230034984059088,-7.882959326693806e-05,LL+,2,0.2176510834902214,0.025271904056363564,LL+,1,0.17591151651105127,-0.016467662922806547,LLTR+,2,0.19230034984059088,-7.882959326693806e-05,0.025350733649630502,0.01638883332953961,0.01638883332953961,1
0.01,0.0002,57.35261401557286,0.01743599689681924,0.19227684181716348,0.11534926782154623,57,-1.6653345369377348e-16,0.0,LLTR+,2,0.1921927684583678,-8.407335879567768e-05,LL+,2,0.2174840792474705,0.025207237430307033,LL+,1,0.1758156830418265,-0.016461158775336993,LLTR+,2,0.1921927684583678,-8.407335879567768e-05,0.02529131078910271,0.016377085416541315,0.016377085416541315,1
0.01,0.0002,57.45272525027809,0.017405614714424006,0.19217489730351694,0.1153323297548609,57,-1.0696804553234074e-11,0.0,LLTR+,2,0.19208555155049808,-8.934575301886016e-05,LL+,2,0.21731766482125836,0.025142767517741416,LL+,1,0.17572019785930998,-0.016454699444206966,LLTR+,2,0.19208555155049808,-8.934575301886016e-05,0.025232113270760276,0.016365353691188106,0.016365353691188106,1
0.01,0.0002,57.55283648498332,0.017375338229609585,0.19207334611165194,0.11531545061457685,57,7.303185833862358e-16,0.0,LLTR+,2,0.1919786972387874,-9.464887286453338e-05,LL+,2,0.2171518371231448,0.025078491011492843,LL+,1,0.17562505911798354,-0.016448286993668404,LLTR+,2,0.1919786972387874,-9.464887286453338e-05,0.025173139884357376,0.01635363812080387,0.01635363812080387,1
0.01,0.0002,57.65294771968855,0.017345166891761528,0.1919721885171831,0.11529863009372657,57,1.6091294963160863e-14,0.0,LLTR+,2,0.1918722036580092,-9.99848591738961e-05,LL+,2,0.21698659308615734,0.025014404568974247,LL+,1,0.17553026498520574,-0.016441923531977348,LLTR+,2,0.1918722036580092,-9.99848591738961e-05,0.025114389428148143,0.016341938672803452,0.016341938672803452,1
0.01,0.0002,57.75305895439377,0.017315100154083204,0.1918714248953056,0.1152818678874709,57,5.985299061928018e-13,0.0,LLTR+,2,0.19176606895579273,-0.00010535593951285782,LL+,2,0.2168219296646052,0.02495050476929961,LL+,1,0.17543581364110034,-0.016435611254205257,LLTR+,2,0.19176606895579273,-0.00010535593951285782,0.025055860708812466,0.0163302553146924,0.0163302553146924,1
0.01,0.0002,57.853170189099,0.017285137473562775,0.19177105571001157,0.11526516369308076,57,-2.2724877535296173e-16,0.0,LLTR+,2,0.19166029129251197,-0.00011076441749960364,LL+,2,0.21665784383389522,0.024886788123883646,LL+,1,0.17534170327844567,-0.016429352431565902,LLTR+,2,0.19166029129251197,-0.00011076441749960364,0.02499755254138325,0.0163185880140663,0.0163185880140663,1
0.01,0.0002,57.95328142380423,0.017255278310940498,0.19167108152531917,0.11524851720991883,57,-2.0496486452525886e-12,0.0,LLTR+,2,0.19155486884117606,-0.0001162126841431077,LL+,2,0.21649433259034928,0.02482325106503011,LL+,1,0.17524793210256534,-0.01642314942275383,LLTR+,2,0.19155486884117606,-0.0001162126841431077,0.02493946374917322,0.016306936738610722,0.016306936738610722,1
0.01,0.0002,58.05339265850946,0.017225522130676373,0.19157150301404527,0.11523192813942158,59,-6.938893903907228e-18,0.0,LLTR+,2,0.19144979978732052,-0.00012170322672475087,LL+,2,0.21633139295102427,0.024759889936979,LL+,1,0.17515449833121988,-0.016417004682825392,LLTR+,2,0.19144979978732052,-0.00012170322672475087,0.024881593163703752,0.01629530145610064,0.01629530145610064,1
0.01,0.0002,58.15350389321468,0.01719586840091813,0.19147232096021777,0.11521539618508136,59,3.469446951953614e-16,0.0,LLTR+,2,0.1913450823288999,-0.00012723863131786084,LL+,2,0.21616902195353346,0.024696700993315696,LL+,1,0.17506140019449962,-0.01641092076571815,LLTR+,2,0.1913450823288999,-0.00012723863131786084,0.024823939624633556,0.01628368213440029,0.01628368213440029,1
0.01,0.0002,58.253615127919915,0.017166316593469542,0.19137353627371245,0.11519892105242878,59,-9.799192707271587e-13,0.0,LLTR+,2,0.19124071467618126,-0.00013282159753119638,LL+,2,0.21600721665586978,0.024633680382157325,LL+,1,0.17496863593471862,-0.016404900338993833,LLTR+,2,0.19124071467618126,-0.00013282159753119638,0.02476650197968852,0.016272078741462637,0.016272078741462637,1
0.01,0.0002,58.35372636262514,0.017136866183759054,0.19127514999834172,0.11518250244901518,59,9.654169824679926e-13,0.0,LLTR+,2,0.191136695051639,-0.0001384549467027263,LL+,2,0.21584597413623105,0.02457082413788933,LL+,1,0.17487620380630992,-0.016398946192031805,LLTR+,2,0.191136695051639,-0.0001384549467027263,0.024709279084592056,0.01626049124532908,0.01626049124532908,1
0.01,0.0002,58.45383759733037,0.017107516650808754,0.1911771633179747,0.11516614008439538,59,-6.036837696399289e-15,0.0,LLTR+,2,0.1910330216898506,-0.00014414162812412257,LL+,2,0.21568529149284701,0.0245081281748723,LL+,1,0.17478410207572131,-0.0163930612422534,LLTR+,2,0.1910330216898506,-0.00014414162812412257,0.024652269802996424,0.016248919614129276,0.016248919614129276,1
0.01,0.0002,58.553948832035594,0.01707826747720365,0.1910795775747744,0.11514983367011054,59,1.8593165201918893e-12,0.0,LLTR+,2,0.1909296928373934,-0.00014988473738100638,LL+,2,0.21552516584380801,0.02444558826903362,LL+,1,0.17469232902131288,-0.01638724855346152,LLTR+,2,0.1909296928373934,-0.00014988473738100638,0.024595473006414625,0.016237363816080513,0.016237363816080513,1
0.01,0.0002,58.654060066740826,0.017049118149061255,0.19098239427758865,0.11513358291967116,59,1.1846554986982838e-11,0.0,LLTR+,2,0.19082670675274258,-0.00015568752484607096,LL+,2,0.21536559432689525,0.024383200049306608,LL+,1,0.17460088293325499,-0.01638151134433366,LLTR+,2,0.19082670675274258,-0.00015568752484607096,0.02453888757415268,0.01622582381948759,0.01622582381948759,1
0.01,0.0002,58.75417130144606,0.017020068156001513,0.19088561510340077,0.11511738754854035,59,3.679348492546808e-15,0.0,LLTR+,2,0.19072406170617015,-0.00016155339723061823,LL+,2,0.2152065740994135,0.02432095899601272,LL+,1,0.17450976211342784,-0.016375852989972933,LLTR+,2,0.19072406170617015,-0.00016155339723061823,0.02448251239324334,0.016214299592742315,0.016214299592742315,1
0.01,0.0002,58.85428253615128,0.01699111699111699,0.190789241946419,0.11510124727411723,59,1.0686521112468483e-12,0.0,LLTR+,2,0.1906217559796449,-0.00016748596677410021,LL+,2,0.2150481023380245,0.02425886039160549,LL+,1,0.17441896487532146,-0.016370277071097533,LLTR+,2,0.1906217559796449,-0.00016748596677410021,0.02442634635837959,0.016202791104323433,0.016202791104323433,1
0.01,0.0002,58.95439377085651,0.016962264150943394,0.19069327689714513,0.11508516181572045,59,5.395984006839605e-12,0.0,LLTR+,2,0.19051978786673335,-0.0001734890304117831,LL+,2,0.21489017623858295,0.024196899341437816,LL+,1,0.17432848954393731,-0.016364787353207816,LLTR+,2,0.19051978786673335,-0.0001734890304117831,0.0243703883718496,0.016191298322796033,0.016191298322796033,1
0.01,0.0002,59.05450500556174,0.016933509135430402,0.19059772227436003,0.11506913089457196,59,3.954076649437255e-13,0.0,LLTR+,2,0.19041815567250173,-0.0001795666018583053,LL+,2,0.2147327930159737,0.024135070741613668,LL+,1,0.1742383344556906,-0.01635938781866944,LLTR+,2,0.19041815567250173,-0.0001795666018583053,0.024314637343471973,0.016179821216811135,0.016179821216811135,1
0.01,0.0002,59.15461624026697,0.016904851447912747,0.1905025806558693,0.11505315423378086,59,5.4659402004553215e-14,0.0,LLTR+,2,0.19031685771341908,-0.00018572294245022825,LL+,2,0.21457594990395057,0.02407336924808126,LL+,1,0.1741484979583133,-0.016354082697556005,LLTR+,2,0.19031685771341908,-0.00018572294245022825,0.02425909219053149,0.016168359755105777,0.016168359755105777,1
0.01,0.0002,59.25472747497219,0.01687629059508166,0.19040785488476908,0.11503723155832754,59,8.673617379884035e-18,0.0,LLTR+,2,0.19021589231726124,-0.00019196256750783625,LL+,2,0.2144196441549772,0.02401178927020811,LL+,1,0.17405897841075893,-0.01634887647401015,LLTR+,2,0.19021589231726124,-0.00019196256750783625,0.024203751837715948,0.016156913906502313,0.016156913906502313,1
0.01,0.0002,59.35483870967742,0.01684782608695652,0.19031354810233095,0.11502136259504778,59,2.7890190157364714e-13,0.0,LLTR+,2,0.1901152578230156,-0.0001982902793153385,LL+,2,0.21426387304006891,0.023950324937737966,LL+,1,0.17396977418310744,-0.01634377391922351,LLTR+,2,0.1901152578230156,-0.0001982902793153385,0.024148615217053304,0.01614548363990817,0.01614548363990817,1
0.01,0.0002,59.45494994438265,0.016819457436856877,0.19021966377373054,0.11500554707261722,59,-2.6423307986078726e-14,0.0,LLTR+,2,0.19001495258078727,-0.00020471119294326878,LL+,2,0.21410863384863682,0.023888970074906285,LL+,1,0.17388088365647159,-0.01633878011725895,LLTR+,2,0.19001495258078727,-0.00020471119294326878,0.024093681267849554,0.01613406892431568,0.01613406892431568,1
0.01,0.0002,59.55506117908788,0.01679118416137467,0.19012620572008332,0.11498978472153588,59,-7.12277459236077e-15,0.0,LLTR+,2,0.18991497495170567,-0.00021123076837764598,LL+,2,0.21395392388833295,0.023827718168249634,LL+,1,0.17379230522290423,-0.016333900497179088,LLTR+,2,0.18991497495170567,-0.00021123076837764598,0.02403894893662728,0.016122669728801442,0.016122669728801442,1
0.01,0.0002,59.6551724137931,0.01676300578034682,0.19003317815206736,0.11497407527411285,59,2.634004125923184e-14,0.0,LLTR+,2,0.1898153233078326,-0.00021785484423475499,LL+,2,0.21379974048489733,0.023766562332829977,LL+,1,0.17370403728530623,-0.016329140866761127,LLTR+,2,0.1898153233078326,-0.00021785484423475499,0.023984417177064732,0.016111286022526372,0.016111286022526372,1
0.01,0.0002,59.755283648498335,0.016734921816827997,0.18994058570754843,0.11495841846445112,59,-5.110106782169055e-12,0.0,LLTR+,2,0.18971599603207073,-0.00022458967547769881,LL+,2,0.21364608098200635,0.02370549527445792,LL+,1,0.1736160782573356,-0.016324507450212827,LLTR+,2,0.18971599603207073,-0.00022458967547769881,0.02393008494993562,0.01609991777473513,0.01609991777473513,1
0.01,0.0002,59.85539488320356,0.016706931797063743,0.18984843350613442,0.11494281402843254,59,2.7172708527700706e-14,0.0,LLTR+,2,0.18961699151807335,-0.0002314419880610763,LL+,2,0.21349294274112268,0.02364450923498826,LL+,1,0.17352842656331743,-0.01632000694281699,LLTR+,2,0.18961699151807335,-0.0002314419880610763,0.023875951223049335,0.016088564954755913,0.016088564954755913,1
0.01,0.0002,59.95550611790879,0.01667903525046382,0.18975672717836972,0.11492726170370308,59,-2.949029909160572e-17,0.0,LLTR+,2,0.1895183081701548,-0.00023841900821491846,LL+,2,0.213340323141347,0.023583595962977266,LL+,1,0.17344108063815478,-0.016315646540214945,LLTR+,2,0.1895183081701548,-0.00023841900821491846,0.023822014971192185,0.016077227532000027,0.016077227532000027,1
0.01,0.0002,60.05561735261402,0.016651231709575845,0.1896654729460312,0.11491176122965804,61,5.798906493881262e-12,0.0,LLTR+,2,0.18941994440320203,-0.00024552854282916536,LL+,2,0.21318821957927062,0.023522746633239416,LL+,1,0.17335403892724036,-0.016311434018790844,LLTR+,2,0.18941994440320203,-0.00024552854282916536,0.023768275176068582,0.016065905475961678,0.016065905475961678,1
0.01,0.0002,60.155728587319246,0.01662352071005917,0.18957467766406572,0.1148963123474275,61,-7.8236028766554e-16,0.0,LLTR+,2,0.18932189864258686,-0.000252779021478855,LL+,2,0.2130366294688303,0.023461951804764597,LL+,1,0.17326729988636919,-0.01630737777769653,LLTR+,2,0.18932189864258686,-0.000252779021478855,0.023714730826243452,0.016054598756217675,0.016054598756217675,1
0.01,0.0002,60.25583982202448,0.016595901790659034,0.1894843489222815,0.11488091479986193,61,6.666594359883149e-13,0.0,LLTR+,2,0.18922416932407904,-0.00026017959820245906,LL+,2,0.21288555024116382,0.02340120131888232,LL+,1,0.17318086198165208,-0.016303486940629414,LLTR+,2,0.18922416932407904,-0.00026017959820245906,0.02366138091708478,0.016043307342426955,0.016043307342426955,1
0.01,0.0002,60.3559510567297,0.01656837449318098,0.1893944951067502,0.1148655683315179,61,5.4979562569279494e-12,0.0,LLTR+,2,0.1891267548937605,-0.00026774021298969775,LL+,2,0.21273497934446747,0.023340484237717285,LL+,1,0.17309472368943,-0.016299771417320197,LLTR+,2,0.1891267548937605,-0.00026774021298969775,0.023608224450706983,0.0160320312043305,0.0160320312043305,1
0.01,0.0002,60.45606229143493,0.0165409383624655,0.18930512550110706,0.11485027268864403,61,2.9563157477596747e-14,0.0,LLTR+,2,0.18902965380794012,-0.00027547169316693987,LL+,2,0.21258491424385476,0.023279788742747692,LL+,1,0.17300888349618923,-0.016296242004917832,LLTR+,2,0.18902965380794012,-0.00027547169316693987,0.023555260435914632,0.016020770311750893,0.016020770311750893,1
0.01,0.0002,60.55617352614016,0.016513592946362968,0.18921625042023701,0.11483502761916686,61,-3.1867737615431935e-13,0.0,LLTR+,2,0.1889328645330695,-0.00028338588716750324,LL+,2,0.21243535242121644,0.02321910200097943,LL+,1,0.17292333989847755,-0.016292910521759463,LLTR+,2,0.1889328645330695,-0.00028338588716750324,0.023502487888146933,0.01600952463459196,0.01600952463459196,1
0.01,0.0002,60.65628476084539,0.016486337795708784,0.18912788132010022,0.11481983287267716,61,-1.9081958235744878e-17,0.0,LLTR+,2,0.1888363855456596,-0.00029149577444062547,LL+,2,0.21228629137508231,0.023158410054982093,LL+,1,0.17283809140282094,-0.01628978991727928,LLTR+,2,0.1888363855456596,-0.00029149577444062547,0.023449905829422718,0.015998294142838654,0.015998294142838654,1
0.01,0.0002,60.75639599555061,0.01645917246429879,0.1890400309636397,0.11480468820041609,61,-1.28872607030317e-14,0.0,LLTR+,2,0.1887402153321979,-0.00029981563144179657,LL+,2,0.21213772862048383,0.023097697656844135,LL+,1,0.1727531365256414,-0.0162868944379983,LLTR+,2,0.1887402153321979,-0.00029981563144179657,0.02339751328828593,0.015987078806556504,0.015987078806556504,1
0.01,0.0002,60.85650723025584,0.016432096508864923,0.1889527136023527,0.1147895933552617,61,3.4703143136916026e-14,0.0,LLTR+,2,0.18864435238906693,-0.00030836121328575716,LL+,2,0.21198966168881841,0.023036948086465725,LL+,1,0.1726684737931754,-0.016284239809177287,LLTR+,2,0.18864435238906693,-0.00030836121328575716,0.023345309299751482,0.01597587859589153,0.01597587859589153,1
0.01,0.0002,60.95661846496107,0.016405109489051096,0.18886594519093672,0.1147745480917155,61,1.9723805921856297e-15,0.0,LLTR+,2,0.18854879522246315,-0.0003171499684735679,LL+,2,0.21184208812771527,0.02297614293677855,LL+,1,0.17258410174139321,-0.016281843449543504,LLTR+,2,0.18854879522246315,-0.0003171499684735679,0.023293292905252116,0.015964693481069936,0.015964693481069936,1
0.01,0.0002,61.0567296996663,0.016378210967389322,0.18877974364787045,0.11475955216588905,61,7.0326071355264475e-12,0.0,LLTR+,2,0.1884535423483166,-0.00032620129955385213,LL+,2,0.2116950055009019,0.022915261853031443,LL+,1,0.1725000189159191,-0.016279724731951356,LLTR+,2,0.1884535423483166,-0.00032620129955385213,0.023241463152585295,0.015953523432397504,0.015953523432397504,1
0.01,0.0002,61.15684093437152,0.0163514005092761,0.1886941291442573,0.11474460533549094,61,3.960470840169705e-12,0.0,LLTR+,2,0.1883585922922118,-0.0003355368520454871,LL+,2,0.21154841138807268,0.022854282243815388,LL+,1,0.17241622387195205,-0.016277905272305243,LLTR+,2,0.1883585922922118,-0.0003355368520454871,0.023189819095860875,0.015942368420259756,0.015942368420259756,1
0.01,0.0002,61.256952169076754,0.016324677682948974,0.18860912450096332,0.11472970735981355,61,2.1888393875180157e-13,0.0,LLTR+,2,0.1882639435893089,-0.0003451809116544191,LL+,2,0.21140230338475818,0.022793178883794868,LL+,1,0.1723327151741876,-0.01627640932677571,LLTR+,2,0.1882639435893089,-0.0003451809116544191,0.023138359795449287,0.01593122841512129,0.01593122841512129,1
0.01,0.0002,61.357063403781986,0.016298042059463377,0.1885247556194571,0.11471485799972034,61,8.294389480800746e-13,0.0,LLTR+,2,0.18816959478426584,-0.0003551608351912705,LL+,2,0.21125667910219595,0.022731923482738836,LL+,1,0.17224949139674017,-0.01627526422271694,LLTR+,2,0.18816959478426584,-0.0003551608351912705,0.023087084317930107,0.01592010338752567,0.01592010338752567,1
0.01,0.0002,61.45717463848721,0.016271493212669682,0.18844105202406147,0.11470005701763286,61,-1.6222093113249514e-13,0.0,LLTR+,2,0.18807554443116145,-0.00036550759290002177,LL+,2,0.2111115361672027,0.02267048414314124,LL+,1,0.1721665511230663,-0.016274500900995165,LLTR+,2,0.18807554443116145,-0.00036550759290002177,0.02303599173604126,0.015908993308095143,0.015908993308095143,1
0.01,0.0002,61.55728587319244,0.016245030719190458,0.18835804754788513,0.11468530417751818,61,5.290906601729262e-15,0.0,LLTR+,2,0.1879817910934188,-0.00037625645446631717,LL+,2,0.21096687222204738,0.022608824674162253,LL+,1,0.17208389294588863,-0.016274154601996493,LLTR+,2,0.1879817910934188,-0.00037625645446631717,0.02298508112862857,0.015897898147530176,0.015897898147530176,1
0.01,0.0002,61.657397107897665,0.016218654158397978,0.1882757811658193,0.11467059924487638,61,3.515991317537548e-12,0.0,LLTR+,2,0.18788833334372984,-0.00038744782208946504,LL+,2,0.21082268492432596,0.022546903758506653,LL+,1,0.17200151546712045,-0.01627426569869886,LLTR+,2,0.18788833334372984,-0.00038744782208946504,0.02293435158059612,0.015886817876609394,0.015886817876609394,1
0.01,0.0002,61.7575083426029,0.01619236311239193,0.18819429803904003,0.11465594198672802,61,-9.428222091933947e-15,0.0,LLTR+,2,0.1877951697639804,-0.0003991282750596403,LL+,2,0.210678971946837,0.02248467390779696,LL+,1,0.1719194172977913,-0.01627488074124872,LLTR+,2,0.1877951697639804,-0.0003991282750596403,0.0228838021828566,0.01587575246618908,0.01587575246618908,1
0.01,0.0002,61.85761957730812,0.016166157165977343,0.18811365087674076,0.11464133217160188,61,-3.4017927363905187e-15,0.0,LLTR+,2,0.1877022989451761,-0.000411351931564663,LL+,2,0.21053573097745862,0.02242208010071786,LL+,1,0.17183759705797297,-0.01627605381876779,LLTR+,2,0.1877022989451761,-0.000411351931564663,0.022833432032282525,0.015864701887203125,0.015864701887203125,1
0.01,0.0002,61.95773081201335,0.016140035906642727,0.18803390163358882,0.11462676956952284,61,2.1896581769986767e-12,0.0,LLTR+,2,0.1876097194873689,-0.00042418214621992023,LL+,2,0.2103929597190267,0.022359058085437866,LL+,1,0.1717560533767064,-0.016277848256882416,LLTR+,2,0.1876097194873689,-0.00042418214621992023,0.022783240231657786,0.015853666110662495,0.015853666110662495,1
0.01,0.0002,62.05784204671858,0.016113998924538447,0.18795512375498982,0.1146122539519997,63,1.1293049828609014e-14,0.0,LLTR+,2,0.18751742999958443,-0.0004376937554053939,LL+,2,0.21025065588921435,0.022295532134224527,LL+,1,0.17167478489192933,-0.01628033886306049,LLTR+,2,0.18751742999958443,-0.0004376937554053939,0.02273322588962992,0.015842645107655096,0.015842645107655096,1
0.01,0.0002,62.15795328142381,0.01608804581245526,0.1878774051575428,0.11459778509201332,63,5.716954687429165e-14,0.0,LLTR+,2,0.18742542909974985,-0.0004519760577929577,LL+,2,0.21010881722041205,0.022231412062869244,LL+,1,0.17159379025040442,-0.016283614907138394,LLTR+,2,0.18742542909974985,-0.0004519760577929577,0.0226833881206622,0.015831638849345436,0.015831638849345436,1
0.01,0.0002,62.25806451612903,0.01606217616580311,0.18780085219908133,0.11458336276400474,63,6.442589517430264e-14,0.0,LLTR+,2,0.18733371541462274,-0.0004671367844585883,LL+,2,0.20996744145960977,0.022166589260528446,LL+,1,0.17151306810764827,-0.016287784091433055,LLTR+,2,0.18733371541462274,-0.0004671367844585883,0.022633726044987035,0.015820647306974467,0.015820647306974467,1
0.01,0.0002,62.35817575083426,0.016036389582590082,0.18772559515408693,0.11456898674386348,63,4.876012787979889e-13,0.0,LLTR+,2,0.18724228757972017,-0.00048330757436676475,LL+,2,0.2098265263682792,0.022100931214192265,LL+,1,0.17143261712786112,-0.016292978026225813,LLTR+,2,0.18724228757972017,-0.00048330757436676475,0.02258423878855903,0.015809670451859048,0.015809670451859048,1
0.01,0.0002,62.45828698553949,0.016010685663401605,0.1876517958635719,0.11455465680891591,63,4.93199231454966e-14,0.0,LLTR+,2,0.187151144239249,-0.0005006516243228898,LL+,2,0.20968606972225823,0.022034273858686337,LL+,1,0.17135243598385702,-0.01629935987971487,LLTR+,2,0.187151144239249,-0.0005006516243228898,0.022534925483009227,0.01579870825539198,0.01579870825539198,1
0.01,0.0002,62.55839822024472,0.0159850640113798,0.18757965872494936,0.11454037273791375,63,-2.1323220966706913e-14,0.0,LLTR+,2,0.1870602840460365,-0.0005193746789128595,LL+,2,0.20954606931163555,0.02196641058668619,LL+,1,0.17127252335699505,-0.016307135367954306,LLTR+,2,0.1870602840460365,-0.0005193746789128595,0.02248578526559905,0.015787760689041447,0.015787760689041447,1
0.01,0.0002,62.65850945494995,0.015959524232203086,0.18750944691227708,0.11452613431102274,63,1.8655216260654583e-14,0.0,LLTR+,2,0.18696970566146168,-0.0005397412508154065,LL+,2,0.209406522940637,0.021897076028359913,LL+,1,0.1711928779371107,-0.016316568975166396,LLTR+,2,0.18696970566146168,-0.0005397412508154065,0.02243681727917532,0.01577682772435099,0.01577682772435099,1
0.01,0.0002,62.758620689655174,0.015934065934065933,0.18744150715841687,0.11451194130981127,63,1.238696645255999e-13,0.0,LLTR+,2,0.1868794077553874,-0.0005620994030294812,LL+,2,0.20926742842751284,0.021825921269095966,LL+,1,0.17111349842244838,-0.016328008735968486,LLTR+,2,0.1868794077553874,-0.0005620994030294812,0.022388020672125447,0.015765909332939004,0.015765909332939004,1
0.01,0.0002,62.858731924360406,0.01590868872765882,0.18737630915281486,0.1144977935172393,63,1.2119420050860086e-12,0.0,LLTR+,2,0.18678938900609296,-0.0005869201467219032,LL+,2,0.20912878360442583,0.021752474451610965,LL+,1,0.17103438351959432,-0.01634192563322054,LLTR+,2,0.18678938900609296,-0.0005869201467219032,0.022339394598332868,0.015755005486498636,0.015755005486498636,1
0.01,0.0002,62.95884315906563,0.01588339222614841,0.18731451129094895,0.11448369071764725,63,-2.42861286636753e-17,0.0,LLTR+,2,0.18669964810020748,-0.0006148631907414714,LL+,2,0.2089905863173408,0.02167607502639185,LL+,1,0.17095553194341004,-0.01635897934753891,LLTR+,2,0.18669964810020748,-0.0006148631907414714,0.02229093821713332,0.01574411615679744,0.01574411615679744,1
0.01,0.0002,63.05895439377086,0.015858176045157876,0.1872570772972623,0.11446963269674502,63,-2.316324215767551e-13,0.0,LLTR+,2,0.18661018373264388,-0.0006468935646184171,LL+,2,0.20885283442591493,0.021595757128652637,LL+,1,0.17087694241696674,-0.01638013488029555,LLTR+,2,0.18661018373264388,-0.0006468935646184171,0.022242650693271054,0.015733241315677132,0.015733241315677132,1
0.01,0.0002,63.159065628476085,0.015833039802747445,0.18720549962407257,0.1144556192416012,63,5.0306980803327406e-17,0.0,LLTR+,2,0.18652099460653332,-0.0006845050175392497,LL+,2,0.20871552580338934,0.02151002617931677,LL+,1,0.17079861367148008,-0.016406885952592487,LLTR+,2,0.18652099460653332,-0.0006845050175392497,0.02219453119685602,0.015722380935053237,0.015722380935053237,1
0.01,0.0002,63.25917686318132,0.01580798311939511,0.1871622740025701,0.11444165014063229,63,2.4910282170331755e-13,0.0,LLTR+,2,0.18643207943316062,-0.0007301945694094814,LL+,2,0.2085786583364815,0.02141638433391141,LL+,1,0.17072054444624557,-0.01644172955632453,LLTR+,2,0.18643207943316062,-0.0007301945694094814,0.02214657890332089,0.01571153498691505,0.01571153498691505,1
0.01,0.0002,63.35928809788654,0.01578300561797753,0.18713206500748591,0.11442772518359198,63,5.483113962867492e-13,0.0,LLTR+,2,0.1863434369318999,-0.0007886280755860231,LL+,2,0.2084422299252788,0.02131016491779289,LL+,1,0.17064273348857478,-0.016489331518911132,LLTR+,2,0.1863434369318999,-0.0007886280755860231,0.022098792993378913,0.01570070344332511,0.01570070344332511,1
0.01,0.0002,63.45939933259177,0.015758106923751094,0.18712528859606764,0.11441384416156075,63,6.175615574477433e-16,0.0,LLTR+,2,0.18625506583015097,-0.0008702227659166673,LL+,2,0.20830623848313295,0.021180949887065315,LL+,1,0.1705651795537319,-0.016560109042335736,LLTR+,2,0.18625506583015097,-0.0008702227659166673,0.022051172652981982,0.01568988627641907,0.01568988627641907,1
0.01,0.0002,63.559510567296996,0.015733286664333216,0.18717477523203663,0.11440000686693527,63,1.205632815803881e-15,0.0,LLTR+,2,0.18616696486327655,-0.001007810368760076,LL+,2,0.20817068193655566,0.020995906704519035,LL+,1,0.17048788140487123,-0.0166868938271654,LLTR+,2,0.18616696486327655,-0.001007810368760076,0.02200371707327911,0.015679083458405324,0.015679083458405324,1
0.01,0.0002,63.65962180200223,0.01570854446968373,0.18784276778892786,0.11438621309341819,63,3.0184188481996443e-16,0.0,LLTR+,2,0.18607913277453975,-0.0017636350143881152,LL+,2,0.208035558225115,0.02019279043618713,LL+,1,0.17041083781297472,-0.017431929975953137,LLTR+,2,0.18607913277453975,-0.0017636350143881152,0.021956425450575245,0.01566829496156502,0.01566829496156502,1
0.01,0.0002,63.75973303670745,0.01568387997208653,0.2068835823516291,0.11437246263600775,63,-6.354292092503044e-15,0.0,LLTR+,2,0.18599156831504216,-0.020892014036586942,LL+,2,0.207900865301333,0.001017282949703907,LL+,2,0.207900865301333,0.001017282949703907,LLTR+,3,0.219193556651173,0.012309974299543891,0.02190929698629085,0.011292691349839984,0.011292691349839984,1
0.01,0.0002,63.85984427141268,0.015659292806131337,0.20689161255977176,0.11435875529098773,63,2.5549007354186415e-14,0.0,LLTR+,2,0.18590427024366293,-0.020987342316108826,LL+,2,0.20776660113058404,0.0008749885708122795,LL+,2,0.20776660113058404,0.0008749885708122795,LLTR+,3,0.21905364163233404,0.01216202907256228,0.021862330886921105,0.01128704050175,0.01128704050175,1
0.01,0.0002,63.959955506117915,0.01563478260869565,0.2068409381260724,0.11434509085591733,63,-1.987472686426628e-14,0.0,LLTR+,2,0.1858172373269978,-0.02102370079907462,LL+,2,0.2076327636909942,0.0007918255649217998,LL+,2,0.2076327636909942,0.0007918255649217998,LLTR+,3,0.21891415893124502,0.012073220805172619,0.021815526363996418,0.011281395240250819,0.011281395240250819,1
0.01,0.0002,64.06006674082315,0.015610349018926896,0.2067667428335326,0.11433146912962125,65,-2.5379004453540688e-15,0.0,LLTR+,2,0.1857304683392992,-0.021036274494233398,LL+,2,0.20749935097334163,0.0007326081398090212,LL+,2,0.20749935097334163,0.0007326081398090212,LLTR+,3,0.2187751065303426,0.012008363696809993,0.02176888263404242,0.011275755557000972,0.011275755557000972,1
0.01,0.0002,64.16017797552837,0.015585991678224687,0.2066799125746047,0.11431788991217977,65,7.806255641895632e-17,0.0,LLTR+,2,0.1856439620624168,-0.0210359505121879,LL+,2,0.2073663609809579,0.0006864484063532073,LL+,2,0.2073663609809579,0.0006864484063532073,LLTR+,3,0.21863648242463415,0.011956569850029464,0.021722398918541108,0.011270121443676256,0.011270121443676256,1
0.01,0.0002,64.2602892102336,0.015561710230223298,0.20658526809102112,0.114304353004919,65,-1.214306433183765e-16,0.0,LLTR+,2,0.18555771728573822,-0.021027550805282902,LL+,2,0.2072337917296301,0.0006485236386089832,LL+,2,0.2072337917296301,0.0006485236386089832,LLTR+,3,0.21849828462159984,0.011913016530578718,0.021676074443891885,0.011264492891969735,0.011264492891969735,1
0.01,0.0002,64.36040044493882,0.015537504320774283,0.20648537166061004,0.11429085821040116,65,6.680871134090438e-13,0.0,LLTR+,2,0.18547173280613108,-0.02101363885447896,LL+,2,0.207101641247504,0.0006162695868939527,LL+,2,0.207101641247504,0.0006162695868939527,LLTR+,3,0.21836051114109578,0.011875139480485741,0.021629908441372914,0.011258869893591789,0.011258869893591789,1
0.01,0.0002,64.46051167964404,0.015513373597929252,0.2063817486813914,0.11427740533241507,65,-7.905533866425785e-13,0.0,LLTR+,2,0.18538600742788475,-0.020995741253506645,LL+,2,0.20696990757498795,0.0005881588935965631,LL+,2,0.20696990757498795,0.0005881588935965631,LLTR+,3,0.218223160015258,0.011841411333866597,0.021583900147103208,0.011253252440270034,0.011253252440270034,1
0.01,0.0002,64.56062291434928,0.015489317711922811,0.20627538091139697,0.11426399417596647,65,-2.329594850358774e-13,0.0,LLTR+,2,0.18530053996265317,-0.0209748409487438,LL+,2,0.206838588764658,0.0005632078532610274,LL+,2,0.206838588764658,0.0005632078532610274,LLTR+,3,0.21808622928840707,0.011810848377010102,0.021538048802004828,0.011247640523749075,0.011247640523749075,1
0.01,0.0002,64.6607341490545,0.015465336315155686,0.2061669373294211,0.11425062454726881,65,-1.3183898417423734e-16,0.0,LLTR+,2,0.185215329229398,-0.020951608100023084,LL+,2,0.20670768288116342,0.0005407455517423276,LL+,2,0.20670768288116342,0.0005407455517423276,LLTR+,3,0.21794971701695426,0.011782779687533163,0.02149235365176541,0.011242034135790835,0.011242034135790835,1
0.01,0.0002,64.76084538375974,0.015441429062177943,0.20605689415177583,0.11423729625373372,65,-7.875644580934704e-16,0.0,LLTR+,2,0.18513037405433252,-0.020926520097443307,LL+,2,0.2065771880011337,0.0005202938493578668,LL+,2,0.2065771880011337,0.0005202938493578668,LLTR+,3,0.21781362126930776,0.011756727117531923,0.021446813946801174,0.011236433268174056,0.011236433268174056,1
0.01,0.0002,64.86095661846497,0.015417595609672438,0.20594560228349176,0.1142240091039619,65,-1.43982048506075e-16,0.0,LLTR+,2,0.18504567327086566,-0.020899929012626106,LL+,2,0.20644710221308574,0.0005014999295939737,LL+,2,0.20644710221308574,0.0005014999295939737,LLTR+,3,0.21767794012578043,0.011732337842288665,0.02140142894222008,0.011230837912694691,0.011230837912694691,1
0.01,0.0002,64.96106785317019,0.015393835616438355,0.20583332762837706,0.1142107629077339,65,-1.6341095143701523e-15,0.0,LLTR+,2,0.18496122571954673,-0.02087210190883032,LL+,2,0.2063174236173324,0.000484095988955352,LL+,2,0.2063174236173324,0.000484095988955352,LLTR+,3,0.2175426716784979,0.011709344050120835,0.021356197897785673,0.011225248061165483,0.011225248061165483,1
0.01,0.0002,65.06117908787542,0.015370148743374936,0.2057202763921459,0.11419755747600104,65,1.1449174941446927e-15,0.0,LLTR+,2,0.18487703024801092,-0.02084324614413499,LL+,2,0.20618815032589166,0.0004678739337457549,LL+,2,0.20618815032589166,0.0004678739337457549,LLTR+,3,0.2174078140313079,0.011687537639161999,0.021311120077880746,0.011219663705416244,0.011219663705416244,1
0.01,0.0002,65.16129032258064,0.015346534653465348,0.20560661162358387,0.11418439262087644,65,3.6004012271551034e-12,0.0,LLTR+,2,0.18479308571092484,-0.02081352591265903,LL+,2,0.20605928046239685,0.0004526688388129807,LL+,2,0.20605928046239685,0.0004526688388129807,LLTR+,3,0.21727336529969035,0.011666753676106478,0.021266194751472012,0.011214084837293498,0.011214084837293498,1
0.01,0.0002,65.26140155728588,0.015322993011760695,0.20549246437972404,0.11417126815562609,65,1.2093312462546635e-12,0.0,LLTR+,2,0.184709390969933,-0.020783073409791047,LL+,2,0.20593081216200723,0.00043834778228318827,LL+,2,0.20593081216200723,0.00043834778228318827,LLTR+,3,0.21713932361066796,0.011646859230943912,0.021221421192074236,0.011208511448660724,0.011208511448660724,1
0.01,0.0002,65.3615127919911,0.015299523485364192,0.20537794153561234,0.11415818389466004,65,-8.291978215169138e-16,0.0,LLTR+,2,0.18462594489360434,-0.020751996642007997,LL+,2,0.20580274357132006,0.00042480203570771646,LL+,2,0.20580274357132006,0.00042480203570771646,LLTR+,3,0.21700568710271814,0.011627745567105802,0.021176798677715714,0.011202943531398085,0.011202943531398085,1
0.01,0.0002,65.46162402669634,0.015276125743415461,0.20526313131103202,0.11414513965352363,65,-7.664355261560729e-14,0.0,LLTR+,2,0.18454274635737972,-0.020720384953652304,LL+,2,0.20567507284828287,0.0004119415372508539,LL+,2,0.20567507284828287,0.0004119415372508539,LLTR+,3,0.2168724539256853,0.011609322614653278,0.02113232649090316,0.011197381077402424,0.011197381077402424,1
0.01,0.0002,65.56173526140157,0.01525279945707499,0.20514810732212477,0.11413213524888882,65,-9.746960183409925e-13,0.0,LLTR+,2,0.18445979424351946,-0.020688313078605303,LL+,2,0.2055477981621069,0.00039969083998211974,LL+,2,0.2055477981621069,0.00039969083998211974,LLTR+,3,0.21673962224069418,0.011591514918569412,0.021088003918587422,0.011191824078587292,0.011191824078587292,1
0.01,0.0002,65.66184649610679,0.015229544299508723,0.20503293159218208,0.11411917049854561,65,4.65599780952175e-15,0.0,LLTR+,2,0.18437708744105163,-0.020655844151130448,LL+,2,0.205420917693181,0.0003879861009989105,LL+,2,0.205420917693181,0.0003879861009989105,LLTR+,3,0.21660719022006403,0.011574258627881945,0.02104383025212936,0.011186272526883034,0.011186272526883034,1
0.01,0.0002,65.76195773081201,0.015206359945872801,0.20491765681453789,0.11410624522139359,65,5.133376362875808e-13,0.0,LLTR+,2,0.18429462484572076,-0.020623031968817124,LL+,2,0.205294429632987,0.0003767728184491115,LL+,2,0.205294429632987,0.0003767728184491115,LLTR+,3,0.21647515604722334,0.011557499232685453,0.020999804787266235,0.011180726414236342,0.011180726414236342,1
0.01,0.0002,65.86206896551724,0.01518324607329843,0.204802328098824,0.11409335923743338,65,-8.885253643953206e-13,0.0,LLTR+,2,0.18421240535993688,-0.02058992273888713,LL+,2,0.2051683321840148,0.00036600408519080196,LL+,2,0.2051683321840148,0.00036600408519080196,LLTR+,3,0.21634351791662534,0.011541189817801334,0.02095592682407793,0.011175185732610532,0.011175185732610532,1
0.01,0.0002,65.96218020022246,0.015160202360876899,0.20468698432752946,0.11408051236775837,65,-1.3704315460216776e-16,0.0,LLTR+,2,0.1841304278927253,-0.02055655643480417,LL+,2,0.20504262355967928,0.0003556392321498181,LL+,2,0.20504262355967928,0.0003556392321498181,LLTR+,3,0.21621227403366472,0.011525289706135255,0.020912195666953987,0.011169650473985437,0.011169650473985437,1
0.01,0.0002,66.0622914349277,0.01513722848964472,0.20457165921189738,0.11406770443454645,67,7.979727989493313e-17,0.0,LLTR+,2,0.18404869135967644,-0.020522967852220936,LL+,2,0.20491730198423733,0.0003456427723399491,LL+,2,0.20491730198423733,0.0003456427723399491,LLTR+,3,0.21608142261459454,0.01150976340269716,0.020868610624560885,0.01116412063035721,0.01116412063035721,1
0.01,0.0002,66.16240266963293,0.01511432414256893,0.204456382146997,0.11405493526105169,67,-3.023380157340938e-13,0.0,LLTR+,2,0.18396719468289666,-0.020489187464100334,LL+,2,0.20479236569270567,0.0003359835457086846,LL+,2,0.20479236569270567,0.0003359835457086846,LLTR+,3,0.21595096188644433,0.011494579739447341,0.020825171009809018,0.011158596193738657,0.011158596193738657,1
0.01,0.0002,66.26251390433816,0.01509148900453248,0.20434117888966746,0.11404220467159637,67,-6.20503648463e-13,0.0,LLTR+,2,0.18388593679095894,-0.020455242098708526,LL+,2,0.20466781293077982,0.00032663404111235583,LL+,2,0.20466781293077982,0.00032663404111235583,LLTR+,3,0.21582089008693847,0.011479711197271009,0.020781876139820882,0.011153077156158653,0.011153077156158653,1
0.01,0.0002,66.36262513904339,0.015068722762319811,0.2042260721110916,0.1140295124915628,67,-3.3311201019792236e-13,0.0,LLTR+,2,0.18380491661885445,-0.020421155492237136,LL+,2,0.2045436419547533,0.0003175698436617136,LL+,2,0.2045436419547533,0.0003175698436617136,LLTR+,3,0.2156912054644158,0.01146513335332422,0.02073872533589885,0.011147563509662506,0.011147563509662506,1
0.01,0.0002,66.46273637374861,0.01504602510460251,0.20411108184752091,0.11401685854738541,67,5.377642775528102e-17,0.0,LLTR+,2,0.18372413310794433,-0.020386948739576582,LL+,2,0.20441985103143795,0.0003087691839170348,LL+,2,0.20441985103143795,0.0003087691839170348,LLTR+,3,0.21556190627774985,0.011450824430228934,0.020695717923493617,0.0111420552463119,0.0111420552463119,1
0.01,0.0002,66.56284760845384,0.015023395721925134,0.20399622587223787,0.11400424266654277,67,-2.0970013919763275e-12,0.0,LLTR+,2,0.18364358520591204,-0.020352640666325833,LL+,2,0.2042964384380847,0.00030021256584683575,LL+,2,0.2042964384380847,0.00030021256584683575,LLTR+,3,0.2154329907962692,0.01143676492403134,0.02065285323217267,0.011136552358184504,0.011136552358184504,1
0.01,0.0002,66.66295884315906,0.01500083430669114,0.20388152001013257,0.11399166467754981,67,-1.2472783222916561e-12,0.0,LLTR+,2,0.183563271866716,-0.020318248143416567,LL+,2,0.20417340246230525,0.0002918824521726815,LL+,2,0.20417340246230525,0.0002918824521726815,LLTR+,3,0.2153044572996796,0.01142293728954702,0.02061013059558925,0.011131054837374338,0.011131054837374338,1
0.01,0.0002,66.7630700778643,0.01497834055314895,0.20376697838704255,0.11397912440995005,67,-1.356866008439539e-13,0.0,LLTR+,2,0.18348319205054273,-0.020283786336499826,LL+,2,0.20405074140199433,0.00028376301495178224,LL+,2,0.20405074140199433,0.00028376301495178224,LLTR+,3,0.21517630407798574,0.01140932569094319,0.02056754935145161,0.011125562675991407,0.011125562675991407,1
0.01,0.0002,66.86318131256952,0.014955914157378139,0.20365261365257548,0.11396662169430782,67,4.2500725161431774e-16,0.0,LLTR+,2,0.18340334472376046,-0.020249268928815012,LL+,2,0.20392845356525274,0.00027583991267726704,LL+,2,0.20392845356525274,0.00027583991267726704,LLTR+,3,0.21504852943141467,0.011395915778839194,0.02052510884149228,0.011120075866161927,0.011120075866161927,1
0.01,0.0002,66.96329254727476,0.014933554817275745,0.20353843716418854,0.11395415636220074,67,1.214306433183765e-17,0.0,LLTR+,2,0.18332372885887313,-0.02021470830531541,LL+,2,0.20380653727031095,0.00026810010612240975,LL+,2,0.20380653727031095,0.00026810010612240975,LLTR+,3,0.21492113167033902,0.011382694506150481,0.02048280841143782,0.011114594400028072,0.011114594400028072,1
0.01,0.0002,67.06340378197999,0.014911262232542709,0.20342445914199486,0.11394172824621207,67,-1.7145659891859566e-13,0.0,LLTR+,2,0.1832443434344746,-0.020180115707520263,LL+,2,0.20368499084545358,0.00026053170345871624,LL+,2,0.20368499084545358,0.00026053170345871624,LLTR+,3,0.2147941091152017,0.01136964997320683,0.02044064741097898,0.011109118269748114,0.011109118269748114,1
0.01,0.0002,67.16351501668521,0.01488903610467042,0.20331068880313574,0.11392933717992326,67,-2.0536350398003833e-13,0.0,LLTR+,2,0.18316518743520369,-0.020145501367932056,LL+,2,0.2035638126289444,0.00025312382580866544,LL+,2,0.2035638126289444,0.00025312382580866544,LLTR+,3,0.21466746009644053,0.011356771293304785,0.02039862519374072,0.01110364746749612,0.01110364746749612,1
0.01,0.0002,67.26362625139043,0.014866876136927403,0.203197134476079,0.11391698299790654,67,-6.372784244756957e-13,0.0,LLTR+,2,0.18308625985169907,-0.020110874624379937,LL+,2,0.20344300096895201,0.00024586649287300366,LL+,2,0.20344300096895201,0.00024586649287300366,LLTR+,3,0.21454118295441418,0.011344048478335172,0.02035674111725294,0.011098181985462169,0.011098181985462169,1
0.01,0.0002,67.36373748609566,0.014844782034346103,0.2030838036988357,0.11390466553571746,67,-4.896404462439996e-12,0.0,LLTR+,2,0.18300755968055515,-0.020076244018280537,LL+,2,0.20332255422347636,0.00023875052464067403,LL+,2,0.20332255422347636,0.00023875052464067403,LLTR+,3,0.2144152760393285,0.01133147234049281,0.02031499454292121,0.011092721815852136,0.011092721815852136,1
0.01,0.0002,67.46384872080088,0.014822753503709813,0.20297070331397843,0.11389238462988772,67,-6.849555644894423e-14,0.0,LLTR+,2,0.18292908592427792,-0.020041617389700506,LL+,2,0.20320247076027562,0.00023176744629718748,LL+,2,0.20320247076027562,0.00023176744629718748,LLTR+,3,0.21428973771116336,0.01131903439718493,0.020273384835997693,0.011087266950887742,0.011087266950887742,1
0.01,0.0002,67.56395995550612,0.014800790253539677,0.20285783952302033,0.11388014011791787,67,-2.445960101127298e-15,0.0,LLTR+,2,0.1828508375912413,-0.02000700193177904,LL+,2,0.20308274895679385,0.00022490943377351247,LL+,2,0.20308274895679385,0.00022490943377351247,LLTR+,3,0.21416456633960046,0.011306726816580126,0.020231911365552552,0.011081817382806614,0.011081817382806614,1
0.01,0.0002,67.66407119021135,0.014778891994081868,0.20274521797320844,0.11386793183827015,67,-1.710263874965534e-14,0.0,LLTR+,2,0.182772813695644,-0.019972404277564443,LL+,2,0.2029633872000897,0.00021816922688125406,LL+,2,0.2029633872000897,0.00021816922688125406,LLTR+,3,0.21403976030395153,0.01129454233074309,0.020190573504445697,0.011076373103861836,0.011076373103861836,1
0.01,0.0002,67.76418242491658,0.014757058437294811,0.20263284380384594,0.11385575963036138,67,3.122502256758253e-16,0.0,LLTR+,2,0.18269501325746654,-0.019937830546379404,LL+,2,0.20284438388676473,0.000211540082918793,LL+,2,0.20284438388676473,0.000211540082918793,LLTR+,3,0.2139153179930872,0.011282474189241248,0.020149370629298197,0.011070934106322455,0.011070934106322455,1
0.01,0.0002,67.86429365962181,0.014735289296836583,0.2025207216987843,0.1138436233345559,67,1.915134717478395e-15,0.0,LLTR+,2,0.18261743530242888,-0.019903286396355413,LL+,2,0.20272573742289368,0.0002050157241093864,LL+,2,0.20272573742289368,0.0002050157241093864,LLTR+,3,0.21379123780536663,0.011270516106582334,0.0201083021204648,0.011065500382472948,0.011065500382472948,1
0.01,0.0002,67.96440489432703,0.014713584288052372,0.20240885592958788,0.1138315227921587,67,-3.281357824347353e-12,0.0,LLTR+,2,0.18254007886194834,-0.019868777067639537,LL+,2,0.2026074462239542,0.00019859029436633535,LL+,2,0.2026074462239542,0.00019859029436633535,LLTR+,3,0.21366751814856771,0.011258662218979837,0.020067367362005872,0.011060071924613502,0.011060071924613502,1
0.01,0.0002,68.06451612903226,0.014691943127962086,0.20229725040277047,0.11381945784540837,69,1.8021070746776502e-12,0.0,LLTR+,2,0.18246294297309773,-0.019834307429672737,LL+,2,0.20248950871475788,0.00019225831198740884,LL+,2,0.20248950871475788,0.00019225831198740884,LLTR+,3,0.21354415743981775,0.011246907037047282,0.020026565741660146,0.011054648725059874,0.011054648725059874,1
0.01,0.0002,68.16462736373748,0.014670365535248043,0.20218590867671854,0.11380742833747029,69,-1.6403545188836688e-14,0.0,LLTR+,2,0.18238602667856413,-0.01979988199815441,LL+,2,0.20237192332938161,0.0001860146526630746,LL+,2,0.20237192332938161,0.0001860146526630746,LLTR+,3,0.213421154105525,0.011235245428806467,0.019985896650817486,0.011049230776143393,0.011049230776143393,1
0.01,0.0002,68.26473859844272,0.01464885123024279,0.2020748340148129,0.11379543411242987,69,7.86697096355482e-15,0.0,LLTR+,2,0.18230932902660774,-0.019765504988205174,LL+,2,0.2022546885110998,0.00017985449628687977,LL+,2,0.2022546885110998,0.00017985449628687977,LLTR+,3,0.21329850658131042,0.011223672566497506,0.019945359484492053,0.011043818070210626,0.011043818070210626,1
0.01,0.0002,68.36484983314794,0.01462739993491702,0.20196402939806168,0.11378347501528574,69,-7.689404668553834e-13,0.0,LLTR+,2,0.1822328490710214,-0.01973118032704027,LL+,2,0.2021378027123168,0.0001737733142551101,LL+,2,0.2021378027123168,0.0001737733142551101,LLTR+,3,0.21317621331194062,0.011212183913878931,0.01990495364129538,0.011038410599623821,0.011038410599623821,1
0.01,0.0002,68.46496106785318,0.014606011372867584,0.20185349755598544,0.11377155089194319,69,-2.4895138034386477e-12,0.0,LLTR+,2,0.18215658587109027,-0.01969691168489518,LL+,2,0.20202126439450016,0.00016776683851471574,LL+,2,0.20202126439450016,0.00016776683851471574,LLTR+,3,0.21305427275126074,0.011200775195275292,0.019864678523409895,0.011033008356760576,0.011033008356760576,1
0.01,0.0002,68.5650723025584,0.014584685269305644,0.20174324099103957,0.1137596615892074,69,2.353279029976285e-12,0.0,LLTR+,2,0.18208053849155176,-0.019662702499487816,LL+,2,0.2019050720281147,0.00016183103707512192,LL+,2,0.2019050720281147,0.00016183103707512192,LLTR+,3,0.2129326833621284,0.01118944237108882,0.019824533536562938,0.011027611334013698,0.011027611334013698,1
0.01,0.0002,68.66518353726363,0.014563421351044872,0.2016332619835723,0.11374780695477703,69,-8.706067117225658e-12,0.0,LLTR+,2,0.18200470600255608,-0.019628555981016205,LL+,2,0.20178922409255656,0.00015596210898427554,LL+,2,0.20178922409255656,0.00015596210898427554,LLTR+,3,0.212811443616348,0.011178181632775702,0.01978451809000048,0.011022219523791427,0.011022219523791427,1
0.01,0.0002,68.76529477196885,0.01454221934648981,0.20152356264369284,0.11373598683723757,69,-4.664192643222265e-12,0.0,LLTR+,2,0.18192908747962694,-0.0195944751640659,LL+,2,0.20167371907608833,0.00015015643239549292,LL+,2,0.20167371907608833,0.00015015643239549292,LLTR+,3,0.2126905519946056,0.01116698935091276,0.019744631596461393,0.011016832918517266,0.011016832918517266,1
0.01,0.0002,68.86540600667408,0.014521078985624294,0.20141414488714127,0.11372420108605505,69,-1.8387270872555206e-12,0.0,LLTR+,2,0.18185368200362279,-0.01956046288351848,LL+,2,0.2015585554757747,0.00014441058863343126,LL+,2,0.2015585554757747,0.00014441058863343126,LLTR+,3,0.21257000698640452,0.011155862099263253,0.019704873472151913,0.011011451510629822,0.011011451510629822,1
0.01,0.0002,68.96551724137932,0.014499999999999999,0.2013050104759862,0.1137124495515695,69,4.896430483292136e-14,0.0,LLTR+,2,0.18177848866069798,-0.019526521815288217,LL+,2,0.20144373179741826,0.00013872132143205596,LL+,2,0.20144373179741826,0.00013872132143205596,LLTR+,3,0.21244980709000136,0.011144796614015157,0.019665243136720273,0.0110060752925831,0.0110060752925831,1
0.01,0.0002,69.06562847608454,0.014478982122725076,0.2011961610250674,0.11370073208498874,69,1.5937078046146524e-13,0.0,LLTR+,2,0.1817035065422648,-0.0194926544828026,LL+,2,0.2013292465554965,0.00013308553042909455,LL+,2,0.2013292465554965,0.00013308553042909455,LLTR+,3,0.21232995081234254,0.011133789787275139,0.019625740013231696,0.011000704256846044,0.011000704256846044,1
0.01,0.0002,69.16573971078978,0.014458025088452876,0.20108759801571982,0.11368904853838199,69,-1.3079815008865125e-15,0.0,LLTR+,2,0.18162873474495542,-0.019458863270764404,LL+,2,0.20121509827309866,0.00012750025737884307,LL+,2,0.20121509827309866,0.00012750025737884307,LLTR+,3,0.21221043666900147,0.011122838653281647,0.019586363528143247,0.010995338395902804,0.010995338395902804,1
0.01,0.0002,69.265850945495,0.014437128633370802,0.2009793228055257,0.11367739876467373,69,-5.663698676716677e-13,0.0,LLTR+,2,0.1815541723705845,-0.019425150434941196,LL+,2,0.20110128548186387,0.00012196267633818314,LL+,2,0.20110128548186387,0.00012196267633818314,LLTR+,3,0.21209126318411645,0.011111940378590757,0.01954711311127938,0.010989977702252574,0.010989977702252574,1
0.01,0.0002,69.36596218020023,0.014416292495189222,0.2008713366361154,0.1136657826176375,69,-1.0091217791940998e-11,0.0,LLTR+,2,0.18147981852611167,-0.019391518110003725,LL+,2,0.20098780672191907,0.00011647008580367713,LL+,2,0.20098780672191907,0.00011647008580367713,LLTR+,3,0.2119724288903286,0.011101092254213213,0.019507988195807402,0.010984622168409536,0.010984622168409536,1
0.01,0.0002,69.46607341490545,0.014395516413130504,0.2007636406598601,0.11365419995188977,69,-1.7035678423482636e-13,0.0,LLTR+,2,0.18140567232360494,-0.019357968336255166,LL+,2,0.20087466054181805,0.0001110198819579411,LL+,2,0.20087466054181805,0.0001110198819579411,LLTR+,3,0.21185393232872088,0.011090291668860774,0.019468988218213107,0.010979271786902833,0.010979271786902833,1
0.01,0.0002,69.56618464961068,0.014374800127918133,0.20065623591277074,0.11364265062288387,69,1.2750217548429532e-15,0.0,LLTR+,2,0.18133173288020377,-0.01932450303256697,LL+,2,0.2007618454984807,0.00010560958570995926,LL+,2,0.2007618454984807,0.00010560958570995926,LLTR+,3,0.2117357720487574,0.011079536135986667,0.01943011261827693,0.010973926550276708,0.010973926550276708,1
0.01,0.0002,69.6662958843159,0.014354143381765928,0.2005491233586398,0.11363113448690401,69,-1.180647593579387e-12,0.0,LLTR+,2,0.18125799931808306,-0.019291124040556745,LL+,2,0.20064936015713294,0.00010023679849313627,LL+,2,0.20064936015713294,0.00010023679849313627,LLTR+,3,0.211617946608223,0.011068823249583193,0.01939136083904988,0.010968586451090057,0.010968586451090057,1
0.01,0.0002,69.76640711902114,0.014333545918367345,0.20044230388085302,0.11361965140105931,69,1.1712436576161167e-12,0.0,LLTR+,2,0.18118447076441702,-0.019257833116436,LL+,2,0.20053720309124706,9.489921039404492e-05,LL+,2,0.20053720309124706,9.489921039404492e-05,LLTR+,3,0.2115004545731639,0.011058150692310892,0.019352732326830047,0.010963251481916847,0.010963251481916847,1
0.01,0.0002,69.86651835372636,0.014313007482884891,0.2003357782862141,0.11360820122327783,69,5.296110772157192e-15,0.0,LLTR+,2,0.1811111463513435,-0.01922463193487059,LL+,2,0.2004253728824827,8.959459626858846e-05,LL+,2,0.2004253728824827,8.959459626858846e-05,LLTR+,3,0.21138329451782845,0.011047516231614346,0.019314226531139178,0.010957921635345758,0.010957921635345758,1
0.01,0.0002,69.9666295884316,0.014292527821939585,0.20022954732028736,0.11359678381230083,69,3.8183518846768294e-13,0.0,LLTR+,2,0.18103802521592877,-0.019191522104358594,LL+,2,0.20031386812062818,8.432080034082023e-05,LL+,2,0.20031386812062818,8.432080034082023e-05,LLTR+,3,0.21126646502460836,0.011036917704320998,0.019275842904699414,0.010952596903980177,0.010952596903980177,1
0.01,0.0002,70.06674082313683,0.01427210668360057,0.20012361166613446,0.11358539902767682,71,-4.163336342344337e-16,0.0,LLTR+,2,0.18096510650013223,-0.019158505166002232,LL+,2,0.2002026874035424,7.907573740795204e-05,LL+,2,0.2002026874035424,7.907573740795204e-05,LLTR+,3,0.21114996468398087,0.011026353017846408,0.019237580903410184,0.010947277280438455,0.010947277280438455,1
0.01,0.0002,70.16685205784205,0.014251743817374762,0.2000179719538778,0.11357404672975593,71,2.949029909160572e-17,0.0,LLTR+,2,0.18089238935077184,-0.019125582603105956,LL+,2,0.2000918293370974,7.385738321960544e-05,LL+,2,0.2000918293370974,7.385738321960544e-05,LLTR+,3,0.2110337920944508,0.011015820140573007,0.01919943998632556,0.010941962757353402,0.010941962757353402,1
0.01,0.0002,70.26696329254727,0.014231438974196613,0.19991262876128352,0.11356272677968413,71,-7.697693177322051e-12,0.0,LLTR+,2,0.18081987291948962,-0.0190927558417939,LL+,2,0.19998129253512098,6.866377383746292e-05,LL+,2,0.19998129253512098,6.866377383746292e-05,LLTR+,3,0.21091794586249366,0.011005317101210138,0.019161419615631364,0.010936653327372675,0.010936653327372675,1
0.01,0.0002,70.3670745272525,0.014211191906417958,0.1998075826329007,0.11355143903939752,71,-1.2568886903485676e-12,0.0,LLTR+,2,0.1807475563627174,-0.0190600262701833,LL+,2,0.19987107561934037,6.349298643967827e-05,LL+,2,0.19987107561934037,6.349298643967827e-05,LLTR+,3,0.2108024246024988,0.010994841969598101,0.01912351925662298,0.010931348983158423,0.010931348983158423,1
0.01,0.0002,70.46718576195774,0.014191002367797946,0.19970283405879727,0.11354018337161687,71,-4.1674996786866814e-14,0.0,LLTR+,2,0.180675438841643,-0.01902739521715427,LL+,2,0.19976117721932596,5.834316052868993e-05,LL+,2,0.19976117721932596,5.834316052868993e-05,LLTR+,3,0.21068722693671335,0.010984392877916083,0.01908573837768296,0.010926049717387393,0.010926049717387393,1
0.01,0.0002,70.56729699666296,0.014170870113493064,0.1995983834988779,0.11352895963984189,71,-9.84115393343199e-12,0.0,LLTR+,2,0.18060351952217663,-0.018994863976701276,LL+,2,0.19965159597243576,5.321247355785652e-05,LL+,2,0.19965159597243576,5.321247355785652e-05,LLTR+,3,0.21057235149518672,0.010973967996308814,0.019048076450259133,0.010920755522750958,0.010920755522750958,1
0.01,0.0002,70.6674082313682,0.014150794900047219,0.19949423139518535,0.11351776770834583,71,-5.077535614184114e-15,0.0,LLTR+,2,0.18053179757491758,-0.01896243382026777,LL+,2,0.19954233052375991,4.8099128574563554e-05,LL+,2,0.19954233052375991,4.8099128574563554e-05,LLTR+,3,0.21045779691571487,0.010963565520529517,0.019010532948842335,0.010915466391954953,0.010915466391954953,1
0.01,0.0002,70.76751946607342,0.014130776485381953,0.1993903781443681,0.11350660744216995,71,9.412115184459502e-12,0.0,LLTR+,2,0.18046027217512123,-0.01893010596924688,LL+,2,0.1994333795260665,4.300138169838208e-05,LL+,2,0.1994333795260665,4.300138169838208e-05,LLTR+,3,0.21034356184378608,0.010953183699417973,0.018973107350945262,0.010910182317719591,0.010910182317719591,1
0.01,0.0002,70.86763070077865,0.014110814628786689,0.19928682412013302,0.11349547870711808,71,-7.091896514488383e-13,0.0,LLTR+,2,0.18038894250266627,-0.01889788161746675,LL+,2,0.1993247416397468,3.791751961379486e-05,LL+,2,0.1993247416397468,3.791751961379486e-05,LLTR+,3,0.21022964493252647,0.01094282081239345,0.018935799137080545,0.010904903292779655,0.010904903292779655,1
0.01,0.0002,70.96774193548387,0.014090909090909091,0.19918356969427656,0.11348438136975134,71,6.619184367284703e-14,0.0,LLTR+,2,0.18031780774202216,-0.018865761952254395,LL+,2,0.19921641553276176,3.2845838485201506e-05,LL+,2,0.19921641553276176,3.2845838485201506e-05,LLTR+,3,0.210116044842646,0.010932475148369453,0.018898607790739597,0.010899629309884251,0.010899629309884251,1
0.01,0.0002,71.0678531701891,0.0140710596337455,0.199080615207127,0.11347331529738262,71,-6.77270739490865e-14,0.0,LLTR+,2,0.18024686708221707,-0.018833748124909927,LL+,2,0.19910839988058865,2.7784673461650478e-05,LL+,2,0.19910839988058865,2.7784673461650478e-05,LLTR+,3,0.21000276024238543,0.01092214503525843,0.018861532798371577,0.010894360361796779,0.010894360361796779,1
0.01,0.0002,71.16796440489432,0.01405126602063145,0.19897796099073856,0.11346228035807154,71,2.159036838200734e-14,0.0,LLTR+,2,0.18017611971680586,-0.018801841273932696,LL+,2,0.19900069336616805,2.273237542949058e-05,LL+,2,0.19900069336616805,2.273237542949058e-05,LLTR+,3,0.2098897898074631,0.010911828816724534,0.018824573649362186,0.010889096441295043,0.010889096441295043,1
0.01,0.0002,71.26807563959956,0.014031528016232244,0.1988756073669366,0.11345127642061899,71,-4.712202850143399e-14,0.0,LLTR+,2,0.1801055648438385,-0.018770042523098107,LL+,2,0.19889329467985162,1.7687312915015685e-05,LL+,2,0.19889329467985162,1.7687312915015685e-05,LLTR+,3,0.2097771322210227,0.010901524854086103,0.018787729836013123,0.010883837541171087,0.010883837541171087,1
0.01,0.0002,71.36818687430478,0.014011845386533666,0.19877355465125132,0.11344030335456202,71,-1.4774639844894466e-14,0.0,LLTR+,2,0.18003520166582854,-0.018738352985422785,LL+,2,0.19878620251934995,1.2647868098625281e-05,LL+,2,0.19878620251934995,1.2647868098625281e-05,LLTR+,3,0.20966478617358114,0.01089123152232982,0.01875100085352141,0.010878583654231194,0.010878583654231194,1
0.01,0.0002,71.46829810901002,0.013992217898832683,0.19867180315553243,0.11342936103016873,71,-3.1617243545500884e-13,0.0,LLTR+,2,0.1799650293897222,-0.01870677376581023,LL+,2,0.198679415589681,7.612434148568381e-06,LL+,2,0.198679415589681,7.612434148568381e-06,LLTR+,3,0.20955275036297677,0.010880947207444341,0.0187143861999588,0.010873334773295773,0.010873334773295773,1
0.01,0.0002,71.56840934371525,0.013972645321728316,0.19857035319138963,0.11341844931843305,71,-9.716359661293694e-13,0.0,LLTR+,2,0.1798950472268673,-0.018675305964522326,LL+,2,0.1985729326031191,2.579411729458636e-06,LL+,2,0.1985729326031191,2.579411729458636e-06,LLTR+,3,0.2094410234943186,0.010870670302928959,0.018677885376251785,0.0108680908911995,0.0108680908911995,1
0.01,0.0002,71.66852057842047,0.013953127425112524,0.19846920507377147,0.11340756809106975,71,3.0878077872387166e-16,0.0,LL+,2,0.19846675227914407,-2.4527946274055523e-06,LLTR+,3,0.2093296042799352,0.010860399206163718,LL+,2,0.19846675227914407,-2.4527946274055523e-06,LLTR+,3,0.2093296042799352,0.010860399206163718,0.010862852000791123,0.010862852000791123,0.010862852000791123,1
0.01,0.0002,71.7686318131257,0.01393366398016119,0.1983683591215811,0.11339671722050937,71,-5.204170427930421e-18,0.0,LL+,2,0.1983608733443911,-7.485777190008314e-06,LLTR+,3,0.20921849143932464,0.010850132317743538,LL+,2,0.1983608733443911,-7.485777190008314e-06,LLTR+,3,0.20921849143932464,0.010850132317743538,0.010857618094933547,0.010857618094933547,0.010857618094933547,1
0.01,0.0002,71.86874304783092,0.013914254759325183,0.19826781566358834,0.1133858965798933,71,-1.6653345369377348e-16,0.0,LL+,2,0.19825529453260088,-1.252113098745844e-05,LLTR+,3,0.20910768369910443,0.010839868035516093,LL+,2,0.19825529453260088,-1.252113098745844e-05,LLTR+,3,0.20910768369910443,0.010839868035516093,0.010852389166503551,0.010852389166503551,0.010852389166503551,1
0.01,0.0002,71.96885428253616,0.013894899536321483,0.19816757503951343,0.11337510604306873,71,-7.358419429337459e-13,0.0,LL+,2,0.19815001458457004,-1.7560454943388315e-05,LLTR+,3,0.20899717979296217,0.01082960475344874,LL+,2,0.19815001458457004,-1.7560454943388315e-05,LLTR+,3,0.20899717979296217,0.01082960475344874,0.010847165208392129,0.010847165208392129,0.010847165208392129,1
0.01,0.0002,72.06896551724138,0.013875598086124402,0.198067637604717,0.11336434548458386,73,-2.5968810435372802e-15,0.0,LL+,2,0.19804503224810235,-2.2605356614635586e-05,LLTR+,3,0.20888697846160645,0.010819340856889459,LL+,2,0.19804503224810235,-2.2605356614635586e-05,LLTR+,3,0.20888697846160645,0.010819340856889459,0.010841946213504094,0.010841946213504094,0.010841946213504094,1
0.01,0.0002,72.16907675194662,0.013856350184956841,0.19796800373058185,0.11335361477968295,73,-1.457167719820518e-16,0.0,LL+,2,0.19794034627795984,-2.7657452622009693e-05,LLTR+,3,0.20877707845271815,0.010809074722136297,LL+,2,0.19794034627795984,-2.7657452622009693e-05,LLTR+,3,0.20877707845271815,0.010809074722136297,0.010836732174758307,0.010836732174758307,0.010836732174758307,1
0.01,0.0002,72.26918798665184,0.013837155610281668,0.19786867381029039,0.11334291380430153,73,6.536091112785414e-14,0.0,LL+,2,0.19783595543581478,-3.271837447560433e-05,LLTR+,3,0.20866747852090223,0.010798804710611842,LL+,2,0.19783595543581478,-3.271837447560433e-05,LLTR+,3,0.20866747852090223,0.010798804710611842,0.010831523085087447,0.010831523085087447,0.010831523085087447,1
0.01,0.0002,72.36929922135707,0.013818014140793113,0.19776964826068363,0.11333224243506167,73,3.8350225772809665e-13,0.0,LL+,2,0.1977318584902018,-3.778977048182752e-05,LLTR+,3,0.20855817742763988,0.010788529166956246,LL+,2,0.1977318584902018,-3.778977048182752e-05,LLTR+,3,0.20855817742763988,0.010788529166956246,0.010826318937438073,0.010826318937438073,0.010826318937438073,1
0.01,0.0002,72.46941045606229,0.01379892555640829,0.19767092752530602,0.11332160054926713,73,3.8979236505198855e-15,0.0,LL+,2,0.19762805421647048,-4.28733088355393e-05,LLTR+,3,0.20844917394124113,0.010778246415935111,LL+,2,0.19762805421647048,-4.28733088355393e-05,LLTR+,3,0.20844917394124113,0.010778246415935111,0.01082111972477065,0.01082111972477065,0.01082111972477065,1
0.01,0.0002,72.56952169076752,0.013779889638258738,0.19757251207891316,0.11331098802489875,73,1.1639994523804376e-15,0.0,LL+,2,0.19752454139673833,-4.797068217482492e-05,LLTR+,3,0.20834046683679766,0.010767954757884501,LL+,2,0.19752454139673833,-4.797068217482492e-05,LLTR+,3,0.20834046683679766,0.010767954757884501,0.010815925440059326,0.010815925440059326,0.010815925440059326,1
0.01,0.0002,72.66963292547274,0.013760906168682077,0.19747440242966396,0.11330040474060976,73,1.3980136492897088e-14,0.0,LL+,2,0.19742131881984415,-5.308360981981508e-05,LLTR+,3,0.20823205489613622,0.010757652466472256,LL+,2,0.19742131881984415,-5.308360981981508e-05,LLTR+,3,0.20823205489613622,0.010757652466472256,0.010810736076292071,0.010810736076292071,0.010810736076292071,1
0.01,0.0002,72.76974416017798,0.013741974931213695,0.19737659912577887,0.11328985057572113,73,6.465295313007324e-12,0.0,LL+,2,0.19731838528130174,-5.821384447712852e-05,LLTR+,3,0.2081239369077723,0.010747337781993438,LL+,2,0.19731838528130174,-5.821384447712852e-05,LLTR+,3,0.2081239369077723,0.010747337781993438,0.010805551626470566,0.010805551626470566,0.010805551626470566,1
0.01,0.0002,72.86985539488322,0.013723095710578535,0.19727910274713642,0.11327932541021704,73,9.657205590762885e-15,0.0,LL+,2,0.1972157395832542,-6.336316388222407e-05,LLTR+,3,0.20801611166686435,0.010737008919727925,LL+,2,0.1972157395832542,-6.336316388222407e-05,LLTR+,3,0.20801611166686435,0.010737008919727925,0.010800372083610149,0.010800372083610149,0.010800372083610149,1
0.01,0.0002,72.96996662958844,0.013704268292682925,0.19718191393425372,0.11326882912474023,73,2.5510826090480165e-12,0.0,LL+,2,0.1971133805344282,-6.853339982551554e-05,LLTR+,3,0.20790857797516804,0.010726664040914324,LL+,2,0.1971133805344282,-6.853339982551554e-05,LLTR+,3,0.20790857797516804,0.010726664040914324,0.01079519744073984,0.01079519744073984,0.01079519744073984,1
0.01,0.0002,73.07007786429367,0.013685492464606484,0.19708503336351246,0.11325836160058762,73,1.214306433183765e-17,0.0,LL+,2,0.197011306950089,-7.372641342345831e-05,LLTR+,3,0.20780133464099126,0.010716301277478801,LL+,2,0.197011306950089,-7.372641342345831e-05,LLTR+,3,0.20780133464099126,0.010716301277478801,0.01079002769090226,0.01079002769090226,0.01079002769090226,1
0.01,0.0002,73.17018909899889,0.013666768014594101,0.19698846177021087,0.11324792271970571,73,-7.791921621813636e-12,0.0,LL+,2,0.19690951765199577,-7.894411821510183e-05,LLTR+,3,0.20769438047914926,0.010705918708938389,LL+,2,0.19690951765199577,-7.894411821510183e-05,LLTR+,3,0.20769438047914926,0.010705918708938389,0.01078486282715349,0.01078486282715349,0.01078486282715349,1
0.01,0.0002,73.27030033370411,0.013648094732047974,0.19689219995658686,0.11323751236468625,73,1.416332329196024e-12,0.0,LL+,2,0.196808011468357,-8.418848822985825e-05,LLTR+,3,0.20758771431092043,0.01069551435433358,LL+,2,0.196808011468357,-8.418848822985825e-05,LLTR+,3,0.20758771431092043,0.01069551435433358,0.010779702842563438,0.010779702842563438,0.010779702842563438,1
0.01,0.0002,73.37041156840934,0.01362947240751971,0.19679624876901658,0.11322713041876174,73,-1.4051260155412137e-15,0.0,LL+,2,0.19670678723378668,-8.946153522990108e-05,LLTR+,3,0.20748133496400184,0.01068508619498526,LL+,2,0.19670678723378668,-8.946153522990108e-05,LLTR+,3,0.20748133496400184,0.01068508619498526,0.010774547730215162,0.010774547730215162,0.010774547730215162,1
0.01,0.0002,73.47052280311458,0.013610900832702498,0.19670060914200646,0.11321677676580115,73,1.1514466463635742e-11,0.0,LL+,2,0.1966058437892605,-9.476535274596798e-05,LLTR+,3,0.20737524127246598,0.010674632130459522,LL+,2,0.1966058437892605,-9.476535274596798e-05,LLTR+,3,0.20737524127246598,0.010674632130459522,0.01076939748320549,0.01076939748320549,0.01076939748320549,1
0.01,0.0002,73.5706340378198,0.013592379800423344,0.1966052820607885,0.11320645129030552,73,-3.7778807859822905e-13,0.0,LL+,2,0.19650517998207281,-0.00010010207871569143,LLTR+,3,0.2072694320767173,0.010664150015928797,LL+,2,0.19650517998207281,-0.00010010207871569143,LLTR+,3,0.2072694320767173,0.010664150015928797,0.010764252094644489,0.010764252094644489,0.010764252094644489,1
0.01,0.0002,73.67074527252504,0.01357390910463536,0.19651026861869264,0.11319615387740373,73,-5.502542865798432e-15,0.0,LL+,2,0.19640479466579325,-0.0001054739528993931,LLTR+,3,0.20716390622344902,0.010653637604756377,LL+,2,0.19640479466579325,-0.0001054739528993931,LLTR+,3,0.20716390622344902,0.010653637604756377,0.01075911155765577,0.01075911155765577,0.01075911155765577,1
0.01,0.0002,73.77085650723026,0.01355548854041013,0.1964155699767004,0.11318588441284816,73,3.1041315351476584e-13,0.0,LL+,2,0.19630468670022458,-0.00011088327647582052,LLTR+,3,0.20705866256560074,0.010643092588900338,LL+,2,0.19630468670022458,-0.00011088327647582052,LLTR+,3,0.20705866256560074,0.010643092588900338,0.010753975865376159,0.010753975865376159,0.010753975865376159,1
0.01,0.0002,73.87096774193549,0.01353711790393013,0.19632118739365687,0.11317564278301055,73,-1.8100104748342005e-14,0.0,LL+,2,0.19620485495136009,-0.0001163324422967793,LLTR+,3,0.206953699962316,0.01063251256865913,LL+,2,0.19620485495136009,-0.0001163324422967793,LLTR+,3,0.206953699962316,0.01063251256865913,0.01074884501095591,0.01074884501095591,0.01074884501095591,1
0.01,0.0002,73.97107897664071,0.013518796992481203,0.19622712222977726,0.11316542887487778,73,-8.673617379884035e-18,0.0,LL+,2,0.196105298291342,-0.00012182393843526707,LLTR+,3,0.2068490172789006,0.010621895049123337,LL+,2,0.196105298291342,-0.00012182393843526707,LLTR+,3,0.2068490172789006,0.010621895049123337,0.010743718987558604,0.010743718987558604,0.010743718987558604,1
0.01,0.0002,74.07119021134594,0.013500525604445113,0.19613337595187247,0.11315524257604766,75,-4.0154286146121265e-12,0.0,LL+,2,0.19600601559841951,-0.00012736035345295438,LLTR+,3,0.2067446133867805,0.010611237434908022,LL+,2,0.19600601559841951,-0.00012736035345295438,LLTR+,3,0.2067446133867805,0.010611237434908022,0.010738597788360976,0.010738597788360976,0.010738597788360976,1
0.01,0.0002,74.17130144605117,0.01348230353929214,0.19603995015115394,0.11314508377472487,75,2.7367864918748097e-13,0.0,LL+,2,0.19590700575690806,-0.0001329443942458819,LLTR+,3,0.20664048716346106,0.01060053701230712,LL+,2,0.19590700575690806,-0.0001329443942458819,LLTR+,3,0.20664048716346106,0.01060053701230712,0.010733481406553003,0.010733481406553003,0.010733481406553003,1
0.01,0.0002,74.2714126807564,0.01346413059757376,0.19594684653548158,0.11313495235971688,75,-2.5830032557294658e-15,0.0,LL+,2,0.19580826765714798,-0.0001385788783336006,LLTR+,3,0.20653663749248602,0.010589790957004436,LL+,2,0.19580826765714798,-0.0001385788783336006,LLTR+,3,0.20653663749248602,0.010589790957004436,0.010728369835338036,0.010728369835338036,0.010728369835338036,1
0.01,0.0002,74.37152391546162,0.013446006580915345,0.195854066957595,0.11312484822042981,75,5.074673320448753e-13,0.0,LL+,2,0.19570980019546413,-0.00014426676213086242,LLTR+,3,0.20643306326339647,0.010578996305801475,LL+,2,0.19570980019546413,-0.00014426676213086242,LLTR+,3,0.20643306326339647,0.010578996305801475,0.010723263067932337,0.010723263067932337,0.010723263067932337,1
0.01,0.0002,74.47163515016686,0.013427931292008961,0.19576161341601955,0.1131147712468645,75,2.071467997133425e-13,0.0,LL+,2,0.19561160227412577,-0.00015001114189377995,LLTR+,3,0.20632976337169118,0.010568149955671624,LL+,2,0.19561160227412577,-0.00015001114189377995,LLTR+,3,0.20632976337169118,0.010568149955671624,0.010718161097565404,0.010718161097565404,0.010718161097565404,1
0.01,0.0002,74.57174638487209,0.013409904534606205,0.19566948807138063,0.11310472132961247,75,4.376707329889484e-15,0.0,LL+,2,0.19551367280130638,-0.00015581527007424434,LLTR+,3,0.2062267367187862,0.010557248647405565,LL+,2,0.19551367280130638,-0.00015581527007424434,LLTR+,3,0.2062267367187862,0.010557248647405565,0.01071306391747981,0.01071306391747981,0.01071306391747981,1
0.01,0.0002,74.67185761957731,0.013391926113511098,0.19557769325542046,0.11309469835985195,75,-7.188936945734525e-12,0.0,LL+,2,0.1954160106910442,-0.00016168256437626427,LLTR+,3,0.20612398221197545,0.010546288956554989,LL+,2,0.1954160106910442,-0.00016168256437626427,LLTR+,3,0.20612398221197545,0.010546288956554989,0.010707971520931253,0.010707971520931253,0.010707971520931253,1
0.01,0.0002,74.77196885428253,0.013373995834573044,0.1954862315022173,0.11308470222934398,75,5.926509283327164e-13,0.0,LL+,2,0.19531861486320307,-0.00016761663901423973,LLTR+,3,0.2060214987643914,0.010535267262174103,LL+,2,0.19531861486320307,-0.00016761663901423973,LLTR+,3,0.2060214987643914,0.010535267262174103,0.010702883901188343,0.010702883901188343,0.010702883901188343,1
0.01,0.0002,74.87208008898777,0.013356113504679839,0.19539510553103118,0.11307473283042851,75,-1.9098611581114255e-12,0.0,LL+,2,0.19522148424343322,-0.00017362128759795814,LLTR+,3,0.20591928529496595,0.010524179763934771,LL+,2,0.19522148424343322,-0.00017362128759795814,LLTR+,3,0.20591928529496595,0.010524179763934771,0.01069780105153273,0.01069780105153273,0.01069780105153273,1
0.01,0.0002,74.972191323693,0.013338278931750741,0.19530431829863126,0.11306479005602055,75,-9.54138851261277e-12,0.0,LL+,2,0.19512461776313283,-0.00017970053549842824,LLTR+,3,0.20581734072839192,0.010513022429760654,LL+,2,0.19512461776313283,-0.00017970053549842824,LLTR+,3,0.20581734072839192,0.010513022429760654,0.010692722965259083,0.010692722965259083,0.010692722965259083,1
0.01,0.0002,75.07230255839822,0.01332049192472959,0.19521387301420653,0.11305487379960626,75,3.4468955467659157e-15,0.0,LL+,2,0.19502801435940964,-0.00018585865479689434,LLTR+,3,0.20571566399508445,0.010501790980877918,LL+,2,0.19502801435940964,-0.00018585865479689434,LLTR+,3,0.20571566399508445,0.010501790980877918,0.010687649635674812,0.010687649635674812,0.010687649635674812,1
0.01,0.0002,75.17241379310344,0.013302752293577982,0.1951237731311265,0.11304498395523924,75,6.028164079019405e-15,0.0,LL+,2,0.19493167297504274,-0.00019210015608375763,LLTR+,3,0.20561425403114325,0.010490480900016752,LL+,2,0.19493167297504274,-0.00019210015608375763,LLTR+,3,0.20561425403114325,0.010490480900016752,0.01068258105610051,0.01068258105610051,0.01068258105610051,1
0.01,0.0002,75.27252502780868,0.013285059849268508,0.1950340224086629,0.1130351204175367,75,-4.8371376348832484e-12,0.0,LL+,2,0.19483559255844518,-0.00019842985021772952,LLTR+,3,0.2055131097783145,0.010479087369651585,LL+,2,0.19483559255844518,-0.00019842985021772952,LLTR+,3,0.2055131097783145,0.010479087369651585,0.010677517219869315,0.010677517219869315,0.010677517219869315,1
0.01,0.0002,75.37263626251391,0.013267414403778039,0.19494462493041048,0.11302528308167577,75,2.866457071704076e-14,0.0,LL+,2,0.1947397720636262,-0.0002048528667842886,LLTR+,3,0.20541223018395355,0.010467605253543066,LL+,2,0.1947397720636262,-0.0002048528667842886,LLTR+,3,0.20541223018395355,0.010467605253543066,0.010672458120327355,0.010672458120327355,0.010672458120327355,1
0.01,0.0002,75.47274749721913,0.013249815770081061,0.19485558511812023,0.1130154718433897,75,3.2872038424613947e-12,0.0,LL+,2,0.1946442104501544,-0.0002113746679658357,LLTR+,3,0.20531161420098792,0.01045602908286769,LL+,2,0.1946442104501544,-0.0002113746679658357,LLTR+,3,0.20531161420098792,0.01045602908286769,0.010667403750833526,0.010667403750833526,0.010667403750833526,1
0.01,0.0002,75.57285873192437,0.013232263762143065,0.19476690778202377,0.11300568659896426,75,4.1902939451610166e-13,0.0,LL+,2,0.19454890668312058,-0.00021800109890318664,LLTR+,3,0.20521126078788007,0.010444353005856305,LL+,2,0.19454890668312058,-0.00021800109890318664,LLTR+,3,0.20521126078788007,0.010444353005856305,0.010662354104759492,0.010662354104759492,0.010662354104759492,1
0.01,0.0002,75.6729699666296,0.013214758194914007,0.19467859816363667,0.11299592724523407,75,-1.734723475976807e-18,0.0,LL+,2,0.1944538597331015,-0.00022473843053516518,LLTR+,3,0.2051111689085911,0.010432570744954434,LL+,2,0.1944538597331015,-0.00022473843053516518,LLTR+,3,0.2051111689085911,0.010432570744954434,0.010657309175489599,0.010657309175489599,0.010657309175489599,1
0.01,0.0002,75.77308120133482,0.013197298884321784,0.19459066196833397,0.1129861936795789,75,-3.405956072732863e-14,0.0,LL+,2,0.19435906857612345,-0.00023159339221051622,LLTR+,3,0.20501133753254439,0.010420675564210419,LL+,2,0.19435906857612345,-0.00023159339221051622,LLTR+,3,0.20501133753254439,0.010420675564210419,0.010652268956420935,0.010652268956420935,0.010652268956420935,1
0.01,0.0002,75.87319243604004,0.013179885647265797,0.19450310542546517,0.11297648579992019,75,7.002901730723821e-12,0.0,LL+,2,0.19426453219362633,-0.0002385732318388456,LLTR+,3,0.20491176563458952,0.010408660209124343,LL+,2,0.19426453219362633,-0.0002385732318388456,LLTR+,3,0.20491176563458952,0.010408660209124343,0.010647233440963189,0.010647233440963189,0.010647233440963189,1
0.01,0.0002,75.97330367074528,0.01316251830161054,0.19441593532598592,0.11296680350471738,75,-9.294474911936135e-14,0.0,LL+,2,0.19417024957242793,-0.00024568575355798927,LLTR+,3,0.20481245219496663,0.010396516868980715,LL+,2,0.19417024957242793,-0.00024568575355798927,LLTR+,3,0.20481245219496663,0.010396516868980715,0.010642202622538705,0.010642202622538705,0.010642202622538705,1
0.01,0.0002,76.0734149054505,0.013145196666179266,0.19432915912521578,0.11295714669296444,77,-9.020562075079397e-17,0.0,LL+,2,0.19407621970468866,-0.0002529394205271207,LLTR+,3,0.20471339619927115,0.010384237074055364,LL+,2,0.19407621970468866,-0.0002529394205271207,LLTR+,3,0.20471339619927115,0.010384237074055364,0.010637176494582484,0.010637176494582484,0.010637176494582484,1
0.01,0.0002,76.17352614015573,0.013127920560747663,0.19424278497941774,0.11294751526418634,77,1.0286910212542466e-15,0.0,LL+,2,0.1939824415878762,-0.0002603433915415454,LLTR+,3,0.2046145966384182,0.010371811659000446,LL+,2,0.1939824415878762,-0.0002603433915415454,LLTR+,3,0.2046145966384182,0.010371811659000446,0.010632155050541992,0.010632155050541992,0.010632155050541992,1
0.01,0.0002,76.27363737486095,0.013110689806037626,0.19415682185123995,0.11293790911843549,77,9.534872891237e-13,0.0,LL+,2,0.19388891422473087,-0.0002679076265090785,LLTR+,3,0.2045160525086082,0.01035923065736824,LL+,2,0.19388891422473087,-0.0002679076265090785,LLTR+,3,0.2045160525086082,0.01035923065736824,0.010627138283877319,0.010627138283877319,0.010627138283877319,1
0.01,0.0002,76.37374860956619,0.013093504223711038,0.1940712796017899,0.11292832815628842,77,1.6117315815300515e-14,0.0,LL+,2,0.19379563662323102,-0.0002756429785588932,LLTR+,3,0.20441776281129193,0.010346483209502016,LL+,2,0.19379563662323102,-0.0002756429785588932,LLTR+,3,0.20441776281129193,0.010346483209502016,0.01062212618806091,0.01062212618806091,0.01062212618806091,1
0.01,0.0002,76.47385984427142,0.013076363636363636,0.19398616911259953,0.11291877227884223,77,3.131099546305194e-12,0.0,LL+,2,0.1937026077965586,-0.00028356131604093116,LLTR+,3,0.20431972655313646,0.010333557440536933,LL+,2,0.1937026077965586,-0.00028356131604093116,LLTR+,3,0.20431972655313646,0.010333557440536933,0.010617118756577865,0.010617118756577865,0.010617118756577865,1
0.01,0.0002,76.57397107897664,0.013059267867518884,0.19390150240382942,0.11290924138771129,77,-6.078471059822732e-15,0.0,LL+,2,0.19360982676306523,-0.00029167564076418295,LLTR+,3,0.2042219427459908,0.010320440342161369,LL+,2,0.19360982676306523,-0.00029167564076418295,LLTR+,3,0.2042219427459908,0.010320440342161369,0.010612115982925552,0.010612115982925552,0.010612115982925552,1
0.01,0.0002,76.67408231368188,0.013042216741621933,0.19381729281111823,0.11289973538502374,77,-1.2975089752620406e-12,0.0,LL+,2,0.19351729254623845,-0.0003000002648797795,LLTR+,3,0.2041244104068523,0.010307117595734078,LL+,2,0.19351729254623845,-0.0003000002648797795,LLTR+,3,0.2041244104068523,0.010307117595734078,0.010607117860613857,0.010607117860613857,0.010607117860613857,1
0.01,0.0002,76.7741935483871,0.013025210084033612,0.19373355515320467,0.11289025417341825,77,-1.214306433183765e-15,0.0,LL+,2,0.19342500417466818,-0.0003085509785364926,LLTR+,3,0.20402712855783323,0.010293573404628553,LL+,2,0.19342500417466818,-0.0003085509785364926,LLTR+,3,0.20402712855783323,0.010293573404628553,0.010602124383165046,0.010602124383165046,0.010602124383165046,1
0.01,0.0002,76.87430478309233,0.013008247721024453,0.19365030595047716,0.11288079765604064,77,1.2784877323479549e-12,0.0,LL+,2,0.19333296068201353,-0.00031734526846363686,LLTR+,3,0.2039300962261271,0.01027979027564993,LL+,2,0.19333296068201353,-0.00031734526846363686,LLTR+,3,0.2039300962261271,0.01027979027564993,0.010597135544113567,0.010597135544113567,0.010597135544113567,1
0.01,0.0002,76.97441601779755,0.012991329479768787,0.19356756368097705,0.11287136573654061,77,-4.713519505261665e-12,0.0,LL+,2,0.19324116110696973,-0.0003264025740073173,LLTR+,3,0.2038333124439761,0.010265748762999044,LL+,2,0.19324116110696973,-0.0003264025740073173,LLTR+,3,0.2038333124439761,0.010265748762999044,0.010592151337006361,0.010592151337006361,0.010592151337006361,1
0.01,0.0002,77.07452725250279,0.012974455188338865,0.19348534910938803,0.11286195831906842,77,1.6474668851351737e-14,0.0,LL+,2,0.19314960449323548,-0.0003357446161525446,LLTR+,3,0.20373677624863806,0.010251427139250036,LL+,2,0.19314960449323548,-0.0003357446161525446,LLTR+,3,0.20373677624863806,0.010251427139250036,0.01058717175540258,0.01058717175540258,0.01058717175540258,1
0.01,0.0002,77.17463848720801,0.012957624675699048,0.19340368561633312,0.11285257530827172,77,6.960924892052134e-14,0.0,LL+,2,0.19305828988948048,-0.000345395726852632,LLTR+,3,0.20364048668235407,0.010236801066020956,LL+,2,0.19305828988948048,-0.000345395726852632,LLTR+,3,0.20364048668235407,0.010236801066020956,0.010582196792873588,0.010582196792873588,0.010582196792873588,1
0.01,0.0002,77.27474972191324,0.012940837771700015,0.1933225996853748,0.11284321660929227,77,-1.1761425167122752e-15,0.0,LL+,2,0.19296721634931324,-0.00035538333606155437,LLTR+,3,0.2035444427923163,0.010221843106941492,LL+,2,0.19296721634931324,-0.00035538333606155437,LLTR+,3,0.2035444427923163,0.010221843106941492,0.010577226443003046,0.010577226443003046,0.010577226443003046,1
0.01,0.0002,77.37486095661846,0.01292409430707303,0.19324212143669217,0.11283388212776273,77,1.7600747248547322e-12,0.0,LL+,2,0.192876382931249,-0.0003657385054431639,LLTR+,3,0.2034486436306357,0.010206522193943524,LL+,2,0.192876382931249,-0.0003657385054431639,LLTR+,3,0.2034486436306357,0.010206522193943524,0.010572260699386687,0.010572260699386687,0.010572260699386687,1
0.01,0.0002,77.4749721913237,0.012907394113424262,0.1931622852992789,0.11282457176980354,77,-8.334895273964804e-13,0.0,LL+,2,0.1927857886986782,-0.00037649660060068424,LLTR+,3,0.2033530882543107,0.010190802955031802,LL+,2,0.1927857886986782,-0.00037649660060068424,LLTR+,3,0.2033530882543107,0.010190802955031802,0.010567299555632487,0.010567299555632487,0.010567299555632487,1
0.01,0.0002,77.57508342602893,0.012890737023229137,0.19308313087294107,0.11281528544201976,77,1.4711964285707424e-12,0.0,LL+,2,0.19269543271983477,-0.0003876981531062973,LLTR+,3,0.20325777572519535,0.010174644852254278,LL+,2,0.19269543271983477,-0.0003876981531062973,LLTR+,3,0.20325777572519535,0.010174644852254278,0.010562343005360575,0.010562343005360575,0.010562343005360575,1
0.01,0.0002,77.67519466073415,0.012874122869826723,0.19300470395937536,0.11280602305149791,77,3.1420525903325114e-13,0.0,LL+,2,0.19260531406776513,-0.0003993898916102301,LLTR+,3,0.2031627051099682,0.010158001150592844,LL+,2,0.19260531406776513,-0.0003993898916102301,LLTR+,3,0.2031627051099682,0.010158001150592844,0.010557391042203074,0.010557391042203074,0.010557391042203074,1
0.01,0.0002,77.77530589543937,0.012857551487414189,0.1929270579340053,0.11279678450580291,77,7.410218272330127e-13,0.0,LL+,2,0.1925154318202971,-0.0004116261137082078,LLTR+,3,0.2030678754801013,0.010140817546095998,LL+,2,0.1925154318202971,-0.0004116261137082078,LLTR+,3,0.2030678754801013,0.010140817546095998,0.010552443659804206,0.010552443659804206,0.010552443659804206,1
0.01,0.0002,77.87541713014461,0.012841022711041278,0.1928502554574104,0.11278756971297502,77,-4.2934406030425976e-15,0.0,LL+,2,0.1924257850600091,-0.0004244703974013164,LLTR+,3,0.2029732859118294,0.01012303045441898,LL+,2,0.1924257850600091,-0.0004244703974013164,LLTR+,3,0.2029732859118294,0.01012303045441898,0.010547500851820296,0.010547500851820296,0.010547500851820296,1
0.01,0.0002,77.97552836484984,0.012824536376604849,0.1927743707420816,0.11277837858152671,77,1.1997347559855598e-14,0.0,LL+,2,0.19233637287419977,-0.0004379978678818175,LLTR+,3,0.20287893548611935,0.010104564744037758,LL+,2,0.19233637287419977,-0.0004379978678818175,LLTR+,3,0.20287893548611935,0.010104564744037758,0.010542562611919576,0.010542562611919576,0.010542562611919576,1
0.01,0.0002,78.07563959955506,0.012808092320843425,0.19269949252951837,0.11276921102043971,79,3.23342047581221e-13,0.0,LL+,2,0.19224719435485765,-0.0004522981746607202,LLTR+,3,0.20278482328863995,0.010085330759121575,LL+,2,0.19224719435485765,-0.0004522981746607202,LLTR+,3,0.20278482328863995,0.010085330759121575,0.010537628933782295,0.010537628933782295,0.010537628933782295,1
0.01,0.0002,78.1757508342603,0.012791690381331815,0.19262572811063725,0.11276006693916199,79,3.2537167404811385e-12,0.0,LL+,2,0.192158248598631,-0.00046747951200623583,LLTR+,3,0.20269094840973162,0.010065220299094374,LL+,2,0.192158248598631,-0.00046747951200623583,LLTR+,3,0.20269094840973162,0.010065220299094374,0.01053269981110061,0.01053269981110061,0.01053269981110061,1
0.01,0.0002,78.27586206896552,0.01277533039647577,0.19255320881375296,0.11275094624760475,79,7.771561172376096e-16,0.0,LL+,2,0.19206953470679822,-0.0004836741069547401,LLTR+,3,0.20259730994437689,0.010044101130623928,LL+,2,0.19206953470679822,-0.0004836741069547401,LLTR+,3,0.20259730994437689,0.010044101130623928,0.010527775237578668,0.010527775237578668,0.010527775237578668,1
0.01,0.0002,78.37597330367075,0.01275901220550667,0.19248209775343003,0.11274184885613947,79,7.077671781985373e-16,0.0,LL+,2,0.19198105178523805,-0.0005010459681919766,LLTR+,3,0.20250390699217047,0.010021809238740437,LL+,2,0.19198105178523805,-0.0005010459681919766,LLTR+,3,0.20250390699217047,0.010021809238740437,0.010522855206932413,0.010522855206932413,0.010522855206932413,1
0.01,0.0002,78.47608453837597,0.012742735648476259,0.19241260086866147,0.11273277467559502,79,-3.3219954564955856e-15,0.0,LL+,2,0.1918927989444004,-0.0005198019242610707,LLTR+,3,0.20241073865729015,0.00999813778862868,LL+,2,0.1918927989444004,-0.0005198019242610707,LLTR+,3,0.20241073865729015,0.00999813778862868,0.010517939712889751,0.010517939712889751,0.010517939712889751,1
0.01,0.0002,78.57619577308121,0.012726500566251414,0.1923449833119067,0.11272372361725468,79,9.48859046889794e-14,0.0,LL+,2,0.191804775299277,-0.0005402080126296893,LLTR+,3,0.20231780404846722,0.009972820736560528,LL+,2,0.191804775299277,-0.0005402080126296893,LLTR+,3,0.20231780404846722,0.009972820736560528,0.010513028749190217,0.010513028749190217,0.010513028749190217,1
0.01,0.0002,78.67630700778643,0.012710306800508978,0.19227959446615256,0.11271469559285327,79,-2.2794266474335245e-15,0.0,LL+,2,0.19171697996937276,-0.0005626144967798008,LLTR+,3,0.20222510227895812,0.009945507812805565,LL+,2,0.19171697996937276,-0.0005626144967798008,LLTR+,3,0.20222510227895812,0.009945507812805565,0.010508122309585366,0.010508122309585366,0.010508122309585366,1
0.01,0.0002,78.77641824249166,0.012694154193730585,0.19221690776522077,0.11270569051457431,79,-6.607561719995658e-15,0.0,LL+,2,0.19162941207867684,-0.0005874956865439263,LLTR+,3,0.20213263246651525,0.009915724701294482,LL+,2,0.19162941207867684,-0.0005874956865439263,LLTR+,3,0.20213263246651525,0.009915724701294482,0.010503220387838408,0.010503220387838408,0.010503220387838408,1
0.01,0.0002,78.87652947719688,0.012678042589197575,0.1921575872383884,0.11269670829504716,79,1.991882353502561e-12,0.0,LL+,2,0.19154207075563434,-0.0006155164827540693,LLTR+,3,0.2020403937333586,0.009882806494970198,LL+,2,0.19154207075563434,-0.0006155164827540693,LLTR+,3,0.2020403937333586,0.009882806494970198,0.010498322977724267,0.010498322977724267,0.010498322977724267,1
0.01,0.0002,78.97664071190212,0.012661971830985915,0.19210260565813217,0.11268774884734416,79,2.7228219678931964e-14,0.0,LL+,2,0.1914549551331179,-0.0006476505250142817,LLTR+,3,0.20194838520614744,0.009845779548015271,LL+,2,0.1914549551331179,-0.0006476505250142817,LLTR+,3,0.20194838520614744,0.009845779548015271,0.010493430073029553,0.010493430073029553,0.010493430073029553,1
0.01,0.0002,79.07675194660735,0.012645941763961175,0.19205347143964668,0.11267881208497786,79,-4.0076622576101784e-13,0.0,LL+,2,0.19136806434839979,-0.0006854070912468979,LLTR+,3,0.20185660601595248,0.0098031345763058,LL+,2,0.19136806434839979,-0.0006854070912468979,LLTR+,3,0.20185660601595248,0.0098031345763058,0.010488541667552698,0.010488541667552698,0.010488541667552698,1
0.01,0.0002,79.17686318131257,0.012629952233773532,0.19201271172757886,0.11266989792189824,79,7.632783294297951e-17,0.0,LL+,2,0.191281397543124,-0.000731314184454851,LLTR+,3,0.20176505529822764,0.009752343570648775,LL+,2,0.191281397543124,-0.000731314184454851,LLTR+,3,0.20176505529822764,0.009752343570648775,0.010483657755103626,0.010483657755103626,0.010483657755103626,1
0.01,0.0002,79.27697441601781,0.012614003086852812,0.1919850636409604,0.11266100627248996,79,8.484705993350161e-14,0.0,LL+,2,0.19119495386327878,-0.0007901097776816246,LLTR+,3,0.20167373219278267,0.009688668551822266,LL+,2,0.19119495386327878,-0.0007901097776816246,LLTR+,3,0.20167373219278267,0.009688668551822266,0.01047877832950389,0.01047877832950389,0.01047877832950389,1
0.01,0.0002,79.37708565072303,0.012598094170403586,0.1919811590320365,0.11265213705156951,79,-8.500145032286355e-17,0.0,LL+,2,0.19110873245916885,-0.0008724265728676517,LLTR+,3,0.20158263584375566,0.009601476811719162,LL+,2,0.19110873245916885,-0.0008724265728676517,LLTR+,3,0.20158263584375566,0.009601476811719162,0.010473903384586813,0.010473903384586813,0.010473903384586813,1
0.01,0.0002,79.47719688542826,0.01258222533240028,0.1920348954815323,0.11264329017438267,79,-2.1815015072146338e-13,0.0,LL+,2,0.19102273248538876,-0.0010121629961435397,LLTR+,3,0.20149176539958574,0.009456869918053445,LL+,2,0.19102273248538876,-0.0010121629961435397,LLTR+,3,0.20149176539958574,0.009456869918053445,0.010469032914196985,0.010469032914196985,0.010469032914196985,1
0.01,0.0002,79.57730812013348,0.012566396421582332,0.19323423995230374,0.11263446555660166,79,-1.734723475976807e-18,0.0,LL+,2,0.1909369531007953,-0.002297286851508429,LLTR+,3,0.2014011200129861,0.008166880060682363,LL+,2,0.1909369531007953,-0.002297286851508429,LLTR+,3,0.2014011200129861,0.008166880060682363,0.010464166912190792,0.010464166912190792,0.010464166912190792,1
0.01,0.0002,79.67741935483872,0.01255060728744939,0.2002978787317149,0.11262566311432254,79,7.848062477666673e-14,0.0,LL+,2,0.1908513934684812,-0.00944648526323369,LLTR+,3,0.2013106988409172,0.0010128201092023115,LL+,2,0.1908513934684812,-0.00944648526323369,LLTR+,3,0.2013106988409172,0.0010128201092023115,0.010459305372436,0.010459305372436,0.010459305372436,1
0.01,0.0002,79.77753058954394,0.012534857780256552,0.20034774382340984,0.11261688276406254,79,-1.000241556248227e-14,0.0,LL+,2,0.19076605275574832,-0.009581691067661519,LLTR+,3,0.20122050104456013,0.0008727572211502943,LL+,2,0.19076605275574832,-0.009581691067661519,LLTR+,3,0.20122050104456013,0.0008727572211502943,0.010454448288811813,0.010454448288811813,0.010454448288811813,1
0.01,0.0002,79.87764182424917,0.012519147751009608,0.2003401941667332,0.11260812442275736,79,2.949029909160572e-17,0.0,LL+,2,0.19068093013408116,-0.009659264032652048,LLTR+,3,0.2011305257892902,0.0007903316225569834,LL+,2,0.19068093013408116,-0.009659264032652048,LLTR+,3,0.2011305257892902,0.0007903316225569834,0.010449595655209032,0.010449595655209032,0.010449595655209032,1
0.01,0.0002,79.97775305895439,0.012503477051460363,0.20030929060260613,0.11259938800775866,79,-3.365363543395006e-16,0.0,LL+,2,0.19059602477912088,-0.009713265823485251,LLTR+,3,0.20104077224465058,0.0007314816420444514,LL+,2,0.19059602477912088,-0.009713265823485251,LLTR+,3,0.20104077224465058,0.0007314816420444514,0.010444747465529702,0.010444747465529702,0.010444747465529702,1
0.01,0.0002,80.07786429365963,0.012487845534101958,0.2002656976571375,0.11259067343683135,81,4.4369716234449186e-13,0.0,LL+,2,0.1905113358706392,-0.0097543617864983,LLTR+,3,0.20095123958432656,0.0006855419271890595,LL+,2,0.1905113358706392,-0.0097543617864983,LLTR+,3,0.20095123958432656,0.0006855419271890595,0.01043990371368736,0.01043990371368736,0.01043990371368736,1
0.01,0.0002,80.17797552836485,0.012472253052164262,0.20021416335935094,0.11258198062815108,81,-1.407351665760892e-12,0.0,LL+,2,0.1904268625925126,-0.009787300766838342,LLTR+,3,0.2008619269861195,0.0006477636267685494,LL+,2,0.1904268625925126,-0.009787300766838342,LLTR+,3,0.2008619269861195,0.0006477636267685494,0.010435064393606891,0.010435064393606891,0.010435064393606891,1
0.01,0.0002,80.27808676307008,0.012456699459609255,0.20015721957463664,0.11257330950030167,81,-1.1739047234282651e-13,0.0,LL+,2,0.1903426041326967,-0.009814615441939928,LLTR+,3,0.2007728336319212,0.0006156140572845525,LL+,2,0.1903426041326967,-0.009814615441939928,LLTR+,3,0.2007728336319212,0.0006156140572845525,0.01043022949922448,0.01043022949922448,0.01043022949922448,1
0.01,0.0002,80.3781979977753,0.012441184611126489,0.2000963770732902,0.11256465997227252,81,-3.5340654014337503e-13,0.0,LL+,2,0.19025855968320096,-0.009837817390089237,LLTR+,3,0.20068395870768863,0.0005875816343984264,LL+,2,0.19025855968320096,-0.009837817390089237,LLTR+,3,0.20068395870768863,0.0005875816343984264,0.010425399024487664,0.010425399024487664,0.010425399024487664,1
0.01,0.0002,80.47830923248054,0.012425708362128541,0.2000326099996454,0.11255603196345618,81,-9.617306950815419e-14,0.0,LL+,2,0.1901747284400632,-0.009857881559582199,LLTR+,3,0.20059530140341844,0.0005626914037730468,LL+,2,0.1901747284400632,-0.009857881559582199,LLTR+,3,0.20059530140341844,0.0005626914037730468,0.010420572963355246,0.010420572963355246,0.010420572963355246,1
0.01,0.0002,80.57842046718577,0.01241027056874655,0.19996658321988078,0.1125474253936457,81,-2.2414362033096324e-14,0.0,LL+,2,0.19009110960332487,-0.009875473616555913,LLTR+,3,0.20050686091312214,0.0005402776932413589,LL+,2,0.19009110960332487,-0.009875473616555913,LLTR+,3,0.20050686091312214,0.0005402776932413589,0.010415751309797272,0.010415751309797272,0.010415751309797272,1
0.01,0.0002,80.67853170189099,0.012394871087825728,0.19989877073791332,0.11253884018303235,81,1.0011227957740232e-12,0.0,LL+,2,0.19000770237700604,-0.00989106836090728,LLTR+,3,0.20041863643480096,0.0005198656968876392,LL+,2,0.19000770237700604,-0.00989106836090728,LLTR+,3,0.20041863643480096,0.0005198656968876392,0.010410934057794918,0.010410934057794918,0.010410934057794918,1
0.01,0.0002,80.77864293659623,0.012379509776920957,0.19982952234481216,0.11253027625220294,81,4.8155923693116165e-15,0.0,LL+,2,0.18992450596908061,-0.009905016375731546,LLTR+,3,0.20033062717042138,0.0005011048256092221,LL+,2,0.18992450596908061,-0.009905016375731546,LLTR+,3,0.20033062717042138,0.0005011048256092221,0.010406121201340768,0.010406121201340768,0.010406121201340768,1
0.01,0.0002,80.87875417130145,0.012364186494292393,0.1997591035167926,0.11252173352213751,81,-2.5526455948998716e-14,0.0,LL+,2,0.18984151959145207,-0.009917583925340534,LLTR+,3,0.20024283232589046,0.00048372880909786087,LL+,2,0.18984151959145207,-0.009917583925340534,LLTR+,3,0.20024283232589046,0.00048372880909786087,0.010401312734438395,0.010401312734438395,0.010401312734438395,1
0.01,0.0002,80.97886540600668,0.012348901098901098,0.19968772045791378,0.11251321191420688,81,6.834116605958229e-14,0.0,LL+,2,0.1897587424599291,-0.009928977997984673,LLTR+,3,0.2001552511110316,0.0004675306531178314,LL+,2,0.1897587424599291,-0.009928977997984673,LLTR+,3,0.2001552511110316,0.0004675306531178314,0.010396508651102504,0.010396508651102504,0.010396508651102504,1
0.01,0.0002,81.0789766407119,0.01233365345040472,0.19961553649822458,0.11250471135017014,81,6.938893903907228e-18,0.0,LL+,2,0.18967617379420137,-0.009939362704023208,LLTR+,3,0.20006788273956044,0.0004523462413358603,LL+,2,0.18967617379420137,-0.009939362704023208,LLTR+,3,0.20006788273956044,0.0004523462413358603,0.010391708945359068,0.010391708945359068,0.010391708945359068,1
0.01,0.0002,81.17908787541714,0.01231844340915319,0.1995426831811885,0.11249623175217241,81,-1.7516127437389173e-12,0.0,LL+,2,0.18959381281781573,-0.009948870363372775,LLTR+,3,0.19998072642906073,0.0004380432478722218,LL+,2,0.18959381281781573,-0.009948870363372775,LLTR+,3,0.19998072642906073,0.0004380432478722218,0.010386913611244997,0.010386913611244997,0.010386913611244997,1
0.01,0.0002,81.27919911012236,0.012303270836184479,0.199469267992357,0.11248777304274235,81,-1.5450141166439835e-12,0.0,LL+,2,0.1895116587581523,-0.009957609234204717,LLTR+,3,0.19989378140096065,0.0004245134086036384,LL+,2,0.1895116587581523,-0.009957609234204717,LLTR+,3,0.19989378140096065,0.0004245134086036384,0.010382122642808356,0.010382122642808356,0.010382122642808356,1
0.01,0.0002,81.37931034482759,0.01228813559322034,0.19939537985519454,0.11247933514478985,81,-3.9963535952702856e-12,0.0,LL+,2,0.18942971084640098,-0.00996566900879356,LLTR+,3,0.1998070468805091,0.00041166702531456045,LL+,2,0.18942971084640098,-0.00996566900879356,LLTR+,3,0.1998070468805091,0.00041166702531456045,0.01037733603410812,0.01037733603410812,0.01037733603410812,1
0.01,0.0002,81.47942157953281,0.012273037542662117,0.199321093173359,0.11247091798160364,81,-1.8351639652358642e-14,0.0,LL+,2,0.18934796831753808,-0.009973124855820914,LLTR+,3,0.19972052209675248,0.00039942892339348,LL+,2,0.18934796831753808,-0.009973124855820914,LLTR+,3,0.19972052209675248,0.00039942892339348,0.010372553779214394,0.010372553779214394,0.010372553779214394,1
0.01,0.0002,81.57953281423805,0.012257976547586582,0.19924647078690333,0.11246252147684903,81,3.7077216297198845e-12,0.0,LL+,2,0.18926643041030286,-0.009980040376600469,LLTR+,3,0.19963420628251108,0.00038773549560774945,LL+,2,0.18926643041030286,-0.009980040376600469,LLTR+,3,0.19963420628251108,0.00038773549560774945,0.010367775872208218,0.010367775872208218,0.010367775872208218,1
0.01,0.0002,81.67964404894327,0.012242952471741795,0.19917156624631527,0.11245414555456557,81,-1.4047096819069793e-13,0.0,LL+,2,0.18918509636717473,-0.009986469879140536,LLTR+,3,0.19954809867435627,0.0003765324280410043,LL+,2,0.18918509636717473,-0.009986469879140536,LLTR+,3,0.19954809867435627,0.0003765324280410043,0.01036300230718154,0.01036300230718154,0.01036300230718154,1
0.01,0.0002,81.7797552836485,0.012227965179542982,0.19909642556079357,0.11244579013916473,81,8.673617379884035e-18,0.0,LL+,2,0.1891039654343501,-0.009992460126443475,LLTR+,3,0.19946219851258742,0.0003657729517938524,LL+,2,0.1891039654343501,-0.009992460126443475,LLTR+,3,0.19946219851258742,0.0003657729517938524,0.010358233078237328,0.010358233078237328,0.010358233078237328,1
0.01,0.0002,81.87986651835374,0.012213014536068467,0.19902108851345482,0.11243745515542768,81,8.213846269811143e-13,0.0,LL+,2,0.18902303686171984,-0.00999805165173498,LLTR+,3,0.19937650504120918,0.0003554165277543653,LL+,2,0.18902303686171984,-0.00999805165173498,LLTR+,3,0.19937650504120918,0.0003554165277543653,0.010353468179489345,0.010353468179489345,0.010353468179489345,1
0.01,0.0002,81.97997775305896,0.01219810040705563,0.19894558973608464,0.11242914052850303,81,-2.284630817861455e-15,0.0,LL+,2,0.1889423099028466,-0.010003279833238038,LLTR+,3,0.19929101750790884,0.00034542777182419715,LL+,2,0.1889423099028466,-0.010003279833238038,LLTR+,3,0.19929101750790884,0.00034542777182419715,0.010348707605062235,0.010348707605062235,0.010348707605062235,1
0.01,0.0002,82.08008898776419,0.01218322265889687,0.19886995955505868,0.11242084618390452,83,6.054184931159057e-16,0.0,LL+,2,0.18886178381494245,-0.010008175740116226,LLTR+,3,0.199205735164034,0.000335775608975325,LL+,2,0.18886178381494245,-0.010008175740116226,LLTR+,3,0.199205735164034,0.000335775608975325,0.010343951349091551,0.010343951349091551,0.010343951349091551,1
0.01,0.0002,82.18020022246941,0.012168381158635626,0.19879422466488378,0.11241257204750887,83,3.390770303424162e-12,0.0,LL+,2,0.1887814578588466,-0.010012766806037188,LLTR+,3,0.1991206572645702,0.000326432599686427,LL+,2,0.1887814578588466,-0.010012766806037188,LLTR+,3,0.1991206572645702,0.000326432599686427,0.010339199405723615,0.010339199405723615,0.010339199405723615,1
0.01,0.0002,82.28031145717465,0.012153575773962417,0.1987184086685967,0.11240431804555356,83,1.5615980730743217e-14,0.0,LL+,2,0.1887013312990033,-0.010017077369593397,LLTR+,3,0.19903578306811887,0.0003173743995221745,LL+,2,0.1887013312990033,-0.010017077369593397,LLTR+,3,0.19903578306811887,0.0003173743995221745,0.010334451769115571,0.010334451769115571,0.010334451769115571,1
0.01,0.0002,82.38042269187987,0.012138806373210909,0.1986425325514085,0.11239608410463459,83,-1.3108559376862061e-12,0.0,LL+,2,0.18862140340344002,-0.010021129147968488,LLTR+,3,0.19895111183687528,0.0003085792854667646,LL+,2,0.18862140340344002,-0.010021129147968488,LLTR+,3,0.19895111183687528,0.0003085792854667646,0.010329708433435253,0.010329708433435253,0.010329708433435253,1
0.01,0.0002,82.4805339265851,0.012124072825354012,0.19856661503069847,0.11238787015170437,83,7.389922007661198e-16,0.0,LL+,2,0.18854167344374567,-0.010024941586952801,LLTR+,3,0.19886664283660702,0.0003000278059085426,LL+,2,0.18854167344374567,-0.010024941586952801,LLTR+,3,0.19886664283660702,0.0003000278059085426,0.010324969392861344,0.010324969392861344,0.010324969392861344,1
0.01,0.0002,82.58064516129032,0.012109375,0.19849067286728458,0.11237967611406952,83,2.0358714714063808e-14,0.0,LL+,2,0.1884621406950489,-0.010028532172235677,LLTR+,3,0.19878237533663204,0.0002917024693474546,LL+,2,0.1884621406950489,-0.010028532172235677,LLTR+,3,0.19878237533663204,0.0002917024693474546,0.010320234641583131,0.010320234641583131,0.010320234641583131,1
0.01,0.0002,82.68075639599556,0.01209471276738867,0.1984147211296465,0.11237150191938869,83,-2.983724378680108e-16,0.0,LL+,2,0.1883828044359967,-0.010031916693649806,LLTR+,3,0.19869830860979742,0.00028358748015092083,LL+,2,0.1883828044359967,-0.010031916693649806,LLTR+,3,0.19869830860979742,0.00028358748015092083,0.010315504173800727,0.010315504173800727,0.010315504173800727,1
0.01,0.0002,82.78086763070078,0.01208008599838753,0.19833877340585745,0.11236334749567056,83,-1.3197949677579146e-13,0.0,LL+,2,0.18830366394873327,-0.010035109457124186,LLTR+,3,0.19861444193245803,0.0002756685266005754,LL+,2,0.18830366394873327,-0.010035109457124186,LLTR+,3,0.19861444193245803,0.0002756685266005754,0.010310777983724762,0.010310777983724762,0.010310777983724762,1
0.01,0.0002,82.88097886540601,0.012065494564487989,0.1982628419880603,0.11235521277127156,83,-7.45410677627234e-15,0.0,LL+,2,0.18822471851887862,-0.010038123469181676,LLTR+,3,0.19853077458445514,0.0002679325963948487,LL+,2,0.18822471851887862,-0.010038123469181676,LLTR+,3,0.19853077458445514,0.0002679325963948487,0.010306056065576524,0.010306056065576524,0.010306056065576524,1
0.01,0.0002,82.98109010011123,0.012050938337801608,0.19818693802827309,0.1123470976748939,83,1.051847844935061e-12,0.0,LL+,2,0.1881459674355078,-0.010040970592765291,LLTR+,3,0.19844730584909573,0.0002603678208226434,LL+,2,0.1881459674355078,-0.010040970592765291,LLTR+,3,0.19844730584909573,0.0002603678208226434,0.010301338413587935,0.010301338413587935,0.010301338413587935,1
0.01,0.0002,83.08120133481647,0.012036417191056366,0.19811107166925113,0.11233900213558343,83,5.060188379424346e-15,0.0,LL+,2,0.18806740999112992,-0.010043661678121207,LLTR+,3,0.19836403501313157,0.00025296334388044683,LL+,2,0.18806740999112992,-0.010043661678121207,LLTR+,3,0.19836403501313157,0.00025296334388044683,0.010296625022001654,0.010296625022001654,0.010296625022001654,1
0.01,0.0002,83.1813125695217,0.012021930997592939,0.1980352521648386,0.11233092608272757,83,-5.740598968406729e-13,0.0,LL+,2,0.18798904548166767,-0.010046206683170938,LLTR+,3,0.19828096136673826,0.0002457092018996465,LL+,2,0.18798904548166767,-0.010046206683170938,LLTR+,3,0.19828096136673826,0.0002457092018996465,0.010291915885070585,0.010291915885070585,0.010291915885070585,1
0.01,0.0002,83.28142380422692,0.012007479631361026,0.19795948797333282,0.11232286944605328,83,-1.3766696116412902e-12,0.0,LL+,2,0.1879108732064366,-0.010048614766896224,LLTR+,3,0.198198084203495,0.00023859623016217468,LL+,2,0.1879108732064366,-0.010048614766896224,LLTR+,3,0.198198084203495,0.00023859623016217468,0.0102872109970584,0.0102872109970584,0.0102872109970584,1
0.01,0.0002,83.38153503893216,0.011993062966915687,0.19788378684627284,0.112314832155625,83,-1.3530825765384336e-12,0.0,LL+,2,0.1878328924681248,-0.010050894378148045,LLTR+,3,0.198115402820364,0.00023161597409115942,LL+,2,0.1878328924681248,-0.010050894378148045,LLTR+,3,0.198115402820364,0.00023161597409115942,0.010282510352239205,0.010282510352239205,0.010282510352239205,1
0.01,0.0002,83.48164627363738,0.011978680879413723,0.19780815590167145,0.11230681414184265,83,3.0617869350990645e-15,0.0,LL+,2,0.18775510257277264,-0.010053053328898803,LLTR+,3,0.19803291651767022,0.00022476061599877029,LL+,2,0.18775510257277264,-0.010053053328898803,LLTR+,3,0.19803291651767022,0.00022476061599877029,0.010277813944897574,0.010277813944897574,0.010277813944897574,1
0.01,0.0002,83.5817575083426,0.01196433324461006,0.19773260168752135,0.11229881533543962,83,-4.202246189910497e-13,0.0,LL+,2,0.18767750282975285,-0.010055098857768507,LLTR+,3,0.19795062459908144,0.00021802291156008957,LL+,2,0.18767750282975285,-0.010055098857768507,LLTR+,3,0.19795062459908144,0.00021802291156008957,0.010273121769328597,0.010273121769328597,0.010273121769328597,1
0.01,0.0002,83.68186874304783,0.011950019938854181,0.19765713024425266,0.11229083566748072,83,-4.479056014972116e-15,0.0,LL+,2,0.18760009255175036,-0.010057037692502296,LLTR+,3,0.19786852637158808,0.00021139612733542257,LL+,2,0.18760009255175036,-0.010057037692502296,LLTR+,3,0.19786852637158808,0.00021139612733542257,0.010268433819837719,0.010268433819837719,0.010268433819837719,1
0.01,0.0002,83.78197997775307,0.011935740839086563,0.19758174714960036,0.11228287506936027,83,1.5178830414797062e-15,0.0,LL+,2,0.18752287105474252,-0.010058876094857838,LLTR+,3,0.19778662114548334,0.0002048739958829815,LL+,2,0.18752287105474252,-0.010058876094857838,LLTR+,3,0.19778662114548334,0.0002048739958829815,0.01026375009074082,0.01026375009074082,0.01026375009074082,1
0.01,0.0002,83.88209121245829,0.011921495822835167,0.1975064575709188,0.11227493347280011,83,8.976290197248993e-12,0.0,LL+,2,0.18744583765797967,-0.010060619912939134,LLTR+,3,0.19770490823434386,0.0001984506634250538,LL+,2,0.18744583765797967,-0.010060619912939134,LLTR+,3,0.19770490823434386,0.0001984506634250538,0.010259070576364188,0.010259070576364188,0.010259070576364188,1
0.01,0.0002,83.98220244716352,0.01190728476821192,0.19743126628414268,0.11226701080984766,83,8.989878286236319e-12,0.0,LL+,2,0.1873689916839653,-0.010062274600177362,LLTR+,3,0.19762338695500972,0.00019212067086704643,LL+,2,0.1873689916839653,-0.010062274600177362,LLTR+,3,0.19762338695500972,0.00019212067086704643,0.010254395271044409,0.010254395271044409,0.010254395271044409,1
0.01,0.0002,84.08231368186874,0.011893107553909248,0.1973561777335868,0.11225910701287392,85,7.355852038593014e-13,0.0,LL+,2,0.1872923324584369,-0.01006384527514989,LLTR+,3,0.19754205662756538,0.00018587889397858604,LL+,2,0.1872923324584369,-0.01006384527514989,LLTR+,3,0.19754205662756538,0.00018587889397858604,0.010249724169128477,0.010249724169128477,0.010249724169128477,1
0.01,0.0002,84.18242491657398,0.011878964059196617,0.1972811960606229,0.11225122201457162,85,-4.40619762898109e-16,0.0,LL+,2,0.18721585931034662,-0.010065336750276266,LLTR+,3,0.19746091657532025,0.0001797205146973624,LL+,2,0.18721585931034662,-0.010065336750276266,LLTR+,3,0.19746091657532025,0.0001797205146973624,0.010245057264973628,0.010245057264973628,0.010245057264973628,1
0.01,0.0002,84.2825361512792,0.011864854163917117,0.19720632511089697,0.1122433557479533,85,-1.9949944474184633e-12,0.0,LL+,2,0.1871395715718422,-0.010066753539054785,LLTR+,3,0.19737996612478959,0.00017364101389261144,LL+,2,0.1871395715718422,-0.010066753539054785,LLTR+,3,0.19737996612478959,0.00017364101389261144,0.010240394552947396,0.010240394552947396,0.010240394552947396,1
0.01,0.0002,84.38264738598443,0.011850777748484049,0.19713156847940433,0.11223550814634936,85,4.40619762898109e-16,0.0,LL+,2,0.18706346857824796,-0.010068099901156369,LLTR+,3,0.19729920460567557,0.00016763612627124225,LL+,2,0.18706346857824796,-0.010068099901156369,LLTR+,3,0.19729920460567557,0.00016763612627124225,0.010235736027427611,0.010235736027427611,0.010235736027427611,1
0.01,0.0002,84.48275862068967,0.011836734693877549,0.19705692951991252,0.11222767914340624,85,-1.186550857568136e-15,0.0,LL+,2,0.18698754966804607,-0.010069379851866456,LLTR+,3,0.19721863135084833,0.00016170183093580648,LL+,2,0.18698754966804607,-0.010069379851866456,LLTR+,3,0.19721863135084833,0.00016170183093580648,0.010231081682802262,0.010231081682802262,0.010231081682802262,1
0.01,0.0002,84.58286985539489,0.01182272488164124,0.1969824113748904,0.1122198686730845,85,-1.7473869573514378e-14,0.0,LL+,2,0.1869118141828577,-0.010070597192032682,LLTR+,3,0.19713824569632732,0.00015583432143692622,LL+,2,0.1869118141828577,-0.010070597192032682,LLTR+,3,0.19713824569632732,0.00015583432143692622,0.010226431513469608,0.010226431513469608,0.010226431513469608,1
0.01,0.0002,84.68298109010011,0.011808748193878891,0.19690801698781882,0.11221207666965699,85,-1.7637662164116108e-12,0.0,LL+,2,0.18683626146742466,-0.01007175552039416,LLTR+,3,0.1970580469812627,0.00015002999344387868,LL+,2,0.18683626146742466,-0.01007175552039416,LLTR+,3,0.1970580469812627,0.00015002999344387868,0.010221785513838039,0.010221785513838039,0.010221785513838039,1
0.01,0.0002,84.78309232480534,0.011794804513251116,0.19683374912461948,0.11220430306770701,85,-6.123782037015246e-13,0.0,LL+,2,0.18676089086959066,-0.010072858255028821,LLTR+,3,0.19697803454791685,0.00014428542329736338,LL+,2,0.18676089086959066,-0.010072858255028821,LLTR+,3,0.19697803454791685,0.00014428542329736338,0.010217143678326185,0.010217143678326185,0.010217143678326185,1
0.01,0.0002,84.88320355951058,0.011780893722972086,0.19675961038155973,0.11219654780212644,85,-1.214306433183765e-17,0.0,LL+,2,0.1866857017402833,-0.010073908641276441,LLTR+,3,0.19689820774164601,0.00013859736008628443,LL+,2,0.1866857017402833,-0.010073908641276441,LLTR+,3,0.19689820774164601,0.00013859736008628443,0.010212506001362726,0.010212506001362726,0.010212506001362726,1
0.01,0.0002,84.9833147942158,0.011767015706806282,0.19668560320446113,0.112188810808114,85,2.204833537966522e-15,0.0,LL+,2,0.1866106934334958,-0.01007490977096534,LLTR+,3,0.19681856591088231,0.0001329627064211858,LL+,2,0.1866106934334958,-0.01007490977096534,LLTR+,3,0.19681856591088231,0.0001329627064211858,0.010207872477386526,0.010207872477386526,0.010207872477386526,1
0.01,0.0002,85.08342602892102,0.011753170349065237,0.19661172990407644,0.11218109202117338,85,9.142195681044463e-12,0.0,LL+,2,0.1865358653062688,-0.010075864597807627,LLTR+,3,0.19673910840711523,0.00012737850303878862,LL+,2,0.1865358653062688,-0.010075864597807627,LLTR+,3,0.19673910840711523,0.00012737850303878862,0.010203243100846415,0.010203243100846415,0.010203243100846415,1
0.01,0.0002,85.18353726362625,0.011739357534604335,0.19653799264520821,0.11217339137711142,85,2.444225377651321e-15,0.0,LL+,2,0.18646121671867272,-0.010076775926535497,LLTR+,3,0.19665983458487418,0.00012184193966596757,LL+,2,0.18646121671867272,-0.010076775926535497,LLTR+,3,0.19665983458487418,0.00012184193966596757,0.010198617866201465,0.010198617866201465,0.010198617866201465,1
0.01,0.0002,85.28364849833149,0.011725577148819616,0.19646439350056327,0.11216570881203644,85,3.0600522116230877e-15,0.0,LL+,2,0.18638674703378977,-0.010077646466773504,LLTR+,3,0.1965807438017104,0.0001163503011471223,LL+,2,0.18638674703378977,-0.010077646466773504,LLTR+,3,0.1965807438017104,0.0001163503011471223,0.010193996767920627,0.010193996767920627,0.010193996767920627,1
0.01,0.0002,85.38375973303671,0.011711829077644606,0.19639093441702996,0.11215804426235637,85,-1.1874182193061245e-13,0.0,LL+,2,0.18631245561769627,-0.010078478799333684,LLTR+,3,0.19650183541817923,0.0001109010011492717,LL+,2,0.18631245561769627,-0.010078478799333684,LLTR+,3,0.19650183541817923,0.0001109010011492717,0.010189379800482956,0.010189379800482956,0.010189379800482956,1
0.01,0.0002,85.48387096774194,0.01169811320754717,0.1963176172444397,0.11215039766477705,85,-4.077500490029529e-12,0.0,LL+,2,0.18623834183944524,-0.010079275404994453,LLTR+,3,0.1964231087978227,0.00010549155338301919,LL+,2,0.18623834183944524,-0.010079275404994453,LLTR+,3,0.1964231087978227,0.00010549155338301919,0.010184766958377472,0.010184766958377472,0.010184766958377472,1
0.01,0.0002,85.58398220244716,0.011684429425526385,0.19624444374815178,0.11214276895630046,85,-3.689756833402669e-15,0.0,LL+,2,0.1861644050710489,-0.010080038677102887,LLTR+,3,0.19634456330715203,0.0001001195590002446,LL+,2,0.1861644050710489,-0.010080038677102887,LLTR+,3,0.19634456330715203,0.0001001195590002446,0.010180158236103132,0.010180158236103132,0.010180158236103132,1
0.01,0.0002,85.6840934371524,0.011670777619109438,0.19617141559830503,0.11213515807422302,85,-3.5643363260895455e-14,0.0,LL+,2,0.18609064468746134,-0.010080770910843695,LLTR+,3,0.19626619831563022,9.478271732518695e-05,LL+,2,0.18609064468746134,-0.010080770910843695,LLTR+,3,0.19626619831563022,9.478271732518695e-05,0.010175553628168882,0.010175553628168882,0.010175553628168882,1
0.01,0.0002,85.78420467185762,0.011657157676348548,0.1960985343952941,0.11212756495613382,85,-8.548717289613705e-15,0.0,LL+,2,0.18601706006656135,-0.010081474328732742,LLTR+,3,0.19618801319565493,8.947880036083711e-05,LL+,2,0.18601706006656135,-0.010081474328732742,LLTR+,3,0.19618801319565493,8.947880036083711e-05,0.01017095312909358,0.01017095312909358,0.01017095312909358,1
0.01,0.0002,85.88431590656285,0.0116435694858179,0.19602580166689987,0.11211998953991298,85,3.342846832676827e-13,0.0,LL+,2,0.18594365058913553,-0.010082151077764334,LLTR+,3,0.1961100073225415,8.420565564162819e-05,LL+,2,0.18594365058913553,-0.010082151077764334,LLTR+,3,0.1961100073225415,8.420565564162819e-05,0.010166356733405962,0.010166356733405962,0.010166356733405962,1
0.01,0.0002,85.98442714126809,0.011630012936610607,0.19595321887552158,0.11211243176372993,85,1.1796119636642288e-16,0.0,LL+,2,0.18587041563886106,-0.010082803236660526,LLTR+,3,0.19603218007450574,7.896119898415099e-05,LL+,2,0.18587041563886106,-0.010082803236660526,LLTR+,3,0.19603218007450574,7.896119898415099e-05,0.010161764435644677,0.010161764435644677,0.010161764435644677,1
0.01,0.0002,86.08453837597331,0.011616487918335701,0.1958807874252417,0.11210489156604167,87,-4.19976553533985e-15,0.0,LL+,2,0.1857973546022891,-0.010083432822952598,LLTR+,3,0.19595453083264724,7.374340740554097e-05,LL+,2,0.1857973546022891,-0.010083432822952598,LLTR+,3,0.19595453083264724,7.374340740554097e-05,0.01015717623035814,0.01015717623035814,0.01015717623035814,1
0.01,0.0002,86.18464961067853,0.011602994321115126,0.19580850866556224,0.11209736888559119,87,-1.8166024240429124e-14,0.0,LL+,2,0.18572446686882807,-0.010084041796734167,LLTR+,3,0.19587705898093277,6.85503153705358e-05,LL+,2,0.18572446686882807,-0.010084041796734167,LLTR+,3,0.19587705898093277,6.85503153705358e-05,0.010152592112104702,0.010152592112104702,0.010152592112104702,1
0.01,0.0002,86.28476084538376,0.011589532035580765,0.19573638389694814,0.11208986366140579,87,-3.6778045886531885e-13,0.0,LL+,2,0.1856517518307269,-0.010084632066221233,LLTR+,3,0.19579976390617929,6.33800092311454e-05,LL+,2,0.1856517518307269,-0.010084632066221233,LLTR+,3,0.19579976390617929,6.33800092311454e-05,0.010148012075452378,0.010148012075452378,0.010148012075452378,1
0.01,0.0002,86.384872080089,0.01157610095287149,0.19566441437608875,0.11208237583279537,87,2.6798008256889716e-14,0.0,LL+,2,0.1855792088830588,-0.010085205493029964,LLTR+,3,0.19572264499803793,5.823062194917905e-05,LL+,2,0.1855792088830588,-0.010085205493029964,LLTR+,3,0.19572264499803793,5.823062194917905e-05,0.010143436114979143,0.010143436114979143,0.010143436114979143,1
0.01,0.0002,86.48498331479422,0.011562700964630225,0.19559260131844103,0.11207490533935086,87,-5.046952439302643e-13,0.0,LL+,2,0.1855068374237046,-0.010085763894736421,LLTR+,3,0.1956457016489772,5.310033053618213e-05,LL+,2,0.1855068374237046,-0.010085763894736421,LLTR+,3,0.1956457016489772,5.310033053618213e-05,0.010138864225272604,0.010138864225272604,0.010138864225272604,1
0.01,0.0002,86.58509454949944,0.011549331963001027,0.1955209459050665,0.11206745212094257,87,-3.6166208916554865e-13,0.0,LL+,2,0.18543463685333694,-0.010086309051729553,LLTR+,3,0.19556893325426705,4.7987349200556695e-05,LL+,2,0.18543463685333694,-0.010086309051729553,LLTR+,3,0.19556893325426705,4.7987349200556695e-05,0.01013429640093011,0.01013429640093011,0.01013429640093011,1
0.01,0.0002,86.68520578420467,0.011535993840626204,0.19544944928423122,0.11206001611771862,87,-1.6132928326584306e-16,0.0,LL+,2,0.18536260657540368,-0.010086842708827537,LLTR+,3,0.1954923392119624,4.288992773118783e-05,LL+,2,0.18536260657540368,-0.010086842708827537,LLTR+,3,0.1954923392119624,4.288992773118783e-05,0.010129732636558725,0.010129732636558725,0.010129732636558725,1
0.01,0.0002,86.78531701890991,0.011522686490643424,0.19537811257605103,0.11205259727010322,87,-2.1684043449710089e-16,0.0,LL+,2,0.18529074599611212,-0.010087366579938917,LLTR+,3,0.19541591892288734,3.780634683631101e-05,LL+,2,0.18529074599611212,-0.010087366579938917,LLTR+,3,0.19541591892288734,3.780634683631101e-05,0.010125172926775228,0.010125172926775228,0.010125172926775228,1
0.01,0.0002,86.88542825361513,0.011509409806682882,0.19530693687659148,0.11204519551879522,87,4.147723831060546e-15,0.0,LL+,2,0.18521905452441306,-0.010087882352178418,LLTR+,3,0.19533967179061917,3.273491402769335e-05,LL+,2,0.18521905452441306,-0.010087882352178418,LLTR+,3,0.19533967179061917,3.273491402769335e-05,0.010120617266206111,0.010120617266206111,0.010120617266206111,1
0.01,0.0002,86.98553948832036,0.011496163682864451,0.19523592325724107,0.11203781080476644,87,-8.048790800518901e-12,0.0,LL+,2,0.1851475315719851,-0.010088391685255965,LLTR+,3,0.19526359722147246,2.767396423139501e-05,LL+,2,0.1851475315719851,-0.010088391685255965,LLTR+,3,0.19526359722147246,2.767396423139501e-05,0.01011606564948736,0.01011606564948736,0.01011606564948736,1
0.01,0.0002,87.0856507230256,0.011482948013794864,0.1951650727859473,0.11203044306926015,87,-6.071532165918825e-17,0.0,LL+,2,0.1850761765532187,-0.0100888962327286,LLTR+,3,0.1951876946244834,2.2621838536102112e-05,LL+,2,0.1850761765532187,-0.0100888962327286,LLTR+,3,0.1951876946244834,2.2621838536102112e-05,0.010111518071264702,0.010111518071264702,0.010111518071264702,1
0.01,0.0002,87.18576195773082,0.01146976269456494,0.1950943864937405,0.11202309225378947,87,-3.1300049357918525e-12,0.0,LL+,2,0.1850049888852008,-0.01008939760853969,LLTR+,3,0.19511196341139428,1.757691765377767e-05,LL+,2,0.1850049888852008,-0.01008939760853969,LLTR+,3,0.19511196341139428,1.757691765377767e-05,0.010106974526193468,0.010106974526193468,0.010106974526193468,1
0.01,0.0002,87.28587319243604,0.011456607620746783,0.1950238654199966,0.11201575830013584,87,-3.9601481816031736e-13,0.0,LL+,2,0.18493396798769934,-0.010089897432297268,LLTR+,3,0.19503640299663785,1.2537576641241666e-05,LL+,2,0.18493396798769934,-0.010089897432297268,LLTR+,3,0.19503640299663785,1.2537576641241666e-05,0.01010243500893851,0.01010243500893851,0.01010243500893851,1
0.01,0.0002,87.38598442714127,0.011443482688391038,0.19495351058488433,0.11200844115034751,87,-2.8559619946744164e-13,0.0,LL+,2,0.1848631132831478,-0.010090397301736526,LLTR+,3,0.194961012797322,7.50221243767113e-06,LL+,2,0.1848631132831478,-0.010090397301736526,LLTR+,3,0.194961012797322,7.50221243767113e-06,0.010097899514174197,0.010097899514174197,0.010097899514174197,1
0.01,0.0002,87.4860956618465,0.011430387794024156,0.1948833230077922,0.11200114074673798,87,-1.8607268503778585e-12,0.0,LL+,2,0.18479242419662997,-0.010090898811162236,LLTR+,3,0.1948857922332145,2.4692254222968835e-06,LL+,2,0.18479242419662997,-0.010090898811162236,LLTR+,3,0.1948857922332145,2.4692254222968835e-06,0.010093368036584532,0.010093368036584532,0.010093368036584532,1
0.01,0.0002,87.58620689655173,0.01141732283464567,0.19481330370864558,0.11199385703188447,87,1.2980467395395934e-12,0.0,LLTR+,3,0.19481074072672783,-2.56298191775306e-06,LL+,3,0.21129404518260586,0.01648074147396028,LL+,2,0.18472190015586484,-0.010091403552780737,LLTR+,3,0.19481074072672783,-2.56298191775306e-06,0.016483304455878034,0.010088840570862984,0.010088840570862984,1
0.01,0.0002,87.68631813125695,0.011404287707725485,0.1947434537018289,0.11198658994862647,87,4.153621890878867e-13,0.0,LLTR+,3,0.19473585770290391,-7.595998924997405e-06,LL+,3,0.21119376141746113,0.016450307715632217,LL+,2,0.1846515405911915,-0.010091913110637424,LLTR+,3,0.19473585770290391,-7.595998924997405e-06,0.016457903714557215,0.010084317111712426,0.010084317111712426,1
0.01,0.0002,87.78642936596218,0.011391282311201217,0.19467377401172783,0.11197933944006419,87,2.0643209364124004e-16,0.0,LLTR+,3,0.19466114258939946,-1.263142232837966e-05,LL+,3,0.21109370876267444,0.016419934750946608,LL+,2,0.18458134493555417,-0.010092429076173665,LLTR+,3,0.19466114258939946,-1.263142232837966e-05,0.016432566173274987,0.010079797653845285,0.010079797653845285,1
0.01,0.0002,87.88654060066742,0.011378306543475509,0.19460426566696823,0.1119721054495571,87,-2.104146717973876e-12,0.0,LLTR+,3,0.1945865948164709,-1.7670850497336632e-05,LL+,3,0.21099388642609476,0.016389620759126533,LL+,2,0.18451131262448742,-0.010092953042480812,LLTR+,3,0.1945865948164709,-1.7670850497336632e-05,0.01640729160962387,0.010075282191983476,0.010075282191983476,1
0.01,0.0002,87.98665183537264,0.0113653603034134,0.19453492971002953,0.11196488792072248,87,1.5532193586853538e-13,0.0,LLTR+,3,0.19451221381695957,-2.2715893069957804e-05,LL+,3,0.21089429361917914,0.016359363909149605,LL+,2,0.1844414430961014,-0.010093486613928143,LLTR+,3,0.19451221381695957,-2.2715893069957804e-05,0.016382079802219562,0.010070770720858185,0.010070770720858185,1
0.01,0.0002,88.08676307007786,0.01135244349033969,0.1944657671881412,0.11195768679743388,89,-6.44585947118248e-12,0.0,LLTR+,3,0.19443799902627723,-2.7768161863978014e-05,LL+,3,0.21079492955697235,0.01632916236883114,LL+,2,0.18437173579106714,-0.010094031397074071,LLTR+,3,0.19443799902627723,-2.7768161863978014e-05,0.01635693053069512,0.010066263235210093,0.010066263235210093,1
0.01,0.0002,88.1868743047831,0.011339556004036326,0.19439677917850762,0.11195050202381976,89,-4.6265057757066685e-12,0.0,LLTR+,3,0.19436394988239125,-3.282929611636565e-05,LL+,3,0.21069579345808637,0.01629901427957875,LL+,2,0.184302190152602,-0.010094589025905626,LLTR+,3,0.19436394988239125,-3.282929611636565e-05,0.016331843575695115,0.01006175972978926,0.01006175972978926,1
0.01,0.0002,88.28698553948833,0.011326697744739826,0.1943279667679142,0.11194333354426196,89,2.4424906541753444e-13,0.0,LLTR+,3,0.1942900658258105,-3.790094210370798e-05,LL+,3,0.21059688454468015,0.01626891777676595,LL+,2,0.1842328056264554,-0.010095161141458808,LLTR+,3,0.1942900658258105,-3.790094210370798e-05,0.01630681871886966,0.0100572601993551,0.0100572601993551,1
0.01,0.0002,88.38709677419355,0.011313868613138685,0.19425933106156149,0.11193618130339433,89,-7.135333990326842e-12,0.0,LLTR+,3,0.19421634629957046,-4.298476199102175e-05,LL+,3,0.21049820204243969,0.0162388709808782,LL+,2,0.1841635816608942,-0.010095749400667292,LLTR+,3,0.19421634629957046,-4.298476199102175e-05,0.016281855742869222,0.01005276463867627,0.01005276463867627,1
0.01,0.0002,88.48720800889878,0.011301068510370837,0.19419087320981243,0.11192904524610126,89,-3.469446951953614e-17,0.0,LLTR+,3,0.1941427907492195,-4.8082460592929754e-05,LL+,3,0.2103997451805579,0.01620887197074547,LL+,2,0.1840945177066887,-0.010096355503123738,LLTR+,3,0.1941427907492195,-4.8082460592929754e-05,0.0162569544313384,0.010048273042530809,0.010048273042530809,1
0.01,0.0002,88.58731924360401,0.011288297338021093,0.19412259437101806,0.11192192531751627,89,-1.202562355251402e-13,0.0,LLTR+,3,0.1940693986228043,-5.319574821374684e-05,LL+,3,0.21030151319171475,0.01617891882069669,LL+,2,0.18402561321709826,-0.010096981153919798,LLTR+,3,0.1940693986228043,-5.319574821374684e-05,0.01623211456891044,0.010043785405706052,0.010043785405706052,1
0.01,0.0002,88.68743047830924,0.01127555499811865,0.1940544957501046,0.11191482146302065,89,7.147060721024445e-16,0.0,LLTR+,3,0.19399616937085598,-5.8326379248629934e-05,LL+,3,0.21020350531205792,0.01614900956195331,LL+,2,0.18395686764785737,-0.010097628102247236,LLTR+,3,0.19399616937085598,-5.8326379248629934e-05,0.01620733594120194,0.010039301722998606,0.010039301722998606,1
0.01,0.0002,88.78754171301446,0.011262841393134552,0.19398657858115453,0.11190773362824202,89,-9.87671749941299e-12,0.0,LLTR+,3,0.193923102446376,-6.347613477852843e-05,LL+,3,0.21010572078118275,0.01611914220002822,LL+,2,0.18388828045716174,-0.010098298123992794,LLTR+,3,0.193923102446376,-6.347613477852843e-05,0.016182618334806748,0.010034821989214265,0.010034821989214265,1
0.01,0.0002,88.88765294771969,0.011250156425979227,0.19391884415816502,0.11190066175905293,89,9.456636862470447e-13,0.0,LLTR+,3,0.19385019730482242,-6.864685334259657e-05,LL+,3,0.2100081588421133,0.01608931468394828,LL+,2,0.18381985110565427,-0.010098993052510746,LLTR+,3,0.19385019730482242,-6.864685334259657e-05,0.016157961537290877,0.01003034619916815,0.01003034619916815,1
0.01,0.0002,88.98776418242493,0.0112375,0.19385129379549995,0.11189360580156951,89,8.496304354510542e-12,0.0,LLTR+,3,0.19377745340409583,-7.384039140412302e-05,LL+,3,0.20991081874128267,0.01605952494578272,LL+,2,0.1837515790564114,-0.01009971473908855,LLTR+,3,0.19377745340409583,-7.384039140412302e-05,0.016133365337186845,0.010025874347684427,0.010025874347684427,1
0.01,0.0002,89.08787541713015,0.011224872018978649,0.19378392886226004,0.11188656570215011,89,5.089158261473159e-14,0.0,LLTR+,3,0.19370487020452595,-7.905865773408238e-05,LL+,3,0.20981369972851413,0.016029770866254095,LL+,2,0.1836834637749294,-0.010100465087330646,LLTR+,3,0.19370487020452595,-7.905865773408238e-05,0.016108829523988177,0.010021406429596563,0.010021406429596563,1
0.01,0.0002,89.18798665183537,0.01121227238712896,0.19371675079917816,0.1118795414073939,89,-3.065256382051018e-15,0.0,LLTR+,3,0.19363244716885789,-8.430363032027599e-05,LL+,3,0.2097168010570019,0.01600005025782375,LL+,2,0.18361550472911067,-0.010101246070067488,LLTR+,3,0.19363244716885789,-8.430363032027599e-05,0.016084353888144026,0.010016942439747212,0.010016942439747212,1
0.01,0.0002,89.2880978865406,0.011199701009094306,0.1936497610911859,0.11187253286413959,89,8.933825901280557e-15,0.0,LLTR+,3,0.1935601837622385,-8.957732894740444e-05,LL+,3,0.20962012198329236,0.01597036089210646,LL+,2,0.18354770138925047,-0.010102059701935423,LLTR+,3,0.1935601837622385,-8.957732894740444e-05,0.016059938221053865,0.010012482372988019,0.010012482372988019,1
0.01,0.0002,89.38820912124584,0.011187157789945246,0.19358296129161826,0.11186554001946399,89,-5.0306980803327406e-17,0.0,LLTR+,3,0.19348807945220314,-9.488183941511186e-05,LL+,3,0.20952366176726522,0.01594070047564697,LL+,2,0.18348005322802324,-0.010102908063595012,LLTR+,3,0.19348807945220314,-9.488183941511186e-05,0.01603558231506208,0.0100080262241799,0.0100080262241799,1
0.01,0.0002,89.48832035595106,0.011174642635177128,0.19351635302524625,0.11185856282068075,89,2.4628285522076965e-12,0.0,LLTR+,3,0.1934161337086623,-0.00010021931658393823,LL+,3,0.20942741967211492,0.01591106664686867,LL+,2,0.1834125597204695,-0.01010379330477676,LLTR+,3,0.1934161337086623,-0.00010021931658393823,0.01601128596345261,0.010003573988192821,0.010003573988192821,1
0.01,0.0002,89.58843159065628,0.011162155450707723,0.1934499379883171,0.11185160121533906,89,3.814656923672999e-15,0.0,LLTR+,3,0.19334434600388825,-0.00010559198442885998,LL+,3,0.20933139496433198,0.01588145697601487,LL+,2,0.18334522034398254,-0.010104717644334571,LLTR+,3,0.19334434600388825,-0.00010559198442885998,0.015987048960443728,0.009999125659905711,0.009999125659905711,1
0.01,0.0002,89.68854282536152,0.011149696142874858,0.19338371796689413,0.11184465515122224,89,1.870031907102998e-13,0.0,LLTR+,3,0.1932727158125019,-0.00011100215439222016,LL+,3,0.20923558691368477,0.015851868946790637,LL+,2,0.1832780345782952,-0.010105683388598935,LLTR+,3,0.1932727158125019,-0.00011100215439222016,0.015962871101182857,0.009994681234206715,0.009994681234206715,1
0.01,0.0002,89.78865406006675,0.011137264618434093,0.19331769483229091,0.11183772457634651,89,1.4773200024409405e-12,0.0,LLTR+,3,0.1932012426114599,-0.00011645222083100926,LL+,3,0.20913999479320117,0.015822299960910252,LL+,2,0.183211001905467,-0.010106692926823924,LLTR+,3,0.1932012426114599,-0.00011645222083100926,0.01593875218174126,0.009990240705992914,0.009990240705992914,1
0.01,0.0002,89.88876529477197,0.011124860784556366,0.19325187055172136,0.11183080943895968,89,5.422745585903499e-15,0.0,LLTR+,3,0.19312992588004138,-0.00012194467167997436,LL+,3,0.20904461787915032,0.01579274732742897,LL+,2,0.18314412180987094,-0.010107748741850414,LLTR+,3,0.19312992588004138,-0.00012194467167997436,0.015914691999108943,0.00998580407017044,0.00998580407017044,1
0.01,0.0002,89.9888765294772,0.011112484548825711,0.1931862472015534,0.11182390968753984,89,-6.938893903907228e-18,0.0,LLTR+,3,0.19305876509983522,-0.00012748210171817376,LL+,3,0.20894945545102475,0.01576320824947136,LL+,2,0.1830773937781808,-0.010108853423372588,LLTR+,3,0.19305876509983522,-0.00012748210171817376,0.015890690351189535,0.009981371321654414,0.009981371321654414,1
0.01,0.0002,90.08898776418243,0.011100135819236941,0.1931208269709423,0.1118170252707941,91,3.2136272809513144e-12,0.0,LLTR+,3,0.19298775975472726,-0.0001330672162150326,LL+,3,0.2088545067915223,0.015733679820579993,LL+,2,0.18301081729935834,-0.010110009671583958,LLTR+,3,0.19298775975472726,-0.0001330672162150326,0.015866747036795026,0.009976942455368926,0.009976942455368926,1
0.01,0.0002,90.18909899888766,0.011087814504193388,0.19305561217175998,0.11181015613765732,91,9.787235258351679e-12,0.0,LLTR+,3,0.19291690933088748,-0.00013870284087250107,LL+,3,0.20875977118652853,0.015704159014768543,LL+,2,0.18294439186464048,-0.0101112203071195,LLTR+,3,0.19291690933088748,-0.00013870284087250107,0.015842861855641044,0.009972517466247,0.009972517466247,1
0.01,0.0002,90.28921023359288,0.01107552051250462,0.1929906052394777,0.11180330223729083,91,-1.2370139634843014e-13,0.0,LLTR+,3,0.1928462133167574,-0.00014439192272031054,LL+,3,0.2086652479250988,0.015674642685621104,LL+,2,0.1828781169675268,-0.010112488271950909,LLTR+,3,0.1928462133167574,-0.00014439192272031054,0.015819034608341415,0.009968096349230599,0.009968096349230599,1
0.01,0.0002,90.3893214682981,0.011063253753384199,0.1929258087785327,0.11179646351908121,91,1.7329887525008303e-15,0.0,LLTR+,3,0.1927756712030374,-0.00015013757549528495,LL+,3,0.2085709362994409,0.015645127520908214,LL+,2,0.1828119921037668,-0.01011381667476588,LLTR+,3,0.1927756712030374,-0.00015013757549528495,0.0157952650964035,0.009963679099270595,0.009963679099270595,1
0.01,0.0002,90.48943270300335,0.011051014136447448,0.19286122553142127,0.11178963993263896,91,-1.66494422415564e-12,0.0,LLTR+,3,0.1927052824826745,-0.00015594304874677611,LL+,3,0.20847683560489758,0.01561561007347631,LL+,2,0.18274601677134777,-0.01011520876007349,LLTR+,3,0.1927052824826745,-0.00015594304874677611,0.015771553122223086,0.009959265711326715,0.009959265711326715,1
0.01,0.0002,90.58954393770857,0.011038801571709233,0.19279685842070637,0.11178283142779741,91,2.050443148604586e-15,0.0,LLTR+,3,0.1926350466508498,-0.00016181176985657908,LL+,3,0.20838294513992908,0.015586086719222708,LL+,2,0.1826801904704821,-0.010116667950224284,LLTR+,3,0.1926350466508498,-0.00016181176985657908,0.015747898489079287,0.009954856180367705,0.009954856180367705,1
0.01,0.0002,90.6896551724138,0.011026615969581748,0.19273271054980792,0.11177603795461133,91,-1.6136744718231455e-13,0.0,LLTR+,3,0.19256496320496608,-0.0001677473448418454,LL+,3,0.20828926420609614,0.015556553656288219,LL+,2,0.1826145127035952,-0.010118197846212734,LLTR+,3,0.19256496320496608,-0.0001677473448418454,0.015724301001130064,0.009950450501370889,0.009950450501370889,1
0.01,0.0002,90.78976640711903,0.011014457240872334,0.19266878522847902,0.11176925946335584,91,-6.244275929656595e-13,0.0,LLTR+,3,0.19249503164463583,-0.00017375358384319473,LL+,3,0.20819579210804276,0.015527006879563737,LL+,2,0.18254898297531313,-0.010119802253165888,LLTR+,3,0.19249503164463583,-0.00017375358384319473,0.015700760463406932,0.009946048669322693,0.009946048669322693,1
0.01,0.0002,90.88987764182426,0.0110023252967813,0.1926050859874916,0.11176249590452508,91,-2.0816681711721685e-17,0.0,LLTR+,3,0.19242525147166872,-0.00017983451582287424,LL+,3,0.20810252815347918,0.015497442165987585,LL+,2,0.18248360079245057,-0.010121485195041025,LLTR+,3,0.19242525147166872,-0.00017983451582287424,0.01567727668181046,0.00994165067921815,0.00994165067921815,1
0.01,0.0002,90.98998887652948,0.010990220048899756,0.19254161659724447,0.11175574722883112,91,1.0313971898767704e-13,0.0,LLTR+,3,0.19235562219006003,-0.0001859944071844477,LL+,3,0.2080094716531652,0.015467855055920715,LL+,2,0.18241836566399883,-0.010123250933245648,LLTR+,3,0.19235562219006003,-0.0001859944071844477,0.015653849463105163,0.0099372565260612,0.0099372565260612,1
0.01,0.0002,91.0901001112347,0.010978141409207474,0.19247838109048662,0.11174901338720267,91,-4.223262364821956e-12,0.0,LLTR+,3,0.19228614330597812,-0.0001922377845084977,LL+,3,0.2079166219208931,0.015438240830406486,LL+,2,0.1823532771011136,-0.010125103989373024,LLTR+,3,0.19228614330597812,-0.0001922377845084977,0.015630478614914983,0.009932866204864527,0.009932866204864527,1
0.01,0.0002,91.19021134593994,0.010966089290070747,0.192415383798566,0.11174229433078395,91,3.8743834529508803e-13,0.0,LLTR+,3,0.19221681432775295,-0.000198569470813037,LL+,3,0.2078239782734714,0.015408594474905418,LL+,2,0.1822883346171035,-0.010127049181462483,LLTR+,3,0.19221681432775295,-0.000198569470813037,0.015607163945718455,0.009928479710649446,0.009928479710649446,1
0.01,0.0002,91.29032258064517,0.010954063604240283,0.19235262935451838,0.11173559001093347,91,1.2234917939890622e-12,0.0,LLTR+,3,0.19214763476586408,-0.00020499458865430586,LL+,3,0.20773154003070804,0.015378910676189655,LL+,2,0.18222353772741784,-0.010129091627100545,LLTR+,3,0.19214763476586408,-0.00020499458865430586,0.015583905264843961,0.009924097038446239,0.009924097038446239,1
0.01,0.0002,91.39043381535039,0.010942064264849075,0.1922901227476335,0.11172890037922287,91,4.4091640061250104e-13,0.0,LLTR+,3,0.1920786041329288,-0.00021151861470469768,LL+,3,0.20763930651539392,0.015349183767760427,LL+,2,0.18215888594963514,-0.01013123679799835,LLTR+,3,0.1920786041329288,-0.00021151861470469768,0.015560702382465125,0.009919718183293652,0.009919718183293652,1
0.01,0.0002,91.49054505005562,0.010930091185410334,0.19222786934999964,0.11172222538743577,91,4.0245584642661925e-16,0.0,LLTR+,3,0.19200972194369065,-0.00021814740630898832,LL+,3,0.20754727705328677,0.01531940770328713,LL+,2,0.18209437880345136,-0.010133490546548274,LLTR+,3,0.19200972194369065,-0.00021814740630898832,0.015537555109596118,0.009915343140239286,0.009915343140239286,1
0.01,0.0002,91.59065628476085,0.010918144279815398,0.19216587495602058,0.1117155649875666,91,1.7978153687980836e-12,0.0,LLTR+,3,0.1919409877150077,-0.00022488724101288327,LL+,3,0.20745545097309473,0.015289576017074147,LL+,2,0.1820300158106684,-0.010135859145352172,LLTR+,3,0.1919409877150077,-0.00022488724101288327,0.01551446325808703,0.009910971904339289,0.009910971904339289,1
0.01,0.0002,91.69076751946608,0.010906223462331674,0.19210414582209284,0.11170891913181942,91,1.3877787807814457e-16,0.0,LLTR+,3,0.1918724009658411,-0.00023174485625174213,LL+,3,0.20736382760646047,0.015259681784367624,LL+,2,0.18196579649518255,-0.010138349326910295,LLTR+,3,0.1918724009658411,-0.00023174485625174213,0.015491426640619366,0.009906604470658553,0.009906604470658553,1
0.01,0.0002,91.7908787541713,0.01089432864760058,0.1920426887291263,0.11170228777260682,91,4.779770329532695e-13,0.0,LLTR+,3,0.19180396121724352,-0.0002387275118827803,LL+,3,0.20727240628794488,0.015229717558818578,LL+,2,0.18190172038297298,-0.010140968346153328,LLTR+,3,0.19180396121724352,-0.0002387275118827803,0.015468445070701359,0.009902240834270548,0.009902240834270548,1
0.01,0.0002,91.89098998887653,0.010882459750635516,0.1919815110260935,0.11169567086254881,91,-1.179521758043478e-12,0.0,LLTR+,3,0.19173566799234792,-0.00024584303374558525,LL+,3,0.20718118635501154,0.015199675328918028,LL+,2,0.18183778700209058,-0.010143724024002931,LLTR+,3,0.19173566799234792,-0.00024584303374558525,0.015445518362663613,0.009897880990257346,0.009897880990257346,1
0.01,0.0002,91.99110122358177,0.01087061668681983,0.19192062070356408,0.11168906835447157,91,-6.52411458190727e-12,0.0,LLTR+,3,0.19166752081635602,-0.00025309988720806365,LL+,3,0.2070901671480106,0.015169546444446513,LL+,2,0.18177399588264642,-0.01014662482091766,LLTR+,3,0.19166752081635602,-0.00025309988720806365,0.015422646331654577,0.009893524933709597,0.009893524933709597,1
0.01,0.0002,92.09121245828699,0.010858799371904818,0.19186002647847852,0.11168248020140645,93,-3.891678646006369e-14,0.0,LLTR+,3,0.19159951921652746,-0.0002605072619510651,LL+,3,0.20699934801016323,0.015139321531684707,LL+,2,0.18171034655680085,-0.010149679921677673,LLTR+,3,0.19159951921652746,-0.0002605072619510651,0.015399828793635773,0.009889172659726608,0.009889172659726608,1
0.01,0.0002,92.19132369299221,0.010847007722007721,0.1917997378456083,0.1116759063565888,93,-1.2429293705373823e-14,0.0,LLTR+,3,0.1915316627221682,-0.000268075123440098,LL+,3,0.20690872828754597,0.01510899044193767,LL+,2,0.18164683855875202,-0.010152899286856282,LLTR+,3,0.1915316627221682,-0.000268075123440098,0.015377065565377768,0.009884824163416184,0.009884824163416184,1
0.01,0.0002,92.29143492769745,0.010835241653609736,0.19173976521435349,0.11166934677345694,93,-2.62217851598745e-12,0.0,LLTR+,3,0.19146395086461968,-0.0002758143497338106,LL+,3,0.20681830732907544,0.015078542114721954,LL+,2,0.18158347142472514,-0.010156293789628346,LLTR+,3,0.19146395086461968,-0.0002758143497338106,0.015354356464455765,0.009880479439894535,0.009880479439894535,1
0.01,0.0002,92.39154616240268,0.010823501083554057,0.19168012001223247,0.1116628014056509,93,1.9913411197780562e-13,0.0,LLTR+,3,0.19139638317724786,-0.0002837368349846159,LL+,3,0.2067280844864926,0.015047964474260128,LL+,2,0.18152024469296124,-0.010159875319271233,LLTR+,3,0.19139638317724786,-0.0002837368349846159,0.015331701309244744,0.009876138484286617,0.009876138484286617,1
0.01,0.0002,92.4916573971079,0.010811785929043896,0.19162081480329038,0.11165627020701148,93,1.3877787807814457e-17,0.0,LLTR+,3,0.19132895919543214,-0.0002918556078582435,LL+,3,0.20663805911434774,0.01501724431105736,LL+,2,0.18145715790370642,-0.010163656899583956,LLTR+,3,0.19132895919543214,-0.0002918556078582435,0.015309099918915603,0.009871801291725713,0.009871801291725713,1
0.01,0.0002,92.59176863181312,0.010800096107640558,0.19156186346486614,0.11164975313157913,93,-1.6306400674181987e-16,0.0,LLTR+,3,0.19126167845655453,-0.00030018500831160977,LL+,3,0.20654823056998523,0.01498636710511908,LL+,2,0.18139421059920088,-0.010167652865665261,LLTR+,3,0.19126167845655453,-0.00030018500831160977,0.01528655211343069,0.009867467857353651,0.009867467857353651,1
0.01,0.0002,92.69187986651836,0.01078843153726149,0.19150328136047914,0.11164325013359279,93,-1.8828688608252264e-14,0.0,LLTR+,3,0.1911945404999889,-0.0003087408604902364,LL+,3,0.20645859821352824,0.0149553168530491,LL+,2,0.18133140232366823,-0.01017187903681091,LLTR+,3,0.1911945404999889,-0.0003087408604902364,0.015264057713539336,0.009863138176320674,0.009863138176320674,1
0.01,0.0002,92.79199110122359,0.010776792136178374,0.19144508555980097,0.11163676116748895,93,-3.0184188481996443e-16,0.0,LLTR+,3,0.1911275448670902,-0.00031754069271078267,LL+,3,0.20636916140786418,0.014924075848063212,LL+,2,0.18126873262330478,-0.010176352936496186,LLTR+,3,0.1911275448670902,-0.00031754069271078267,0.015241616540773995,0.009858812243785403,0.009858812243785403,1
0.01,0.0002,92.89210233592881,0.010765177823015207,0.19138729509767868,0.11163028618790048,93,1.2017799949637364e-12,0.0,LLTR+,3,0.19106069110118384,-0.00032660399649483973,LL+,3,0.20627991951862928,0.014892624420950601,LL+,2,0.18120620104626878,-0.010181094051409906,LLTR+,3,0.19106069110118384,-0.00032660399649483973,0.01521922841744544,0.009854490054915066,0.009854490054915066,1
0.01,0.0002,92.99221357063404,0.010753588516746411,0.1913299312780808,0.11162382514965563,93,-6.610684222252416e-14,0.0,LLTR+,3,0.19099397874755508,-0.00033595253052570717,LL+,3,0.2061908719141941,0.014860940636113318,LL+,2,0.18114380714267003,-0.010186124135410757,LLTR+,3,0.19099397874755508,-0.00033595253052570717,0.015196893166639025,0.00985017160488505,0.00985017160488505,1
0.01,0.0002,93.09232480533927,0.010742024136694945,0.1912730180567013,0.11161737800777694,93,5.591013763073249e-15,0.0,LLTR+,3,0.19092740735343852,-0.00034561070326277754,LL+,3,0.20610201796564886,0.014828999908947565,LL+,2,0.1810815504645592,-0.010191467592142095,LLTR+,3,0.19092740735343852,-0.00034561070326277754,0.015174610612210343,0.009845856888879317,0.009845856888879317,1
0.01,0.0002,93.1924360400445,0.010730484602530437,0.1912165824815687,0.11161094471748023,93,6.9859049101062e-14,0.0,LLTR+,3,0.1908609764680076,-0.000355606013561105,LL+,3,0.2060133570467886,0.014796774565219911,LL+,2,0.18101943056591757,-0.010197151915651126,LLTR+,3,0.1908609764680076,-0.000355606013561105,0.015152380578781016,0.009841545902090021,0.009841545902090021,1
0.01,0.0002,93.29254727474972,0.010718969834267318,0.19116065525035225,0.11160452523417354,93,8.158404507518924e-15,0.0,LLTR+,3,0.1907946856423643,-0.0003659696079879593,LL+,3,0.20592488853409888,0.014764233283746625,LL+,2,0.18095744700264646,-0.010203208247705792,LLTR+,3,0.1907946856423643,-0.0003659696079879593,0.015130202891734584,0.009837238639717832,0.009837238639717832,1
0.01,0.0002,93.39265850945496,0.010707479752262982,0.19110527138942268,0.11159811951345612,93,-6.006497382804454e-13,0.0,LLTR+,3,0.19072853442952875,-0.00037673695989393075,LL+,3,0.20583661180674115,0.014731340417318467,LL+,2,0.18089559933255717,-0.010209672056865515,LLTR+,3,0.19072853442952875,-0.00037673695989393075,0.015108077377212398,0.009832935096971585,0.009832935096971585,1
0.01,0.0002,93.49276974416019,0.010696014277215941,0.19105047110312912,0.1115917275111174,93,1.9914625504213745e-15,0.0,LLTR+,3,0.19066252238442902,-0.0003879487187000985,LL+,3,0.20574852624653872,0.014698055143409605,LL+,2,0.18083388711536053,-0.01021658398776859,LLTR+,3,0.19066252238442902,-0.0003879487187000985,0.015086003862109704,0.009828635269068492,0.009828635269068492,1
0.01,0.0002,93.59288097886541,0.010684573330164012,0.19099630083269264,0.11158534918313595,93,5.019283599860813e-13,0.0,LLTR+,3,0.1905966490638909,-0.00039965176880174536,LL+,3,0.20566063123796222,0.014664330405269571,LL+,2,0.18077230991265686,-0.010223990920035786,LLTR+,3,0.1905966490638909,-0.00039965176880174536,0.015063982174071316,0.00982433915123404,0.00982433915123404,1
0.01,0.0002,93.69299221357063,0.010673156832482489,0.1909428146162323,0.11157898448567849,93,3.523377770098257e-12,0.0,LLTR+,3,0.19053091402662775,-0.00041190058960455245,LL+,3,0.20557292616811557,0.014630111551883263,LL+,2,0.18071086728792576,-0.01023194732830654,LLTR+,3,0.19053091402662775,-0.00041190058960455245,0.015042012141487815,0.009820046738701987,0.009820046738701987,1
0.01,0.0002,93.79310344827587,0.010661764705882351,0.19089007581056547,0.11157263337509891,93,-7.112366251504909e-17,0.0,LLTR+,3,0.19046531683323054,-0.0004247589773349325,LL+,3,0.20548541042672197,0.014595334616156502,LL+,2,0.18064955880651626,-0.01024051700404921,LLTR+,3,0.19046531683323054,-0.0004247589773349325,0.015020093593491435,0.009815758026714277,0.009815758026714277,1
0.01,0.0002,93.8932146829811,0.010650396872408482,0.19083815939629747,0.11156629580793724,93,1.145264438839888e-14,0.0,LLTR+,3,0.19039985704615778,-0.00043830235013969654,LL+,3,0.20539808340610982,0.014559924009812347,LL+,2,0.18058838403563662,-0.010249775360660851,LLTR+,3,0.19039985704615778,-0.00043830235013969654,0.014998226359952044,0.009811473010521155,0.009811473010521155,1
0.01,0.0002,93.99332591768632,0.010639053254437869,0.19078715494178902,0.11155997174091861,93,-1.523798448532787e-13,0.0,LLTR+,3,0.19033453422972563,-0.00045262071206339516,LL+,3,0.20531094450119908,0.014523789559410055,LL+,2,0.18052734254434452,-0.010259812397444501,LLTR+,3,0.19033453422972563,-0.00045262071206339516,0.01497641027147345,0.009807191685381106,0.009807191685381106,1
0.01,0.0002,94.09343715239154,0.010627733774677859,0.1907371706663226,0.11155366113095241,95,2.4298271728007137e-14,0.0,LLTR+,3,0.19026934795009795,-0.0004678227162246418,LL+,3,0.20522399310948708,0.014486822443164488,LL+,2,0.18046643390353728,-0.01027073676278531,LLTR+,3,0.19026934795009795,-0.0004678227162246418,0.01495464515938913,0.009802914046560668,0.009802914046560668,1
0.01,0.0002,94.19354838709678,0.010616438356164383,0.19068833897806556,0.11154736393513115,95,1.0691100782445062e-14,0.0,LLTR+,3,0.19020429777527664,-0.00048404120278891516,LL+,3,0.2051372286310352,0.014448889652969643,LL+,2,0.18040565768594194,-0.010282681292123619,LLTR+,3,0.19020429777527664,-0.00048404120278891516,0.014932930855758558,0.009798640089334704,0.009798640089334704,1
0.01,0.0002,94.29365962180201,0.010605166922260233,0.1906408242510314,0.11154108011072958,95,1.516179543026297e-12,0.0,LLTR+,3,0.19013938327509172,-0.0005014409759396821,LL+,3,0.20505065046845505,0.014409826217423649,LL+,2,0.18034501346610565,-0.010295810784925752,LLTR+,3,0.19013938327509172,-0.0005014409759396821,0.014911267193363331,0.00979436980898607,0.00979436980898607,1
0.01,0.0002,94.39377085650723,0.010593919396653311,0.19059483397860924,0.11153480961520373,95,7.251144129583054e-16,0.0,LLTR+,3,0.19007460402119192,-0.000520229957417323,LL+,3,0.2049642580268951,0.014369424048285867,LL+,2,0.180284500820386,-0.010310333158223245,LLTR+,3,0.19007460402119192,-0.000520229957417323,0.01488965400570319,0.009790103200805922,0.009790103200805922,1
0.01,0.0002,94.49388209121246,0.010582695703354916,0.19055063531541194,0.11152855240618988,95,5.412337245047638e-15,0.0,LLTR+,3,0.1900099595870347,-0.0005406757283772379,LL+,3,0.204878050714027,0.014327415398615068,LL+,2,0.18022411932694127,-0.010326515988470675,LLTR+,3,0.1900099595870347,-0.0005406757283772379,0.014868091126992306,0.009785840260093437,0.009785840260093437,1
0.01,0.0002,94.5939933259177,0.010571495766698023,0.19050858031767023,0.11152230844150365,95,-1.214306433183765e-17,0.0,LLTR+,3,0.18994544954787704,-0.0005631307697931964,LL+,3,0.20479202794003246,0.014283447622362222,LL+,2,0.18016386856572109,-0.010344711751949148,LLTR+,3,0.18994544954787704,-0.0005631307697931964,0.014846578392155418,0.009781580982155952,0.009781580982155952,1
0.01,0.0002,94.69410456062292,0.010560319511335604,0.19046914620255567,0.11151607767913911,95,5.566727634409574e-15,0.0,LLTR+,3,0.18988107348076566,-0.0005880727217900117,LL+,3,0.2047061891175898,0.014237042915034137,LL+,2,0.1801037481184569,-0.010365398084098781,LLTR+,3,0.18988107348076566,-0.0005880727217900117,0.014825115636824149,0.00977732536230877,0.00977732536230877,1
0.01,0.0002,94.79421579532814,0.010549166862238911,0.19043300268153754,0.11150986007726771,95,-5.3930818144642956e-14,0.0,LLTR+,3,0.18981683096452784,-0.0006161717170097003,LL+,3,0.20462053366186095,0.01418753098032341,LL+,2,0.18004375756865243,-0.01038924511288511,LLTR+,3,0.18981683096452784,-0.0006161717170097003,0.01480370269733311,0.009773073395875409,0.009773073395875409,1
0.01,0.0002,94.89432703003338,0.010538037744695814,0.1904011317209951,0.11150365559423742,95,-4.426528588119538e-13,0.0,LLTR+,3,0.1897527215797618,-0.000648410141233291,LL+,3,0.20453506099047816,0.014133929269483064,LL+,2,0.1799838965015745,-0.01041723521942059,LLTR+,3,0.1897527215797618,-0.000648410141233291,0.014782339410716355,0.009768825078187299,0.009768825078187299,1
0.01,0.0002,94.9944382647386,0.010526932084309134,0.19037505790121168,0.11149746418857184,95,-1.031731991507634e-12,0.0,LLTR+,3,0.18968874490882764,-0.0006863129923840305,LL+,3,0.20444977052353108,0.014074712622319407,LL+,2,0.17992416450424364,-0.01045089339696803,LLTR+,3,0.18968874490882764,-0.0006863129923840305,0.014761025614703438,0.009764580404584,0.009764580404584,1
0.01,0.0002,95.09454949944383,0.01051584980699497,0.1903573403190113,0.11149128581896921,95,-2.302359691785938e-13,0.0,LLTR+,3,0.18962490053583783,-0.0007324397831734719,LL+,3,0.20436466168355383,0.014007321364542524,LL+,2,0.17986456116542482,-0.010492779153586484,LLTR+,3,0.18962490053583783,-0.0007324397831734719,0.014739761147715996,0.009760339370413013,0.009760339370413013,1
0.01,0.0002,95.19466073414905,0.01050479083898107,0.19035279016645773,0.11148512044430145,95,2.42861286636753e-17,0.0,LLTR+,3,0.18956118804664818,-0.0007916021198095535,LL+,3,0.20427973389551207,0.013926943729054342,LL+,2,0.1798050860756183,-0.010547704090839438,LLTR+,3,0.18956118804664818,-0.0007916021198095535,0.014718545848863895,0.009756101971029885,0.009756101971029885,1
0.01,0.0002,95.29477196885429,0.010493755106805181,0.19037226133827478,0.1114789680236134,95,-1.3062467774105357e-15,0.0,LLTR+,3,0.1894976070288486,-0.0008746543094261816,LL+,3,0.20419498658679033,0.01382272524851555,LL+,2,0.17974573882705053,-0.010626522511224257,LLTR+,3,0.1894976070288486,-0.0008746543094261816,0.014697379557941731,0.009751868201798075,0.009751868201798075,1
0.01,0.0002,95.39488320355952,0.010482742537313433,0.19045076829436342,0.11147282851612175,95,3.8974032334770925e-14,0.0,LLTR+,3,0.1894341570717541,-0.0010166112226093205,LL+,3,0.20411041918717923,0.013659650892815817,LL+,2,0.17968651901366506,-0.010764249280698357,LLTR+,3,0.1894341570717541,-0.0010166112226093205,0.014676262115425137,0.009747638058089036,0.009747638058089036,1
0.01,0.0002,95.49499443826474,0.010471753057658706,0.2022325144592354,0.11146670188121424,95,6.938893903907228e-18,0.0,LLTR+,3,0.18937083776639574,-0.012861676692839663,LL+,3,0.20402603112886286,0.0017935166696274596,LL+,3,0.20402603112886286,0.0017935166696274596,LLTR+,4,0.2119008761717886,0.009668361712553197,0.014655193362467123,0.007874845042925738,0.007874845042925738,1
0.01,0.0002,95.59510567296996,0.010460786595299046,0.20293336835735104,0.11146058807844872,95,1.734723475976807e-18,0.0,LLTR+,3,0.1893076487055116,-0.013625719651839452,LL+,3,0.20394182184640627,0.0010084534890552332,LL+,3,0.20394182184640627,0.0010084534890552332,LLTR+,4,0.21181390071566467,0.008880532358313625,0.014634173140894685,0.007872078869258392,0.007872078869258392,1
0.01,0.0002,95.6952169076752,0.010449843077996047,0.20298724089916984,0.1114544870675523,95,1.5380058338010372e-13,0.0,LLTR+,3,0.1892445894835379,-0.01374265141563194,LL+,3,0.20385779077674313,0.00087054987757329,LL+,3,0.20385779077674313,0.00087054987757329,LLTR+,4,0.21172710540296316,0.008739864503793326,0.01461320129320523,0.007869314626220036,0.007869314626220036,1
0.01,0.0002,95.79532814238043,0.010438922433813284,0.2029850890170867,0.11144839880842042,95,-2.5500435096859064e-16,0.0,LLTR+,3,0.18918165969660022,-0.013803429320486477,LL+,3,0.20377393735916305,0.0007888483420763481,LL+,3,0.20377393735916305,0.0007888483420763481,LLTR+,4,0.21164048967094956,0.00865540065386286,0.014592277662562825,0.007866552311786512,0.007866552311786512,1
0.01,0.0002,95.89543937708565,0.010428024591114719,0.20295989989723212,0.11144232326111597,95,-5.898059818321144e-17,0.0,LLTR+,3,0.18911885894250452,-0.013841040954727601,LL+,3,0.20369026103529964,0.0007303611380675146,LL+,3,0.20369026103529964,0.0007303611380675146,LLTR+,4,0.2115540529592361,0.008594153062003979,0.014571402092795116,0.007863791923936464,0.007863791923936464,1
0.01,0.0002,95.99555061179089,0.010417149478563151,0.2029221219642775,0.11143626038586846,95,5.204170427930421e-17,0.0,LLTR+,3,0.18905618682072864,-0.013865935143548863,LL+,3,0.20360676124911803,0.0006846392848405269,LL+,3,0.20360676124911803,0.0006846392848405269,LLTR+,4,0.2114677947097693,0.008545672745491811,0.01455057442838939,0.007861033460651284,0.007861033460651284,1
0.01,0.0002,96.09566184649611,0.010406297025118647,0.20287643117895005,0.11143021014307315,97,-8.482797797526587e-16,0.0,LLTR+,3,0.1889936429324133,-0.013882788246536742,LL+,3,0.20352343744690277,0.0006470062679527211,LL+,3,0.20352343744690277,0.0006470062679527211,LLTR+,4,0.21138171436681838,0.008505283187868334,0.014529794514489464,0.007858276919915613,0.007858276919915613,1
0.01,0.0002,96.19577308120134,0.010395467160037003,0.20282532859782038,0.11142417249329013,97,-1.491862189340054e-16,0.0,LLTR+,3,0.18893122688035377,-0.013894101717466606,LL+,3,0.2034402890772459,0.0006149604794255248,LL+,3,0.2034402890772459,0.0006149604794255248,LLTR+,4,0.21129581137696243,0.008470482779142058,0.01450906219689213,0.007855522299716533,0.007855522299716533,1
0.01,0.0002,96.29588431590656,0.010384659812868199,0.20277030971653862,0.11141814739724352,97,-1.9152422703339056e-12,0.0,LLTR+,3,0.18886893826899104,-0.013901371447547578,LL+,3,0.2033573155910347,0.0005870058744960882,LL+,3,0.2033573155910347,0.0005870058744960882,LLTR+,4,0.21121008518907894,0.008439775472540323,0.014488377322043666,0.007852769598044235,0.007852769598044235,1
0.01,0.0002,96.3959955506118,0.01037387491345488,0.20271234030706625,0.1114121348158206,97,-7.376738109243774e-14,0.0,LLTR+,3,0.1888067767044035,-0.013905563602662763,LL+,3,0.20327451644143998,0.0005621761343737319,LL+,3,0.20327451644143998,0.0005621761343737319,LLTR+,4,0.2111245352543317,0.008412194947265444,0.014467739737036495,0.007850018812891713,0.007850018812891713,1
0.01,0.0002,96.49610678531702,0.010363112391930836,0.20265208029442539,0.11140613471007095,97,1.2802259252708836e-14,0.0,LLTR+,3,0.18874474179429826,-0.013907338500127125,LL+,3,0.20319189108390429,0.0005398107894789006,LL+,3,0.20319189108390429,0.0005398107894789006,LLTR+,4,0.21103916102615902,0.008387080731733637,0.014447149289606026,0.007847269942254737,0.007847269942254737,1
0.01,0.0002,96.59621802002225,0.010352372178719484,0.20259000064014962,0.11140014704120563,97,-6.179085021429387e-14,0.0,LLTR+,3,0.1886828331480028,-0.013907167492146821,LL+,3,0.2031094389761297,0.000519438335980088,LL+,3,0.2031094389761297,0.000519438335980088,LLTR+,4,0.2109539619602618,0.00836396132011219,0.01442660582812691,0.007844522984132102,0.007844522984132102,1
0.01,0.0002,96.69632925472747,0.010341654204532383,0.2025264491948138,0.11139417177059631,97,-2.8848451405494302e-15,0.0,LLTR+,3,0.1886210503764567,-0.01390539881835709,LL+,3,0.2030271595780668,0.0005007103832530002,LL+,3,0.2030271595780668,0.0005007103832530002,LLTR+,4,0.210868937514592,0.008342488319778185,0.01440610920161009,0.007841777936525185,0.007841777936525185,1
0.01,0.0002,96.79644048943271,0.010330958400367731,0.2024616901576674,0.11138820885977452,97,-1.2693370660121772e-12,0.0,LLTR+,3,0.18855939309220318,-0.013902297065464225,LL+,3,0.20294505235190236,0.00048336219423494864,LL+,3,0.20294505235190236,0.00048336219423494864,LLTR+,4,0.21078408714934074,0.008322396991673336,0.014385659259699174,0.007839034797438388,0.007839034797438388,1
0.01,0.0002,96.89655172413794,0.010320284697508897,0.20239592890466296,0.11138225827043072,97,2.4352048155762418e-14,0.0,LLTR+,3,0.1884978609093809,-0.013898067995282065,LL+,3,0.20286311676204827,0.00046718785738530944,LL+,3,0.20286311676204827,0.00046718785738530944,LLTR+,4,0.21069941032692716,0.008303481422264197,0.014365255852667375,0.007836293564878888,0.007836293564878888,1
0.01,0.0002,96.99666295884316,0.010309633027522936,0.2023293282131003,0.11137631996441355,97,-2.851885394505871e-15,0.0,LLTR+,3,0.18843645344371568,-0.013892874769384611,LL+,3,0.2027813522751299,0.000452024062029599,LL+,3,0.2027813522751299,0.000452024062029599,LLTR+,4,0.21061490651198653,0.008285578298886237,0.01434489883141421,0.007833554236856638,0.007833554236856638,1
0.01,0.0002,97.09677419354838,0.010299003322259137,0.2022620192816233,0.11137039390372898,97,2.2551405187698492e-17,0.0,LLTR+,3,0.18837517031251244,-0.013886848969110854,LL+,3,0.20269975835997459,0.0004377390783512902,LL+,3,0.20269975835997459,0.0004377390783512902,LLTR+,4,0.21053057517135906,0.008268555889735768,0.014324588047462145,0.007830816811384478,0.007830816811384478,1
0.01,0.0002,97.19688542825362,0.010288395513847562,0.20219410938231705,0.11136448005053953,97,-6.418476861114186e-17,0.0,LLTR+,3,0.18831401113464696,-0.013880098247670086,LL+,3,0.2026183344876004,0.0004242251052833379,LL+,3,0.2026183344876004,0.0004242251052833379,LLTR+,4,0.21044641577407844,0.008252306391761388,0.014304323352953424,0.00782808128647805,0.00782808128647805,1
0.01,0.0002,97.29699666295885,0.01027780953469761,0.20212568733472885,0.11135857836716342,97,-5.368969158148218e-15,0.0,LLTR+,3,0.18825297553055786,-0.01387271180417099,LL+,3,0.20253708013120486,0.0004113927964760067,LL+,3,0.20253708013120486,0.0004113927964760067,LLTR+,4,0.2103624277913606,0.008236740456631753,0.014284104600646996,0.007825347660155746,0.007825347660155746,1
0.01,0.0002,97.39710789766407,0.010267245317496574,0.20205682749786003,0.11135268881607385,97,2.6020852139652106e-17,0.0,LLTR+,3,0.1881920631222387,-0.013864764375621313,LL+,3,0.20245599476615378,0.00039916726829375415,LL+,3,0.20245599476615378,0.00039916726829375415,LLTR+,4,0.21027861069659257,0.00822178319873254,0.014263931643915068,0.007822615930438787,0.007822615930438787,1
0.01,0.0002,97.49721913236931,0.010256702795208213,0.20198759273697187,0.11134681135989809,97,-9.751522506151744e-13,0.0,LLTR+,3,0.18813127353322975,-0.013856319203742112,LL+,3,0.20237507786996992,0.00038748513299805,LL+,3,0.20237507786996992,0.00038748513299805,LLTR+,4,0.2101949639653212,0.00820737122834933,0.014243804336740162,0.00781988609535128,0.00781988609535128,1
0.01,0.0002,97.59733036707453,0.010246181901071346,0.20191803666798724,0.11134094596141678,97,-4.585059762418631e-12,0.0,LLTR+,3,0.18807060638861034,-0.013847430279376904,LL+,3,0.20229432892232221,0.00037629225433497004,LL+,3,0.20229432892232221,0.00037629225433497004,LLTR+,4,0.21011148707524216,0.008193450407254915,0.014223722533711874,0.007817158152919945,0.007817158152919945,1
0.01,0.0002,97.69744160177976,0.010235682568598428,0.20184820539298642,0.11133509258356314,97,1.37997252513955e-14,0.0,LLTR+,3,0.18801006131499076,-0.013838144077995662,LL+,3,0.20221374740501452,0.0003655420120280972,LL+,3,0.20221374740501452,0.0003655420120280972,LLTR+,4,0.21002817950618902,0.008179974113202593,0.01420368609002376,0.007814432101174495,0.007814432101174495,1
0.01,0.0002,97.79755283648498,0.010225204731574159,0.20177813880009,0.11132925118942211,97,-1.0713790965510839e-12,0.0,LLTR+,3,0.18794963794050468,-0.013828500859585313,LL+,3,0.2021333328019749,0.000355194001884912,LL+,3,0.2021333328019749,0.000355194001884912,LLTR+,4,0.20994504074012213,0.00816690194003214,0.014183694861470225,0.007811707938147228,0.007811707938147228,1
0.01,0.0002,97.89766407119022,0.010214748324054083,0.2017078716667296,0.11132342174222966,97,1.6851103845638704e-14,0.0,LLTR+,3,0.1878893358948011,-0.013818535771928486,LL+,3,0.2020530845992445,0.00034521293251491003,LL+,3,0.2020530845992445,0.00034521293251491003,LLTR+,4,0.20986207026111783,0.008154198594388234,0.014163748704443396,0.0078089856618733244,0.0078089856618733244,1
0.01,0.0002,97.99777530589544,0.010204313280363224,0.20163743446166496,0.11131760420537201,97,-2.9888071184647202e-12,0.0,LLTR+,3,0.18782915480903695,-0.013808279652628014,LL+,3,0.2019730022849671,0.00033556782330212975,LL+,3,0.2019730022849671,0.00033556782330212975,LLTR+,4,0.20977926755535786,0.008141833093692902,0.014143847475930144,0.007806265270390772,0.007806265270390772,1
0.01,0.0002,98.09788654060067,0.010193899535094681,0.20156685404918268,0.1113117985423848,99,-3.712308238590367e-16,0.0,LLTR+,3,0.18776909431586905,-0.013797759733313625,LL+,3,0.20189308534937803,0.00032623130019535096,LL+,3,0.20189308534937803,0.00032623130019535096,LLTR+,4,0.20969663211111822,0.008129778061935544,0.014123991033508976,0.007803546761740193,0.007803546761740193,1
0.01,0.0002,98.1979977753059,0.010183507023108293,0.20149615420314806,0.11130600471695237,99,-3.184952301893418e-15,0.0,LLTR+,3,0.1877091540494467,-0.013787000153701351,LL+,3,0.20181333328479378,0.00031717908164571873,LL+,3,0.20181333328479378,0.00031717908164571873,LLTR+,4,0.20961416341875888,0.008118009215610816,0.01410417923534707,0.007800830133965098,0.007800830133965098,1
0.01,0.0002,98.29810901001113,0.01017313567952925,0.20142535608352938,0.11130022269290707,99,-2.3358225076375305e-13,0.0,LLTR+,3,0.18764933364540415,-0.01377602243812523,LL+,3,0.20173374558560112,0.00030838950207173754,LL+,3,0.20173374558560112,0.00030838950207173754,LLTR+,4,0.20953186097071286,0.00810650488718348,0.014084411940196967,0.007798115385111742,0.007798115385111742,1
0.01,0.0002,98.39822024471636,0.010162785439746778,0.20135447859274885,0.11129445243422834,99,1.0061396160665481e-16,0.0,LLTR+,3,0.18758963274085283,-0.013764845851896024,LL+,3,0.201654321748247,0.0002998431554981362,LL+,3,0.201654321748247,0.0002998431554981362,LLTR+,4,0.20944972426147596,0.008095245668727102,0.01406468900739416,0.007795402513228966,0.007795402513228966,1
0.01,0.0002,98.49833147942158,0.010152456239412761,0.2012835386834945,0.11128869390504212,99,3.5405706144686633e-13,0.0,LLTR+,3,0.18753005097437409,-0.01375348770912041,LL+,3,0.20157506127122746,0.0002915225877329619,LL+,3,0.20157506127122746,0.0002915225877329619,LLTR+,4,0.20936775278759612,0.008084214104101622,0.014045010296853372,0.0077926915163686605,0.0077926915163686605,1
0.01,0.0002,98.59844271412682,0.010142148014440432,0.20121255161567428,0.11128294706962005,99,-6.221412274243221e-14,0.0,LLTR+,3,0.1874705879860115,-0.01374196362966279,LL+,3,0.20149596365507783,0.00028341203940354665,LL+,3,0.20149596365507783,0.00028341203940354665,LLTR+,4,0.20928594604766299,0.008073394431988706,0.014025375669066337,0.00778998239258516,0.00778998239258516,1
0.01,0.0002,98.69855394883204,0.010131860701003042,0.2011415311743151,0.1112772118923787,99,7.820133429703446e-15,0.0,LLTR+,3,0.18741124341726373,-0.013730287757051374,LL+,3,0.20141702840236209,0.0002754972280469836,LL+,3,0.20141702840236209,0.0002754972280469836,LLTR+,4,0.20920430354229774,0.00806277236798264,0.014005784985098357,0.0077872751399356566,0.0077872751399356566,1
0.01,0.0002,98.79866518353727,0.010121594235532537,0.2010704898489779,0.1112714883378789,99,-1.4890866317784912e-14,0.0,LLTR+,3,0.18735201691107703,-0.013718472937900877,LL+,3,0.2013382550176625,0.0002677651686845972,LL+,3,0.2013382550176625,0.0002677651686845972,LLTR+,4,0.20912282477414262,0.008052334925164717,0.013986238106585475,0.00778456975648012,0.00778456975648012,1
0.01,0.0002,98.89877641824249,0.010111348554718255,0.20099943899117287,0.11126577637082494,99,-6.571132527000145e-15,0.0,LLTR+,3,0.18729290811183788,-0.013706530879334988,LL+,3,0.20125964300756966,0.0002602040163967867,LL+,3,0.20125964300756966,0.0002602040163967867,LLTR+,4,0.2090415092478508,0.008042070256677941,0.013966734895731775,0.0077818662402811545,0.0077818662402811545,1
0.01,0.0002,98.99888765294773,0.010101123595505617,0.2009283889465806,0.11126007595606388,99,1.4438103490554965e-14,0.0,LLTR+,3,0.18723391666536585,-0.013694472281214759,LL+,3,0.201181191880672,0.000252802934091384,LL+,3,0.201181191880672,0.000252802934091384,LLTR+,4,0.2089603564700762,0.008031967523495581,0.013947275215306143,0.007779164589404197,0.007779164589404197,1
0.01,0.0002,99.09899888765295,0.010090919295094848,0.20085734916934642,0.11125438705858488,99,1.3964523981613297e-15,0.0,LLTR+,3,0.1871750422189063,-0.01368230695044012,LL+,3,0.20110290114754611,0.00024555197819969843,LL+,3,0.20110290114754611,0.00024555197819969843,LLTR+,4,0.20887936594946338,0.008022016780116964,0.013927858928639819,0.0077764648019172655,0.0077764648019172655,1
0.01,0.0002,99.19911012235818,0.010080735590939673,0.2007863283207591,0.11124870964351838,99,9.68149171942656e-15,0.0,LLTR+,3,0.1871162844211231,-0.013670043899635997,LL+,3,0.20102477032074634,0.0002384419999872378,LL+,3,0.20102477032074634,0.0002384419999872378,LLTR+,4,0.20879853719663755,0.008012208875878446,0.013908485899623235,0.007773766875891208,0.007773766875891208,1
0.01,0.0002,99.2992213570634,0.01007057242074605,0.20071533435457778,0.11124304367613544,99,-3.679348492546808e-15,0.0,LLTR+,3,0.18705764292209173,-0.013657691432486047,LL+,3,0.200946798914795,0.0002314645602172205,LL+,3,0.200946798914795,0.0002314645602172205,LLTR+,4,0.20871786972419445,0.008002535369616676,0.013889155992703267,0.007771070809399455,0.007771070809399455,1
0.01,0.0002,99.39933259176864,0.010060429722470903,0.20064437459155887,0.11123738912184704,99,-1.0408340855860843e-17,0.0,LLTR+,3,0.186999117373292,-0.01364525721826687,LL+,3,0.2008689864461724,0.00022461185461353228,LL+,3,0.2008689864461724,0.00022461185461353228,LLTR+,4,0.20863736304669067,0.0079929884551318,0.013869869072880403,0.0077683766005182675,0.0077683766005182675,1
0.01,0.0002,99.49944382647386,0.01005030743432085,0.20057345578436803,0.11123174594620339,99,-2.5049406993105094e-15,0.0,LLTR+,3,0.18694070742760108,-0.01363274835676695,LL+,3,0.200791332433307,0.00021787664893896386,LL+,3,0.200791332433307,0.00021787664893896386,LLTR+,4,0.2085570166806336,0.007983560896265562,0.013850625005705913,0.0077656842473265986,0.0077656842473265986,1
0.01,0.0002,99.59955506117909,0.010040205494750949,0.20050258417466182,0.11122611411489317,99,-1.1587952819525071e-15,0.0,LLTR+,3,0.18688241273928635,-0.013620171435375472,LL+,3,0.2007138363965657,0.00021125222190387927,LL+,3,0.2007138363965657,0.00021125222190387927,LLTR+,4,0.2084768301444716,0.007974245969809779,0.013831423657279351,0.0077629937479059,0.0077629937479059,1
0.01,0.0002,99.69966629588433,0.01003012384246346,0.2004317655423701,0.11122049359374289,99,-1.3391059094924884e-12,0.0,LLTR+,3,0.1868242329639987,-0.013607532578371412,LL+,3,0.20063649785824395,0.0002047323158738401,LL+,3,0.20063649785824395,0.0002047323158738401,LLTR+,4,0.20839680295858448,0.007965037416214377,0.013812264894245252,0.0077603051003405366,0.0077603051003405366,1
0.01,0.0002,99.79977753058955,0.010020062416406598,0.20036100525387032,0.11121488434871618,99,-7.200039175980777e-13,0.0,LLTR+,3,0.1867661677587653,-0.013594837495105011,LL+,3,0.2005593163425562,0.00019831108868587077,LL+,3,0.2005593163425562,0.00019831108868587077,LLTR+,4,0.20831693464527368,0.007955929391403355,0.013793148583790882,0.007757618302717484,0.007757618302717484,1
0.01,0.0002,99.89988876529478,0.0100100211557733,0.20029030829182234,0.11120928634591312,99,-4.8958424120337796e-12,0.0,LLTR+,3,0.18670821678198302,-0.013582091509839328,LL+,3,0.20048229137562618,0.00019198308380383167,LL+,3,0.20048229137562618,0.00019198308380383167,LLTR+,4,0.2082372247287525,0.007946916436930157,0.01377407459364316,0.007754933353126325,0.007754933353126325,1
0.01,0.0002,100.0,0.01,0.20021967930943724,0.1112036995515695,101,6.071532165918825e-17,0.0,LLTR+,3,0.18665037969341128,-0.01356929961602596,LL+,3,0.20040542248547746,0.00018574317604022617,LL+,3,0.20040542248547746,0.00018574317604022617,LLTR+,4,0.20815767273513683,0.007937993425699591,0.013755042792066186,0.007752250249659365,0.007752250249659365,1
0.02,0.0002,10.0,0.1,0.26349630104584304,0.16137869955156953,11,2.956974942680546e-13,0.0,LL0,0,0.19640000000000002,-0.06709630104584302,LLTR+,1,0.2637090053514607,0.0002127043056176503,LL+,1,0.44813134998830106,0.18463504894245802,LLTR+,1,0.2637090053514607,0.0002127043056176503,0.06730900535146067,-0.18442234463684037,0.18442234463684037,0
0.02,0.0002,10.100111234705228,0.09900881057268723,0.26231934499217935,0.16082611144584263,11,6.439293542825908e-15,0.0,LL0,0,0.19529482378854626,-0.06702452120363309,LLTR+,1,0.26251906433840533,0.00019971934622597942,LL+,1,0.4448262595706398,0.18250691457846047,LLTR+,1,0.26251906433840533,0.00019971934622597942,0.06722424054985907,-0.1823071952322345,0.1823071952322345,0
0.02,0.0002,10.200222469410456,0.09803707742639041,0.2611643998309644,0.16028437021678216,11,-6.69522423613067e-12,0.0,LL0,0,0.1942113413304253,-0.06695305850053909,LLTR+,1,0.2613515121424138,0.0001871123114494111,LL+,1,0.44158624023961646,0.18042184040865206,LLTR+,1,0.2613515121424138,0.0001871123114494111,0.0671401708119885,-0.18023472809720265,0.18023472809720265,0
0.02,0.0002,10.300333704115683,0.0970842332613391,0.26003086361833755,0.15975315959476605,11,-3.4508784718667584e-12,0.0,LL0,0,0.1931489200863931,-0.06688194353194446,LLTR+,1,0.2602057065202916,0.00017484290195407537,LL+,1,0.4384093943746903,0.17837853075635274,LLTR+,1,0.2602057065202916,0.00017484290195407537,0.06705678643389854,-0.17820368785439866,0.17820368785439866,0
0.02,0.0002,10.400444938820913,0.09614973262032085,0.25891815427185066,0.15923217548739838,11,-5.887089427059067e-12,0.0,LL0,0,0.19210695187165777,-0.06681120240019289,LLTR+,1,0.259081029777589,0.00016287550573834686,LL+,1,0.43529389741875346,0.1763757431469028,LLTR+,1,0.259081029777589,0.00016287550573834686,0.06697407790593124,-0.17621286764116445,0.17621286764116445,0
0.02,0.0002,10.50055617352614,0.09523305084745762,0.2578257091880461,0.15872112539902714,11,1.0281567264236458e-12,0.0,LL0,0,0.19108485169491524,-0.06674085749313086,LLTR+,1,0.25797688760255166,0.00015117841450557057,LL+,1,0.43223799439523825,0.17441228520719215,LLTR+,1,0.25797688760255166,0.00015117841450557057,0.06689203590763643,-0.17426110679268658,0.17426110679268658,0
0.02,0.0002,10.600667408231368,0.09433368310598111,0.25675298476987407,0.15821972788315397,11,3.811881366111436e-14,0.0,LL0,0,0.19008205666316896,-0.06667092810670511,LLTR+,1,0.25689270796602026,0.0001397231961461909,LL+,1,0.42923999662257484,0.17248701185270077,LLTR+,1,0.25689270796602026,0.0001397231961461909,0.0668106513028513,-0.17234728865655458,0.17234728865655458,0
0.02,0.0002,10.700778642936596,0.09345114345114346,0.25569945590831133,0.157727712025582,11,-1.1796119636642288e-16,0.0,LL0,0,0.18909802494802497,-0.06660143096028637,LLTR+,1,0.25582794008296317,0.00012848417465183282,LL+,1,0.4262982786130777,0.17059882270476634,LLTR+,1,0.25582794008296317,0.00012848417465183282,0.0667299151349382,-0.1704703385301145,0.1704703385301145,0
0.02,0.0002,10.800889877641824,0.09258496395468589,0.25466461542593716,0.15724481695630688,11,-3.635494683074114e-13,0.0,LL0,0,0.18813223480947477,-0.06653238061646238,LLTR+,1,0.2547820534316495,0.00011743800571234475,LL+,1,0.4234112751442929,0.16874665971835573,LLTR+,1,0.2547820534316495,0.00011743800571234475,0.06664981862217473,-0.16862922171264338,0.16862922171264338,0
0.02,0.0002,10.901001112347052,0.09173469387755102,0.25364797350652946,0.1567707913883042,11,1.333377852574813e-13,0.0,LL0,0,0.1871841836734694,-0.06646378983306006,LLTR+,1,0.25375453682675864,0.00010656332022918047,LL+,1,0.42057747849172034,0.16692950498519088,LLTR+,1,0.25375453682675864,0.00010656332022918047,0.06657035315328924,-0.1668229416649617,0.1668229416649617,0
0.02,0.0002,11.001112347052281,0.09089989888776541,0.2526490571177823,0.15630539318149872,11,-4.884981308350689e-15,0.0,LL0,0,0.18625338725985843,-0.06639566985792386,LLTR+,1,0.25274489754299667,9.584042521437741e-05,LL+,1,0.4177954358126309,0.1651463786948486,LLTR+,1,0.25274489754299667,9.584042521437741e-05,0.06649151028313824,-0.16505053826963423,0.16505053826963423,0
0.02,0.0002,11.101223581757509,0.09008016032064128,0.2516674094369497,0.15584838893032704,11,-4.419728472093709e-14,0.0,LL0,0,0.18533937875751505,-0.06632803067943466,LLTR+,1,0.25175266048603295,8.525104908324588e-05,LL+,1,0.4150637466714404,0.1633963372344907,LLTR+,1,0.25175266048603295,8.525104908324588e-05,0.0664132817285179,-0.16331108618540746,0.16331108618540746,0
0.02,0.0002,11.201334816462737,0.08927507447864945,0.25070258928395617,0.15539955357341656,11,-5.785420753579018e-12,0.0,LL0,0,0.18444170804369414,-0.06626088124026203,LLTR+,1,0.25077736740780154,7.477812384537597e-05,LL+,1,0.412381060697785,0.16167847141382885,LLTR+,1,0.25077736740780154,7.477812384537597e-05,0.0663356593641074,-0.16160369328998347,0.16160369328998347,0
0.02,0.0002,11.301446051167964,0.08848425196850394,0.24975417056932575,0.15495867002401045,11,-3.975986206938842e-15,0.0,LL0,0,0.1835599409448819,-0.06619422962444385,LLTR+,1,0.24981857616341832,6.44055940925703e-05,LL+,1,0.4097460753690687,0.15999190479974296,LLTR+,1,0.24981857616341832,6.44055940925703e-05,0.06625863521853642,-0.1599274992056504,0.1599274992056504,0
0.02,0.0002,11.401557285873192,0.08770731707317074,0.24882174175095506,0.1545255288198622,11,-3.048234581415343e-11,0.0,LL0,0,0.18269365853658537,-0.06612808321436969,LLTR+,1,0.24887586000715997,5.411825620491029e-05,LL+,1,0.407157533909832,0.15833579215887694,LLTR+,1,0.24887586000715997,5.411825620491029e-05,0.0661822014705746,-0.15828167390267203,0.15828167390267203,0
0.02,0.0002,11.50166852057842,0.08694390715667312,0.24790490533011478,0.1540999277914148,11,6.666940263744259e-11,0.0,LL0,0,0.18184245647969055,-0.06606244885042423,LLTR+,1,0.24794880692512758,4.3901595012801886e-05,LL+,1,0.40461422330082586,0.15670931797071108,LLTR+,1,0.24794880692512758,4.3901595012801886e-05,0.06610635044543703,-0.15666541637569828,0.15666541637569828,0
0.02,0.0002,11.601779755283648,0.08619367209971238,0.24700327731158553,0.15368167174715916,11,-4.5828341121989524e-12,0.0,LL0,0,0.18100594439117929,-0.06599733292040624,LLTR+,1,0.24703701900238154,3.374169079600753e-05,LL+,1,0.4021149723911627,0.15511169507957714,LLTR+,1,0.24703701900238154,3.374169079600753e-05,0.06603107461120225,-0.15507795338878114,0.15507795338878114,0
0.02,0.0002,11.701890989988877,0.08545627376425854,0.24611648678218812,0.15327057217514364,11,-6.905240268473278e-14,0.0,LL0,0,0.18018374524714828,-0.06593274153503983,LLTR+,1,0.24614011182248643,2.3625040298319577e-05,LL+,1,0.3996586501073722,0.1535421633251841,LLTR+,1,0.24614011182248643,2.3625040298319577e-05,0.06595636657533815,-0.1535185382848858,0.1535185382848858,0
0.02,0.0002,11.802002224694105,0.08473138548539114,0.24524417540173465,0.15286644695967505,11,4.260133912303843e-14,0.0,LL0,0,0.17937549481621112,-0.06586868058552353,LLTR+,1,0.24525771389754386,1.353849580920663e-05,LL+,1,0.39724416375360794,0.15199998835187328,LLTR+,1,0.24525771389754386,1.353849580920663e-05,0.06588221908133274,-0.15198644985606408,0.15198644985606408,0
0.02,0.0002,11.902113459399333,0.08401869158878504,0.2443859969879826,0.15246912011231717,11,-4.2772830416426544e-11,0.0,LL0,0,0.1785808411214953,-0.0658051558664873,LLTR+,1,0.2443894661269201,3.469138937506333e-06,LL+,1,0.39487045739763793,0.15048446040965532,LLTR+,1,0.2443894661269201,3.469138937506333e-06,0.06580862500542481,-0.15048099127071782,0.15048099127071782,0
0.02,0.0002,12.00222469410456,0.08331788693234476,0.24354161711037128,0.1520784215163517,13,2.5885543708525915e-14,0.0,LLTR+,1,0.24353502128299656,-6.595827374722418e-06,LL+,1,0.3925365103376106,0.14899489322723933,LL+,1,0.3925365103376106,0.14899489322723933,LLTR+,1,0.24353502128299656,-6.595827374722418e-06,0.14900148905461405,-0.14900148905461405,0.14900148905461405,0
0.02,0.0002,12.102335928809788,0.08262867647058823,0.2427107126737038,0.15169418668392243,13,-5.59621793350118e-15,0.0,LLTR+,1,0.2426940435223792,-1.6669151324616438e-05,LL+,1,0.39024133564491814,0.14753062297121433,LL+,1,0.39024133564491814,0.14753062297121433,LLTR+,1,0.2426940435223792,-1.6669151324616438e-05,0.14754729212253895,-0.14754729212253895,0.14754729212253895,0
0.02,0.0002,12.202447163515018,0.08195077484047401,0.2418929715761831,0.15131625652513375,13,-1.2235351620759616e-13,0.0,LLTR+,1,0.24186620792110794,-2.6763655075173753e-05,LL+,1,0.387983978778789,0.14609100720260587,LL+,1,0.387983978778789,0.14609100720260587,LLTR+,1,0.24186620792110794,-2.6763655075173753e-05,0.14611777085768105,-0.14611777085768105,0.14611777085768105,0
0.02,0.0002,12.302558398220246,0.08128390596745026,0.2410880923529035,0.15094447712842302,13,1.7416623698807143e-15,0.0,LLTR+,1,0.24105120003250038,-3.689232040310353e-05,LL+,1,0.3857635162685208,0.1446754239156173,LL+,1,0.3857635162685208,0.1446754239156173,LLTR+,1,0.24105120003250038,-3.689232040310353e-05,0.1447123162360204,-0.1447123162360204,0.1447123162360204,0
0.02,0.0002,12.402669632925473,0.08062780269058295,0.24029578385909128,0.1505786995515695,13,-4.865205460724553e-14,0.0,LLTR+,1,0.24024871546635304,-4.706839273824204e-05,LL+,1,0.38357905445953366,0.14328327060044238,LL+,1,0.38357905445953366,0.14328327060044238,LLTR+,1,0.24024871546635304,-4.706839273824204e-05,0.14333033899318062,-0.14333033899318062,0.14333033899318062,0
0.02,0.0002,12.502780867630701,0.07998220640569395,0.23951576497976565,0.15021877962274388,13,5.495437785385526e-11,0.0,LLTR+,1,0.23945845948830471,-5.7305491460935e-05,LL+,1,0.38142972831966804,0.1419139633399024,LL+,1,0.38142972831966804,0.1419139633399024,LLTR+,1,0.23945845948830471,-5.7305491460935e-05,0.14197126883136332,-0.14197126883136332,0.14197126883136332,0
0.02,0.0002,12.602892102335929,0.0793468667255075,0.2387477643444734,0.14986457775103995,13,-6.449701883681769e-15,0.0,LLTR+,1,0.2386801466382429,-6.76177062304828e-05,LL+,1,0.379314700302373,0.14056693595789962,LL+,1,0.379314700302373,0.14056693595789962,LLTR+,1,0.2386801466382429,-6.76177062304828e-05,0.1406345536641301,-0.1406345536641301,0.1406345536641301,0
0.02,0.0002,12.703003337041157,0.07872154115586691,0.23799152012288682,0.1495159587459653,13,9.7234720275452e-13,0.0,LLTR+,1,0.23791350036670406,-7.80197561827678e-05,LL+,1,0.37723315926365175,0.13924163914076493,LL+,1,0.37723315926365175,0.13924163914076493,LLTR+,1,0.23791350036670406,-7.80197561827678e-05,0.1393196588969477,-0.1393196588969477,0.1393196588969477,0
0.02,0.0002,12.803114571746384,0.07810599478714161,0.23724677977933437,0.14917279164540095,13,2.845747942847865e-12,0.0,LLTR+,1,0.2371582526882843,-8.852709105006129e-05,LL+,1,0.37518431942981767,0.1379375396504833,LL+,1,0.37518431942981767,0.1379375396504833,LLTR+,1,0.2371582526882843,-8.852709105006129e-05,0.13802606674153337,-0.13802606674153337,0.13802606674153337,0
0.02,0.0002,12.903225806451612,0.0775,0.2365132999060749,0.1488349495515695,13,-8.858272101952558e-11,0.0,LLTR+,1,0.23641414385113896,-9.915605493593382e-05,LL+,1,0.3731674194133039,0.136654119507229,LL+,1,0.3731674194133039,0.136654119507229,LLTR+,1,0.23641414385113896,-9.915605493593382e-05,0.13675327556216493,-0.13675327556216493,0.13675327556216493,0
0.02,0.0002,13.003337041156842,0.07690333618477331,0.23579084610654577,0.14850230947458062,13,-3.4062624248987206e-11,0.0,LLTR+,1,0.2356809220217041,-0.00010992408484167271,LL+,1,0.371181721273936,0.13539087516739023,LL+,1,0.371181721273936,0.13539087516739023,LLTR+,1,0.2356809220217041,-0.00010992408484167271,0.1355007992522319,-0.1355007992522319,0.1355007992522319,0
0.02,0.0002,13.10344827586207,0.07631578947368421,0.2350791928414743,0.14817475218314846,13,3.7816971776294395e-15,0.0,LLTR+,1,0.23495834298382864,-0.00012084985764565515,LL+,1,0.36922650962323544,0.13414731678176114,LL+,1,0.36922650962323544,0.13414731678176114,LLTR+,1,0.23495834298382864,-0.00012084985764565515,0.1342681666394068,-0.1342681666394068,0.1342681666394068,0
0.02,0.0002,13.203559510567297,0.07573715248525695,0.23437812340832243,0.14785216206210025,13,-2.1510571102112408e-16,0.0,LLTR+,1,0.2342461698515525,-0.00013195355676992593,LL+,1,0.3673010907694719,0.1329229673611495,LL+,1,0.3673010907694719,0.1329229673611495,LLTR+,1,0.2342461698515525,-0.00013195355676992593,0.13305492091791943,-0.13305492091791943,0.13305492091791943,0
0.02,0.0002,13.303670745272525,0.07516722408026756,0.2336874299280651,0.1475344269763187,13,6.08177050387404e-12,0.0,LLTR+,1,0.23354417279481396,-0.0001432571332511401,LL+,1,0.36540479190131625,0.13171736197325115,LL+,1,0.36540479190131625,0.13171736197325115,LLTR+,1,0.23354417279481396,-0.0001432571332511401,0.1318606191065023,-0.1318606191065023,0.1318606191065023,0
0.02,0.0002,13.403781979977753,0.07460580912863071,0.23300691339565766,0.14722143814078115,13,6.605539379367364e-11,0.0,LLTR+,1,0.2328521287774107,-0.00015478461824694478,LL+,1,0.3635369603080767,0.13053004691241904,LL+,1,0.3635369603080767,0.13053004691241904,LLTR+,1,0.2328521287774107,-0.00015478461824694478,0.13068483153066598,-0.13068483153066598,0.13068483153066598,0
0.02,0.0002,13.503893214682982,0.07405271828665567,0.23233638378691596,0.14691308999638003,13,4.932720898409571e-13,0.0,LLTR+,1,0.23216982130658093,-0.00016656248033503074,LL+,1,0.3616969626346197,0.12936057884770374,LL+,1,0.3616969626346197,0.12936057884770374,LLTR+,1,0.23216982130658093,-0.00016656248033503074,0.12952714132803878,-0.12952714132803878,0.12952714132803878,0
0.02,0.0002,13.60400444938821,0.07350776778413737,0.23167566031807849,0.1466092800912261,13,-1.0384054727197167e-14,0.0,LLTR+,1,0.23149704019360565,-0.00017862012447283915,LL+,1,0.35988418416918977,0.12820852385111128,LL+,1,0.35988418416918977,0.12820852385111128,LLTR+,1,0.23149704019360565,-0.00017862012447283915,0.12838714397558412,-0.12838714397558412,0.12838714397558412,0
0.02,0.0002,13.704115684093438,0.07297077922077921,0.2310245717172502,0.1463099089671539,13,-1.408248517797972e-14,0.0,LLTR+,1,0.23083358132487067,-0.00019099039237951976,LL+,1,0.35809802816244274,0.12707345644519255,LL+,1,0.35809802816244274,0.12707345644519255,LLTR+,1,0.23083358132487067,-0.00019099039237951976,0.12726444683757207,-0.12726444683757207,0.12726444683757207,0
0.02,0.0002,13.804226918798665,0.07244157937147462,0.2303829567055113,0.1460148800511666,13,2.016340219790358e-11,0.0,LLTR+,1,0.23017924644285817,-0.0002037102626531173,LL+,1,0.3563379151761127,0.1259549584706014,LL+,1,0.3563379151761127,0.1259549584706014,LLTR+,1,0.23017924644285817,-0.0002037102626531173,0.12615866873325451,-0.12615866873325451,0.12615866873325451,0
0.02,0.0002,13.904338153503893,0.07192,0.22975066460774546,0.1457240995515695,13,9.17807496669809e-13,0.0,LLTR+,1,0.22953384293656762,-0.00021682167117784146,LL+,1,0.3546032824598151,0.12485261785206964,LL+,1,0.3546032824598151,0.12485261785206964,LLTR+,1,0.22953384293656762,-0.00021682167117784146,0.12506943952324748,-0.12506943952324748,0.12506943952324748,0
0.02,0.0002,14.004449388209121,0.07140587768069896,0.22912755621447142,0.1454374763585592,15,2.718363728559936e-12,0.0,LLTR+,1,0.22889718364089645,-0.00023037257357497176,LL+,1,0.3528935833545792,0.12376602714010779,LL+,1,0.3528935833545792,0.12376602714010779,LLTR+,1,0.22889718364089645,-0.00023037257357497176,0.12399639971368276,-0.12399639971368276,0.12399639971368276,0
0.02,0.0002,14.104560622914349,0.07089905362776025,0.22851350489672412,0.14515492194904583,15,1.92095089834865e-11,0.0,LLTR+,1,0.22826908664453457,-0.00024441825218954327,LL+,1,0.3512082867217833,0.12269478182505916,LL+,1,0.3512082867217833,0.12269478182505916,LLTR+,1,0.22826908664453457,-0.00024441825218954327,0.1229392000772487,-0.1229392000772487,0.1229392000772487,0
0.02,0.0002,14.204671857619577,0.07039937353171496,0.22790839812032052,0.1448763502955006,15,-4.9015305703115075e-12,0.0,LLTR+,1,0.2276493751059551,-0.00025902301436542263,LL+,1,0.3495468763962374,0.12163847827591687,LL+,1,0.3495468763962374,0.12163847827591687,LLTR+,1,0.2276493751059551,-0.00025902301436542263,0.12189750129028229,-0.12189750129028229,0.12189750129028229,0
0.02,0.0002,14.304783092324804,0.06990668740279939,0.2273121394954444,0.14460167777863017,15,5.212774656371266e-13,0.0,LLTR+,1,0.22703787707710452,-0.00027426241833988785,LL+,1,0.34790885066223154,0.12059671116678713,LL+,1,0.34790885066223154,0.12059671116678713,LLTR+,1,0.22703787707710452,-0.00027426241833988785,0.12087097358512702,-0.12087097358512702,0.12087097358512702,0
0.02,0.0002,14.404894327030034,0.06942084942084942,0.22672465149912058,0.14433082310369305,15,8.135020435062756e-13,0.0,LLTR+,1,0.22643442533441874,-0.00029022616470184004,LL+,1,0.34629372175143247,0.1195690702523119,LL+,1,0.34629372175143247,0.1195690702523119,LLTR+,1,0.22643442533441874,-0.00029022616470184004,0.11985929641701373,-0.11985929641701373,0.11985929641701373,0
0.02,0.0002,14.505005561735262,0.06894171779141105,0.2261458792377787,0.14406370722028117,15,-3.1471124317672405e-11,0.0,LLTR+,1,0.22583885721681204,-0.000307022020966663,LL+,1,0.34470101536157305,0.11855513612379434,LL+,1,0.34470101536157305,0.11855513612379434,LLTR+,1,0.22583885721681204,-0.000307022020966663,0.118862158144761,-0.118862158144761,0.118862158144761,0
0.02,0.0002,14.60511679644049,0.06846915460776846,0.22557579566240007,0.1438002532454004,15,6.428885201970047e-15,0.0,LLTR+,1,0.22525101447030488,-0.00032478119209519707,LL+,1,0.3431302701949357,0.11755447453253562,LL+,1,0.3431302701949357,0.11755447453253562,LLTR+,1,0.22525101447030488,-0.00032478119209519707,0.11787925572463082,-0.11787925572463082,0.11787925572463082,0
0.02,0.0002,14.705228031145719,0.06800302571860817,0.22501440886534563,0.14354038638969357,15,-2.456368441983159e-15,0.0,LLTR+,1,0.22467074309897483,-0.00034366576637079316,LL+,1,0.3415810375156888,0.11656662865034317,LL+,1,0.3415810375156888,0.11656662865034317,LLTR+,1,0.22467074309897483,-0.00034366576637079316,0.11691029441671397,-0.11691029441671397,0.11691029441671397,0
0.02,0.0002,14.805339265850947,0.06754320060105183,0.22446177269986925,0.1432840338866559,15,8.57751369931492e-14,0.0,LLTR+,1,0.2240978932219321,-0.0003638794779371457,LL+,1,0.34005288072518125,0.115591108025312,LL+,1,0.34005288072518125,0.115591108025312,LLTR+,1,0.2240978932219321,-0.0003638794779371457,0.11595498750324915,-0.11595498750324915,0.11595498750324915,0
0.02,0.0002,14.905450500556174,0.06708955223880597,0.22391800242530138,0.14303112492470382,15,-3.34038352534094e-14,0.0,LLTR+,1,0.22353231893603717,-0.00038568348926421026,LL+,1,0.338545374954353,0.11462737252905161,LL+,1,0.338545374954353,0.11462737252905161,LLTR+,1,0.22353231893603717,-0.00038568348926421026,0.11501305601831582,-0.11501305601831582,0.11501305601831582,0
0.02,0.0002,15.005561735261402,0.06664195700518903,0.223383298655449,0.14278159058196238,15,-2.460115444691269e-13,0.0,LLTR+,1,0.22297387818409267,-0.0004094204713563365,LL+,1,0.33705810667246017,0.11367480801701116,LL+,1,0.33705810667246017,0.11367480801701116,LLTR+,1,0.22297387818409267,-0.0004094204713563365,0.1140842284883675,-0.1140842284883675,0.1140842284883675,0
0.02,0.0002,15.10567296996663,0.06620029455081002,0.22285798539689153,0.1425353637636461,15,-1.9042059595797411e-13,0.0,LLTR+,1,0.22242243262825648,-0.0004355527686350502,LL+,1,0.33559067331135994,0.11273268791446842,LL+,1,0.33559067331135994,0.11273268791446842,LLTR+,1,0.22242243262825648,-0.0004355527686350502,0.11316824068310347,-0.11316824068310347,0.11316824068310347,0
0.02,0.0002,15.205784204671858,0.06576444769568399,0.22234257340931776,0.14229237914191334,15,2.388825595667221e-11,0.0,LLTR+,1,0.2218778475284355,-0.0004647258808822552,LL+,1,0.33414268290463656,0.1118001094953188,LL+,1,0.33414268290463656,0.1118001094953188,LLTR+,1,0.2218778475284355,-0.0004647258808822552,0.11226483537620105,-0.11226483537620105,0.11226483537620105,0
0.02,0.0002,15.305895439377085,0.06533430232558139,0.2218378721203504,0.14205257309808111,15,-1.0657967564053905e-12,0.0,LLTR+,1,0.2213399916254333,-0.0004978804949170856,LL+,1,0.33271375374088963,0.11087588162053924,LL+,1,0.33271375374088963,0.11087588162053924,LLTR+,1,0.2213399916254333,-0.0004978804949170856,0.11137376211545633,-0.11137376211545633,0.11137376211545633,0
0.02,0.0002,15.406006674082313,0.06490974729241877,0.22134520304440441,0.14181588366709297,15,-5.30825383648903e-16,0.0,LLTR+,1,0.2208087370286352,-0.0005364660157692047,LL+,1,0.3313035140305406,0.10995831098613618,LL+,1,0.3313035140305406,0.10995831098613618,LLTR+,1,0.2208087370286352,-0.0005364660157692047,0.11049477700190538,-0.11049477700190538,0.11049477700190538,0
0.02,0.0002,15.506117908787541,0.0644906743185079,0.22086684950881752,0.14158225048413767,15,3.1838733038913603e-12,0.0,LLTR+,1,0.22028395910802684,-0.000582890400790681,LL+,1,0.3299116015855462,0.1090447520767287,LL+,1,0.3299116015855462,0.1090447520767287,LLTR+,1,0.22028395910802684,-0.000582890400790681,0.10962764247751938,-0.10962764247751938,0.10962764247751938,0
0.02,0.0002,15.60622914349277,0.06407697790449038,0.220407149075149,0.1413516147333229,15,2.498001805406602e-16,0.0,LLTR+,1,0.21976553639035126,-0.0006416126847977321,LL+,1,0.3285376635114391,0.1081305144362901,LL+,1,0.3285376635114391,0.1081305144362901,LLTR+,1,0.21976553639035126,-0.0006416126847977321,0.10877212712108783,-0.10877212712108783,0.10877212712108783,0
0.02,0.0002,15.706340378197998,0.06366855524079319,0.21997578967793008,0.1411239190983117,15,-2.7755575615628914e-17,0.0,LLTR+,1,0.2192533504592218,-0.0007224392187082651,LL+,1,0.3271813559111463,0.1072055662332162,LL+,1,0.3271813559111463,0.1072055662332162,LLTR+,1,0.2192533504592218,-0.0007224392187082651,0.10792800545192446,-0.10792800545192446,0.10792800545192446,0
0.02,0.0002,15.806451612903226,0.06326530612244897,0.21960255870316567,0.14089910771483483,15,-3.355857258746653e-12,0.0,LLTR+,1,0.21874728585901412,-0.0008552728441515445,LL+,1,0.32584234360006326,0.10623978489689759,LL+,1,0.32584234360006326,0.10623978489689759,LLTR+,1,0.21874728585901412,-0.0008552728441515445,0.10709505774104913,-0.10709505774104913,0.10709505774104913,0
0.02,0.0002,15.906562847608454,0.06286713286713287,0.2196054696373097,0.14067712612499608,15,-4.753142324176451e-16,0.0,LLTR+,1,0.2182472300023723,-0.0013582396349373915,LL+,1,0.32452029983188635,0.10491483019457665,LL+,1,0.32452029983188635,0.10491483019457665,LLTR+,1,0.2182472300023723,-0.0013582396349373915,0.10627306982951404,-0.10627306982951404,0.10627306982951404,0
0.02,0.0002,16.006674082313683,0.062473940236275186,0.32232339723465553,0.14045792123329293,17,-6.409907327142861e-13,0.0,LLTR+,1,0.21775307308117145,-0.10457032415348408,LL+,1,0.3232149060347346,0.0008915088000790439,LL+,1,0.3232149060347346,0.0008915088000790439,LLTR+,2,0.3463771287595958,0.02405373152494028,0.10546183295356312,0.023162222724861237,0.023162222724861237,1
0.02,0.0002,16.10678531701891,0.062085635359116015,0.32118509688207103,0.14024144126427668,17,-1.0408340855860843e-17,0.0,LLTR+,1,0.21726470798078595,-0.10392038890128508,LL+,1,0.3219258515571124,0.0007407546750413663,LL+,1,0.3219258515571124,0.0007407546750413663,LLTR+,2,0.34506496015157484,0.02387986326950381,0.10466114357632644,0.023139108594462443,0.023139108594462443,1
0.02,0.0002,16.20689655172414,0.06170212765957447,0.3199988552904392,0.14002763572178228,17,-5.654636481278175e-12,0.0,LLTR+,1,0.21678203019752126,-0.10321682509291794,LL+,1,0.3206528334232862,0.0006539781328470107,LL+,1,0.3206528334232862,0.0006539781328470107,LLTR+,2,0.3437688754410463,0.023770020150607085,0.10387080322576495,0.023116042017760075,0.023116042017760075,1
0.02,0.0002,16.307007786429367,0.06132332878581173,0.31880326994610486,0.13981645534965953,17,-3.377166601925552e-12,0.0,LLTR+,1,0.21630493775907395,-0.10249833218703092,LL+,1,0.31939555609767345,0.0005922861515685884,LL+,1,0.31939555609767345,0.0005922861515685884,LLTR+,2,0.3424885789153832,0.02368530896927834,0.1030906183385995,0.023093022817709752,0.023093022817709752,1
0.02,0.0002,16.407119021134594,0.06094915254237288,0.3176096481749666,0.1396078520939424,17,5.55805401702969e-14,0.0,LLTR+,1,0.21583333114789036,-0.10177631702707626,LL+,1,0.318153731257856,0.0005440830828893906,LL+,1,0.318153731257856,0.0005440830828893906,LLTR+,2,0.3412237820762517,0.023614133901285084,0.10232040010996565,0.023070050818395693,0.023070050818395693,1
0.02,0.0002,16.507230255839822,0.06057951482479784,0.31642276335203967,0.1394017790663943,17,1.2917791836208892e-13,0.0,LLTR+,1,0.2153671132273018,-0.10105565012473788,LL+,1,0.3169270775758538,0.0005043142238141396,LL+,1,0.3169270775758538,0.0005043142238141396,LLTR+,2,0.3399742034208738,0.02355144006883414,0.10155996434855202,0.02304712584502,0.02304712584502,1
0.02,0.0002,16.60734149054505,0.06021433355659746,0.3152450040369186,0.1391981905093726,17,-5.484154796953078e-13,0.0,LLTR+,1,0.2149061891703188,-0.10033881486659976,LL+,1,0.31571532050730966,0.0004703164703910856,LL+,1,0.31571532050730966,0.0004703164703910856,LLTR+,2,0.33873956823120177,0.023494564194283196,0.10080913133699085,0.02302424772389211,0.02302424772389211,1
0.02,0.0002,16.707452725250278,0.05985352862849534,0.31407767918206714,0.13899704176195565,17,-3.948230631323213e-14,0.0,LLTR+,1,0.21445046639097415,-0.09962721279109299,LL+,1,0.3145181920882527,0.00044051290618557504,LL+,1,0.3145181920882527,0.00044051290618557504,LLTR+,2,0.3375196083706721,0.023441929188604937,0.10006772569727856,0.023001416282419362,0.023001416282419362,1
0.02,0.0002,16.807563959955505,0.059497021839841166,0.3129215387445313,0.13879828922728096,17,-1.835337437583462e-15,0.0,LLTR+,1,0.2139998544781073,-0.09892168426642403,LL+,1,0.31333543073912595,0.00041389199459462844,LL+,1,0.31333543073912595,0.00041389199459462844,LLTR+,2,0.33631406208822234,0.02339252334369102,0.09933557626101866,0.02297863134909639,0.02297863134909639,1
0.02,0.0002,16.907675194660733,0.059144736842105264,0.3117770153257508,0.1386018903410432,17,-7.28583859910259e-17,0.0,LLTR+,1,0.21355426513149092,-0.09822275019425988,LL+,1,0.3121667810757751,0.0003897657500243068,LL+,1,0.3121667810757751,0.0003897657500243068,LLTR+,2,0.3351226738292711,0.023345658503520272,0.09861251594428419,0.022955892753495966,0.022955892753495966,1
0.02,0.0002,17.007786429365964,0.058796599084368864,0.31064434893323445,0.13840780354110516,17,-1.6514567491299204e-15,0.0,LLTR+,1,0.2131136121002022,-0.09753073683303226,LL+,1,0.3110119937271132,0.00036764479387874083,LL+,1,0.3110119937271132,0.00036764479387874083,LLTR+,2,0.33394519405337186,0.023300845120137414,0.097898381626911,0.022933200326258674,0.022933200326258674,1
0.02,0.0002,17.10789766407119,0.05845253576072822,0.3095236567223184,0.1382159882381755,17,-3.3813229993739924e-14,0.0,LLTR+,1,0.2126778111231474,-0.096845845599171,LL+,1,0.3098708251591874,0.00034716843686899423,LL+,1,0.3098708251591874,0.00034716843686899423,LLTR+,2,0.3327813790582709,0.02325772233595247,0.09719301403604,0.022910553899083475,0.022910553899083475,1
0.02,0.0002,17.20800889877642,0.05811247575953458,0.3084149744587339,0.13802640478751005,17,-2.495011142134018e-12,0.0,LLTR+,1,0.21224677987165289,-0.09616819458708101,LL+,1,0.3087430375053861,0.0003280630466522272,LL+,1,0.3087430375053861,0.0003280630466522272,LLTR+,2,0.3316309908101043,0.023216016351370383,0.09649625763373323,0.022887953304718156,0.022887953304718156,1
0.02,0.0002,17.308120133481648,0.05777634961439588,0.3073182824142057,0.13783901446159522,17,8.257283745649602e-15,0.0,LLTR+,1,0.2118204378940383,-0.09549784452016744,LL+,1,0.3076283984025395,0.0003101159883338034,LL+,1,0.3076283984025395,0.0003101159883338034,LLTR+,2,0.3304937967794897,0.023175514365283978,0.09580796050850124,0.022865398376950175,0.022865398376950175,1
0.02,0.0002,17.408231368186875,0.057444089456869005,0.306233522195349,0.137653779423774,17,1.942890293094024e-16,0.0,LLTR+,1,0.2113987065620929,-0.0948348156332561,LL+,1,0.30652668083267476,0.0002931586373257633,LL+,1,0.30652668083267476,0.0002931586373257633,LLTR+,2,0.3293695697832719,0.023136047587922925,0.09512797427058187,0.022842888950597162,0.022842888950597162,1
0.02,0.0002,17.508342602892103,0.057115628970775094,0.3051606080604729,0.13747066270277664,17,6.88789303371351e-14,0.0,LLTR+,1,0.21098150901937937,-0.09417909904109353,LL+,1,0.3054376629702009,0.00027705490972801394,LL+,1,0.3054376629702009,0.00027705490972801394,LLTR+,2,0.3282580878316981,0.02309747977122517,0.09445615395082155,0.022820424861497157,0.022820424861497157,1
0.02,0.0002,17.60845383759733,0.056790903348073275,0.30409943473789314,0.13728962816812035,17,1.4600296666111845e-11,0.0,LLTR+,1,0.21056877013129158,-0.09353066460660156,LL+,1,0.30436112803430554,0.0002616932964124019,LL+,1,0.30436112803430554,0.0002616932964124019,LLTR+,2,0.32715913398080615,0.023059699242913012,0.09379235790301396,0.02279800594650061,0.02279800594650061,1
0.02,0.0002,17.70856507230256,0.056469849246231156,0.303049882949094,0.13711064050634336,17,-3.917140917186757e-12,0.0,LLTR+,1,0.2101604164367982,-0.09288946651229582,LL+,1,0.30329686414635937,0.00024698119726535017,LL+,1,0.30329686414635937,0.00024698119726535017,LLTR+,2,0.3260724961898199,0.02302261324072591,0.09313644770956117,0.02277563204346056,0.02277563204346056,1
0.02,0.0002,17.808676307007786,0.056152404747033105,0.30201182342563115,0.13693366519804046,17,6.908362770730037e-14,0.0,LLTR+,1,0.20975637610180575,-0.0922554473238254,LL+,1,0.30224466419212936,0.00023284076649821017,LL+,1,0.30224466419212936,0.00023284076649821017,LLTR+,2,0.3249979671833532,0.022986143757722066,0.09248828809032361,0.022753302991223856,0.022753302991223856,1
0.02,0.0002,17.908787541713014,0.05583850931677019,0.3009851198199933,0.1367586684956689,17,-6.431487287184012e-13,0.0,LLTR+,1,0.20935657887407705,-0.09162854094591627,LL+,1,0.301204325688614,0.00021920586862067548,LL+,1,0.301204325688614,0.00021920586862067548,LLTR+,2,0.3239353443182367,0.022950224498243355,0.09184774681453695,0.02273101862962268,0.02273101862962268,1
0.02,0.0002,18.008898776418242,0.05552810376775787,0.2999696309093867,0.13658561740209452,19,1.734723475976807e-16,0.0,LLTR+,1,0.20896095603964635,-0.09100867486974037,LL+,1,0.3001756506553196,0.00020601974593287276,LL+,1,0.3001756506553196,0.00020601974593287276,LLTR+,2,0.322884429454785,0.022914798545398296,0.09121469461567325,0.022708778799465423,0.022708778799465423,1
0.02,0.0002,18.109010011123473,0.05522113022113021,0.29896521224336314,0.1364144796498496,19,-1.5938639297274904e-14,0.0,LLTR+,1,0.20856944038067193,-0.09039577186269121,LL+,1,0.29915844548980663,0.0001932332464434916,LL+,1,0.29915844548980663,0.0001932332464434916,LLTR+,2,0.3218450288323349,0.022879816588971758,0.0905890051091347,0.022686583342528266,0.022686583342528266,1
0.02,0.0002,18.209121245828698,0.054917532070861336,0.29797171740585293,0.1362452236810747,19,-1.0999489513663363e-11,0.0,LLTR+,1,0.2081819661346718,-0.08978975127118113,LL+,1,0.29815252084734134,0.00018080344148840855,LL+,1,0.29815252084734134,0.00018080344148840855,LLTR+,2,0.32081695294888835,0.022845235543035414,0.08997055471266954,0.022664432101547005,0.022664432101547005,1
0.02,0.0002,18.30923248053393,0.05461725394896719,0.29698899899601144,0.1360778186281187,19,2.5069387538101395e-11,0.0,LLTR+,1,0.20779846895508958,-0.08919053004092187,LL+,1,0.2971576915244952,0.00016869252848378258,LL+,1,0.2971576915244952,0.00016869252848378258,LLTR+,2,0.319800016444703,0.022811017448691573,0.08935922256940565,0.02264232492020779,0.02264232492020779,1
0.02,0.0002,18.409343715239153,0.05432024169184291,0.29601690935744657,0.13591223429477192,19,1.571312524539792e-14,0.0,LLTR+,1,0.20741888587314009,-0.08859802348430648,LL+,1,0.2961737763465436,0.00015686698909705976,LL+,1,0.2961737763465436,0.00015686698909705976,LLTR+,2,0.3187940379896832,0.022777128632236632,0.08875489047340354,0.022620261643139572,0.022620261643139572,1
0.02,0.0002,18.509454949944384,0.0540264423076923,0.2950553012080484,0.13574844113810797,19,-2.1182361420457596e-13,0.0,LLTR+,1,0.20704315526088643,-0.08801214594716197,LL+,1,0.2952005980585165,0.0001452968504681018,LL+,1,0.2952005980585165,0.0001452968504681018,LLTR+,2,0.31779884017442195,0.022743538966373544,0.08815744279763008,0.022598242115905443,0.022598242115905443,1
0.02,0.0002,18.60956618464961,0.05373580394500897,0.2941040280688336,0.135586410250912,19,-1.3611237137389764e-11,0.0,LLTR+,1,0.2066712167955021,-0.08743281127333152,LL+,1,0.2942379832197679,0.000133955150934284,LL+,1,0.2942379832197679,0.000133955150934284,LLTR+,2,0.31681424940476266,0.022710221335929037,0.08756676642426581,0.022576266184994753,0.022576266184994753,1
0.02,0.0002,18.70967741935484,0.05344827586206896,0.29316294465078646,0.13542611334467297,19,-7.69690908231091e-12,0.0,LLTR+,1,0.20630301142467414,-0.08685993322611232,LL+,1,0.2932857621019286,0.00012281745114212095,LL+,1,0.2932857621019286,0.00012281745114212095,LLTR+,2,0.3158400957997435,0.02267715114895702,0.08698275067725444,0.0225543336978149,0.0225543336978149,1
0.02,0.0002,18.809788654060068,0.05316380839739799,0.2922319071255924,0.13526752273311887,19,-5.929159940798456e-11,0.0,LLTR+,1,0.20593848133310513,-0.08629342579248725,LL+,1,0.29234376859011857,0.00011186146452618617,LL+,1,0.29234376859011857,0.00011186146452618617,LLTR+,2,0.3148762130928018,0.0226443059672094,0.08640528725701344,0.022532444502683213,0.022532444502683213,1
0.02,0.0002,18.909899888765295,0.05288235294117647,0.2913107733917638,0.1351106113162754,19,-1.3115897257165443e-13,0.0,LLTR+,1,0.2055775699100728,-0.085733203481691,LL+,1,0.2914118400872966,0.00010106669553278103,LL+,1,0.2914118400872966,0.00010106669553278103,LLTR+,2,0.3139224385361161,0.02261166514435231,0.08583427017722378,0.02251059844881953,0.02251059844881953,1
0.02,0.0002,19.010011123470523,0.052603861907548274,0.2903994031975418,0.13495535256502766,19,-1.0339298861516966e-13,0.0,LLTR+,1,0.20522022171800938,-0.08517918147953243,LL+,1,0.29048981742163293,9.041422409111766e-05,LL+,1,0.29048981742163293,9.041422409111766e-05,LLTR+,2,0.31297861280797046,0.02257920961042864,0.08526959570362355,0.022488795386337523,0.022488795386337523,1
0.02,0.0002,19.11012235817575,0.052328288707799764,0.2894976583440798,0.13480172050616787,19,-1.8281209879233984e-13,0.0,LLTR+,1,0.20486638246206212,-0.08463127588201769,LL+,1,0.2895775447567926,7.988641271278185e-05,LL+,1,0.2895775447567926,7.988641271278185e-05,LLTR+,2,0.3120445799230307,0.022546921578950885,0.08471116229473047,0.022467035166238103,0.022467035166238103,1
0.02,0.0002,19.21023359288098,0.05205558772437753,0.2886054027719852,0.13464968970790997,19,1.1655849896374804e-12,0.0,LLTR+,1,0.20451599896060113,-0.08408940381138408,LL+,1,0.2886748695050247,6.946673303948048e-05,LL+,1,0.2886748695050247,6.946673303948048e-05,LLTR+,2,0.3111201871454258,0.022514784373440566,0.08415887054442356,0.022445317640401086,0.022445317640401086,1
0.02,0.0002,19.310344827586206,0.05178571428571429,0.2877225026665924,0.13449923526585522,19,7.493008991055206e-11,0.0,LLTR+,1,0.20416901911663804,-0.08355348354995434,LL+,1,0.28778164224295466,5.913957636227707e-05,LL+,1,0.28778164224295466,5.913957636227707e-05,LLTR+,2,0.31020528490453236,0.02248278223793998,0.08361262312631662,0.022423642661577703,0.022423642661577703,1
0.02,0.0002,19.410456062291438,0.0515186246418338,0.28684882649630783,0.13435033278939185,19,-2.1043583542379452e-13,0.0,LLTR+,1,0.20382539189012505,-0.08302343460618278,LL+,1,0.28689771662998265,4.889013367481709e-05,LL+,1,0.28689771662998265,4.889013367481709e-05,LLTR+,2,0.30929972671336575,0.022450900217057923,0.0830723247398576,0.022402010083383106,0.022402010083383106,1
0.02,0.0002,19.510567296996662,0.05125427594070696,0.28598424514584014,0.13420295838851365,19,5.1111892496180644e-14,0.0,LLTR+,1,0.20348506727110094,-0.0824991778747392,LL+,1,0.28602294932919403,3.8704183353888144e-05,LL+,1,0.28602294932919403,3.8704183353888144e-05,LLTR+,2,0.3084033690894833,0.02241912394364315,0.08253788205809309,0.02238041976028926,0.02238041976028926,1
0.02,0.0002,19.610678531701893,0.05099262620533181,0.28512863189144694,0.134057088661042,19,-9.818534874028728e-16,0.0,LLTR+,1,0.2031479962536551,-0.08198063563779184,LL+,1,0.2851571999306921,2.8568039245169263e-05,LL+,1,0.2851571999306921,2.8568039245169263e-05,LLTR+,2,0.3075160714783094,0.022387439586862456,0.08200920367703701,0.022358871547617287,0.022358871547617287,1
0.02,0.0002,19.710789766407117,0.05073363431151242,0.284281862481597,0.1339127006802377,19,2.113931946157166e-11,0.0,LLTR+,1,0.20281413081068006,-0.08146773167091692,LL+,1,0.2843003308772679,1.8468395670934168e-05,LL+,1,0.2843003308772679,1.8468395670934168e-05,LLTR+,2,0.30663769617879866,0.022355833697201677,0.08148620006658785,0.022337365301530743,0.022337365301530743,1
0.02,0.0002,19.81090100111235,0.050477259966311055,0.2834438151546345,0.13376977198278792,19,7.008282842946301e-16,0.0,LLTR+,1,0.20248342386938475,-0.08096039128524976,LL+,1,0.2834522073923228,8.392237688281678e-06,LL+,1,0.2834522073923228,8.392237688281678e-06,LLTR+,2,0.3057681082713506,0.022324293116716076,0.08096878352293804,0.022315900879027795,0.022315900879027795,1
0.02,0.0002,19.911012235817573,0.050223463687150846,0.28261437069932094,0.1336282805571561,19,7.089791947967328e-11,0.0,LL+,1,0.2826126974099662,-1.6732893547422023e-06,LLTR+,2,0.3049071755479006,0.02229280484857965,LL+,1,0.2826126974099662,-1.6732893547422023e-06,LLTR+,2,0.3049071755479006,0.02229280484857965,0.022294478137934393,0.022294478137934393,0.022294478137934393,1
0.02,0.0002,20.011123470522804,0.0499722067815453,0.2817934124292683,0.13348820483228102,21,-1.3038216339911202e-12,0.0,LL+,1,0.281781671507211,-1.1740922057301706e-05,LLTR+,2,0.3040547684441086,0.022261356014840306,LL+,1,0.281781671507211,-1.1740922057301706e-05,LLTR+,2,0.3040547684441086,0.022261356014840306,0.022273096936897607,0.022273096936897607,0.022273096936897607,1
0.02,0.0002,20.111234705228032,0.049723451327433624,0.2809808262984508,0.13334952366661376,21,1.8663244560901404e-11,0.0,LL+,1,0.2809590028381945,-2.1823460256253924e-05,LLTR+,2,0.30321075997357283,0.02222993367512205,LL+,1,0.2809590028381945,-2.1823460256253924e-05,LLTR+,2,0.30321075997357283,0.02222993367512205,0.022251757135378303,0.022251757135378303,0.022251757135378303,1
0.02,0.0002,20.21134593993326,0.04947716015410016,0.28017650085114654,0.13321221633748034,21,-7.008282842946301e-15,0.0,LL+,1,0.2801445670703542,-3.19337807923592e-05,LLTR+,2,0.30237502566399854,0.022198524812852005,LL+,1,0.2801445670703542,-3.19337807923592e-05,LLTR+,2,0.30237502566399854,0.022198524812852005,0.022230458593644364,0.022230458593644364,0.022230458593644364,1
0.02,0.0002,20.311457174638488,0.04923329682365827,0.279380327320457,0.133076262530759,21,4.80406374403497e-11,0.0,LL+,1,0.2793382423224904,-4.208499796659604e-05,LLTR+,2,0.3015474434952544,0.02216711617479744,LL+,1,0.2793382423224904,-4.208499796659604e-05,LLTR+,2,0.3015474434952544,0.02216711617479744,0.022209201172764037,0.022209201172764037,0.022209201172764037,1
0.02,0.0002,20.411568409343715,0.04899182561307902,0.27859219962241827,0.13294164233086106,21,1.718677977713412e-11,0.0,LL+,1,0.27853990910465265,-5.229051776561855e-05,LLTR+,2,0.3007278938392518,0.022135694216833535,LL+,1,0.27853990910465265,-5.229051776561855e-05,LLTR+,2,0.3007278938392518,0.022135694216833535,0.022187984734599153,0.022187984734599153,0.022187984734599153,1
0.02,0.0002,20.511679644048943,0.048752711496746204,0.27781201445801923,0.13280833621100552,21,4.08457989653499e-14,0.0,LL+,1,0.2777494502597855,-6.256419823374992e-05,LLTR+,2,0.29991625940158373,0.0221042449435645,LL+,1,0.2777494502597855,-6.256419823374992e-05,LLTR+,2,0.29991625940158373,0.0221042449435645,0.02216680914179825,0.02216680914179825,0.02216680914179825,1
0.02,0.0002,20.61179087875417,0.0485159201295197,0.27703967134168794,0.13267632502377674,21,3.929842562477859e-14,0.0,LL+,1,0.27696675090707523,-7.292043461271103e-05,LLTR+,2,0.2991124251648658,0.02207275382317786,LL+,1,0.27696675090707523,-7.292043461271103e-05,LLTR+,2,0.2991124251648658,0.02207275382317786,0.02214567425779057,0.02214567425779057,0.02214567425779057,1
0.02,0.0002,20.711902113459402,0.048281417830290004,0.27627507268309814,0.1325455899919562,21,-4.371503159461554e-16,0.0,LL+,1,0.27619169838694013,-8.337429615801195e-05,LLTR+,2,0.2983162783337191,0.022041205650620954,LL+,1,0.27619169838694013,-8.337429615801195e-05,LLTR+,2,0.2983162783337191,0.022041205650620954,0.022124579946778966,0.022124579946778966,0.022124579946778966,1
0.02,0.0002,20.812013348164626,0.048049171566007486,0.27551812388199365,0.13241611269961867,21,-1.8149370895059747e-13,0.0,LL+,1,0.2754241822076071,-9.394167438653289e-05,LLTR+,2,0.2975277082813409,0.02200958439934725,LL+,1,0.2754241822076071,-9.394167438653289e-05,LLTR+,2,0.2975277082813409,0.02200958439934725,0.02210352607373378,0.02210352607373378,0.02210352607373378,1
0.02,0.0002,20.912124582869858,0.04781914893617021,0.2747687334388722,0.13228787508348439,21,1.7914732197699124e-11,0.0,LL+,1,0.2746640939932239,-0.00010463944564831351,LLTR+,2,0.2967466064976101,0.021977873058737885,LL+,1,0.2746640939932239,-0.00010463944564831351,LLTR+,2,0.2967466064976101,0.021977873058737885,0.022082512504386198,0.022082512504386198,0.022082512504386198,1
0.02,0.0002,21.012235817575082,0.04759131815775543,0.27402681307906057,0.13216085942451816,21,-6.13398221105399e-15,0.0,LL+,1,0.27391132743345437,-0.00011548564560620589,LLTR+,2,0.29597286653867705,0.021946053459616477,LL+,1,0.27391132743345437,-0.00011548564560620589,LLTR+,2,0.29597286653867705,0.021946053459616477,0.022061539105222683,0.022061539105222683,0.022061539105222683,1
0.02,0.0002,21.112347052280313,0.04736564805057955,0.2732922779367615,0.1320350483397676,21,-1.3877787807814457e-16,0.0,LL+,1,0.2731657782345075,-0.00012649970225397933,LLTR+,2,0.29520638397798515,0.02191410604122368,LL+,1,0.2731657782345075,-0.00012649970225397933,LLTR+,2,0.29520638397798515,0.02191410604122368,0.02204060574347766,0.02204060574347766,0.02204060574347766,1
0.02,0.0002,21.21245828698554,0.047142108023072886,0.2725650467333984,0.13191042477443266,21,-1.0013753715121254e-11,0.0,LL+,1,0.27242734407155345,-0.00013770266184492952,LLTR+,2,0.29444705635868157,0.021882009625283194,LL+,1,0.27242734407155345,-0.00013770266184492952,LLTR+,2,0.29444705635868157,0.021882009625283194,0.022019712287128124,0.022019712287128124,0.022019712287128124,1
0.02,0.0002,21.31256952169077,0.046920668058455114,0.2718450420380989,0.13178697199415823,21,1.1449174941446927e-16,0.0,LL+,1,0.2716959245424805,-0.0001491174956184116,LLTR+,2,0.29369478314736785,0.02184974110926896,LL+,1,0.2716959245424805,-0.0001491174956184116,LLTR+,2,0.29369478314736785,0.02184974110926896,0.021998858604887372,0.021998858604887372,0.021998858604887372,1
0.02,0.0002,21.412680756395996,0.0467012987012987,0.27113219055350624,0.13166467357754352,21,4.670847042476112e-13,0.0,LL+,1,0.27097142112294914,-0.00016076943055709503,LLTR+,2,0.2929494656891479,0.02181727513564169,LL+,1,0.27097142112294914,-0.00016076943055709503,LLTR+,2,0.2929494656891479,0.02181727513564169,0.021978044566198784,0.021978044566198784,0.021978044566198784,1
0.02,0.0002,21.512791991101224,0.04648397104446742,0.270426423501877,0.1315435134088601,21,4.142224063752309e-11,0.0,LL+,1,0.2702537371227015,-0.00017268637917550178,LLTR+,2,0.29221100716393145,0.021784583662054435,LL+,1,0.2702537371227015,-0.00017268637917550178,LLTR+,2,0.29221100716393145,0.021784583662054435,0.021957270041229937,0.021957270041229937,0.021957270041229937,1
0.02,0.0002,21.612903225806452,0.04626865671641791,0.269727677049198,0.1314234756709725,21,2.8161500909007486e-14,0.0,LL+,1,0.2695427776430843,-0.00018489940611365885,LLTR+,2,0.2914793125439512,0.02175163549475323,LL+,1,0.2695427776430843,-0.00018489940611365885,LLTR+,2,0.2914793125439512,0.02175163549475323,0.02193653490086689,0.02193653490086689,0.02193653490086689,1
0.02,0.0002,21.71301446051168,0.04605532786885246,0.26903589292689234,0.13130454483845477,21,-1.7659484985443896e-15,0.0,LL+,1,0.2688384495357478,-0.00019744339114452503,LLTR+,2,0.2907542885524558,0.021718395625563436,LL+,1,0.2688384495357478,-0.00019744339114452503,LLTR+,2,0.2907542885524558,0.021718395625563436,0.02191583901670796,0.02191583901670796,0.02191583901670796,1
0.02,0.0002,21.813125695216907,0.04584395716471188,0.2683510190866849,0.13118670567089638,21,-1.3627609457556034e-11,0.0,LL+,1,0.26814066136248116,-0.00021035772420374688,LLTR+,2,0.2900358436235393,0.021684824536854386,LL+,1,0.26814066136248116,-0.00021035772420374688,LLTR+,2,0.2900358436235393,0.021684824536854386,0.021895182261058133,0.021895182261058133,0.021895182261058133,1
0.02,0.0002,21.913236929922135,0.04563451776649746,0.2676730106335668,0.13106994320639184,21,6.692518067508146e-12,0.0,LL+,1,0.2674493233561494,-0.0002236872774173948,LLTR+,2,0.28932388786307284,0.021650877229506038,LL+,1,0.2674493233561494,-0.0002236872774173948,LLTR+,2,0.28932388786307284,0.021650877229506038,0.021874564506923433,0.021874564506923433,0.021874564506923433,1
0.02,0.0002,22.013348164627367,0.04542698332491157,0.26700183093524044,0.1309542427552077,23,5.978897932301663e-13,0.0,LL+,1,0.26676434738269583,-0.00023748355254460396,LLTR+,2,0.2886183330107008,0.021616502075460342,LL+,1,0.26676434738269583,-0.00023748355254460396,LLTR+,2,0.2886183330107008,0.021616502075460342,0.021853985628004946,0.021853985628004946,0.021853985628004946,1
0.02,0.0002,22.11345939933259,0.04522132796780684,0.26633745311515883,0.13083958989362182,23,2.931894310664873e-12,0.0,LL+,1,0.266085646904177,-0.00025180621098180866,LLTR+,2,0.2879190924028704,0.021581639287711563,LL+,1,0.266085646904177,-0.00025180621098180866,LLTR+,2,0.2879190924028704,0.021581639287711563,0.02183344549869337,0.02183344549869337,0.02183344549869337,1
0.02,0.0002,22.213570634037822,0.045017526289434145,0.2656798619337968,0.13072597045792905,23,1.0217174328808198e-12,0.0,LL+,1,0.2654131369427968,-0.00026672499100000024,LLTR+,2,0.2872260809368604,0.021546219003063638,LL+,1,0.2654131369427968,-0.00026672499100000024,LLTR+,2,0.2872260809368604,0.021546219003063638,0.021812943994063638,0.021812943994063638,0.021812943994063638,1
0.02,0.0002,22.313681868743046,0.044815553339980066,0.26502905630309,0.1306133705386084,23,-1.3877787807814457e-16,0.0,LL+,1,0.26474673404590887,-0.00028232225718111126,LLTR+,2,0.28653921503577784,0.021510158732687856,LL+,1,0.26474673404590887,-0.00028232225718111126,LLTR+,2,0.28653921503577784,0.021510158732687856,0.021792480989868968,0.021792480989868968,0.021792480989868968,1
0.02,0.0002,22.413793103448278,0.04461538461538461,0.26438505262990875,0.13050177647464645,23,1.050201592356359e-14,0.0,LL+,1,0.26408635625195687,-0.0002986963779518792,LLTR+,2,0.28585841261449274,0.021473359984583995,LL+,1,0.26408635625195687,-0.0002986963779518792,LLTR+,2,0.28585841261449274,0.021473359984583995,0.021772056362535874,0.021772056362535874,0.021772056362535874,1
0.02,0.0002,22.513904338153505,0.04441699604743083,0.26374788936575416,0.13039117484801221,23,1.4512696600021968e-13,0.0,LL+,1,0.263431923057324,-0.00031596630843017115,LLTR+,2,0.28518359304648255,0.02143570368072839,LL+,1,0.263431923057324,-0.00031596630843017115,LLTR+,2,0.28518359304648255,0.02143570368072839,0.021751669989158562,0.021751669989158562,0.021751669989158562,1
0.02,0.0002,22.614015572858733,0.04422036399409739,0.26311763330884824,0.1302815524782788,23,-1.0604701145000561e-11,0.0,LL+,1,0.26278335538406183,-0.00033427792478640805,LLTR+,2,0.2845146771315552,0.021397043822706963,LL+,1,0.26278335538406183,-0.00033427792478640805,LLTR+,2,0.2845146771315552,0.021397043822706963,0.02173132174749337,0.02173132174749337,0.02173132174749337,1
0.02,0.0002,22.71412680756396,0.044025465230166504,0.2624943885490161,0.13017289641738733,23,2.1630267021954808e-13,0.0,LL+,1,0.26214057554847403,-0.000353813000542047,LLTR+,2,0.2838515870644278,0.021357198515411735,LL+,1,0.26214057554847403,-0.000353813000542047,LLTR+,2,0.2838515870644278,0.021357198515411735,0.021711011515953782,0.021711011515953782,0.021711011515953782,1
0.02,0.0002,22.81423804226919,0.043832276938078986,0.2618783094365159,0.13006519394454855,23,8.102893356287666e-14,0.0,LL+,1,0.2615035072305256,-0.0003748022059902878,LLTR+,2,0.28319424640413116,0.021315936967615245,LL+,1,0.2615035072305256,-0.0003748022059902878,LLTR+,2,0.28319424640413116,0.021315936967615245,0.021690739173605533,0.021690739173605533,0.021690739173605533,1
0.02,0.0002,22.914349276974416,0.043640776699029125,0.2612696200825802,0.12995843256127826,23,3.29250515740398e-14,0.0,LL+,1,0.260872075444056,-0.0003975446385242054,LLTR+,2,0.2825425800442162,0.021272959961635973,LL+,1,0.260872075444056,-0.0003975446385242054,LLTR+,2,0.2825425800442162,0.021272959961635973,0.02167050460016018,0.02167050460016018,0.02167050460016018,1
0.02,0.0002,23.014460511679644,0.043450942484291925,0.2606686446199771,0.12985259998656226,23,-8.673617379884035e-17,0.0,LL+,1,0.2602462065077671,-0.0004224381122099885,LLTR+,2,0.28189651418373873,0.02122786956376166,LL+,1,0.2602462065077671,-0.0004224381122099885,LLTR+,2,0.28189651418373873,0.02122786956376166,0.021650307675971647,0.021650307675971647,0.021650307675971647,1
0.02,0.0002,23.114571746384872,0.043262752646775746,0.26007585634403174,0.129747684152147,23,-3.1676050671336498e-15,0.0,LL+,1,0.2596258280169679,-0.0004500283270638672,LLTR+,2,0.2812559762989977,0.021180119954965937,LL+,1,0.2596258280169679,-0.0004500283270638672,LLTR+,2,0.2812559762989977,0.021180119954965937,0.021630148282029804,0.021630148282029804,0.021630148282029804,1
0.02,0.0002,23.2146829810901,0.04307618591279348,0.25949196184622714,0.1296436731979519,23,-5.48172618408671e-16,0.0,LL+,1,0.25901086881604807,-0.00048109303017906946,LLTR+,2,0.28062089511600424,0.021128933269777106,LL+,1,0.25901086881604807,-0.00048109303017906946,LLTR+,2,0.28062089511600424,0.021128933269777106,0.021610026299956175,0.021610026299956175,0.021610026299956175,1
0.02,0.0002,23.31479421579533,0.042891221374045795,0.2589180550731127,0.12954055546760004,23,3.4871411314085776e-13,0.0,LL+,1,0.2584012589716618,-0.0005167961014509448,LLTR+,2,0.2799912005836604,0.021073145510547675,LL+,1,0.2584012589716618,-0.0005167961014509448,LLTR+,2,0.2799912005836604,0.021073145510547675,0.02158994161199862,0.02158994161199862,0.02158994161199862,1
0.02,0.0002,23.414905450500555,0.04270783847980998,0.25835592518807465,0.12943831950406356,23,-2.211387323258762e-12,0.0,LL+,1,0.2577969297465994,-0.0005589954414752518,LLTR+,2,0.2793668238476259,0.021010898659551247,LL+,1,0.2577969297465994,-0.0005589954414752518,LLTR+,2,0.2793668238476259,0.021010898659551247,0.0215698941010265,0.0215698941010265,0.0215698941010265,1
0.02,0.0002,23.515016685205786,0.04252601702932828,0.2578087495730663,0.12933695404542003,23,-6.645812372640947e-12,0.0,LL+,1,0.2571978135743258,-0.0006109359987405139,LLTR+,2,0.27874769722485193,0.02093894765178561,LL+,1,0.2571978135743258,-0.0006109359987405139,LLTR+,2,0.27874769722485193,0.02093894765178561,0.021549883650526125,0.021549883650526125,0.021549883650526125,1
0.02,0.0002,23.61512791991101,0.04234573716439002,0.2572829497227818,0.12923644802071693,23,5.287437154777308e-15,0.0,LL+,1,0.2566038440341678,-0.0006791056886140123,LLTR+,2,0.27813375417876285,0.02085080445598103,LL+,1,0.2566038440341678,-0.0006791056886140123,LLTR+,2,0.27813375417876285,0.02085080445598103,0.021529910144595044,0.021529910144595044,0.021529910144595044,1
0.02,0.0002,23.715239154616242,0.04216697936210131,0.2567948031533693,0.129136790545941,23,-2.7302118899008576e-12,0.0,LL+,1,0.2560149558271282,-0.0007798473262410899,LLTR+,2,0.27752492929506667,0.02073012614169739,LL+,1,0.2560149558271282,-0.0007798473262410899,LLTR+,2,0.27752492929506667,0.02073012614169739,0.02150997346793848,0.02150997346793848,0.02150997346793848,1
0.02,0.0002,23.81535038932147,0.04198972442783746,0.2564142920727517,0.1290379709200889,23,-2.0539125955565396e-15,0.0,LL+,1,0.25543108475231147,-0.0009832073204402159,LLTR+,2,0.2769211582581751,0.02050686618542341,LL+,1,0.25543108475231147,-0.0009832073204402159,LLTR+,2,0.2769211582581751,0.02050686618542341,0.021490073505863627,0.021490073505863627,0.021490073505863627,1
0.02,0.0002,23.915461624026698,0.041813953488372094,0.2752756410856067,0.12893997862133694,23,3.3372610230841815e-14,0.0,LL+,1,0.2548521676839404,-0.02042347340166628,LLTR+,2,0.2763223778282159,0.001046736742609189,LL+,1,0.2548521676839404,-0.02042347340166628,LLTR+,2,0.2763223778282159,0.001046736742609189,0.02147021014427547,0.02147021014427547,0.02147021014427547,1
0.02,0.0002,24.015572858731925,0.04163964798517832,0.27492738675146655,0.12884280330330644,25,5.793976409762536e-15,0.0,LL+,1,0.2542781425489484,-0.020649244202518124,LLTR+,2,0.2757285258186203,0.0008011390671537333,LL+,1,0.2542781425489484,-0.020649244202518124,LLTR+,2,0.2757285258186203,0.0008011390671537333,0.021450383269671858,0.021450383269671858,0.021450383269671858,1
0.02,0.0002,24.115684093437153,0.04146678966789668,0.2744475018478346,0.1287464347914219,25,2.473715676742927e-15,0.0,LL+,1,0.25370894830512947,-0.02073855354270515,LLTR+,2,0.2751395410742684,0.0006920392264337938,LL+,1,0.25370894830512947,-0.02073855354270515,LLTR+,2,0.2751395410742684,0.0006920392264337938,0.021430592769138945,0.021430592769138945,0.021430592769138945,1
0.02,0.0002,24.21579532814238,0.04129536058796509,0.27393506910331067,0.12865086307936005,25,-8.455042221910958e-15,0.0,LL+,1,0.25314452491982975,-0.02079054418348092,LLTR+,2,0.27455536345017684,0.0006202943468661681,LL+,1,0.25314452491982975,-0.02079054418348092,LLTR+,2,0.27455536345017684,0.0006202943468661681,0.021410838530347087,0.021410838530347087,0.021410838530347087,1
0.02,0.0002,24.31590656284761,0.04112534309240622,0.27340956304593167,0.12855607832558597,25,-1.0197502564590621e-12,0.0,LL+,1,0.25258481334916677,-0.0208247496967649,LLTR+,2,0.2739759337907124,0.0005663707447807198,LL+,1,0.25258481334916677,-0.0208247496967649,LLTR+,2,0.2739759337907124,0.0005663707447807198,0.02139112044154562,0.02139112044154562,0.02139112044154562,1
0.02,0.0002,24.416017797552836,0.040956719817767655,0.2728782821107816,0.12846207084997496,25,-5.724587470723463e-16,0.0,LL+,1,0.2520297555177584,-0.020848526593023164,LLTR+,2,0.2734011939093175,0.0005229117985359188,LL+,1,0.2520297555177584,-0.020848526593023164,LLTR+,2,0.2734011939093175,0.0005229117985359188,0.021371438391559083,0.021371438391559083,0.021371438391559083,1
0.02,0.0002,24.516129032258064,0.04078947368421053,0.2723447479159187,0.1283688311305169,25,-2.1748922107711621e-13,0.0,LL+,1,0.25147929429894944,-0.02086545361696923,LLTR+,2,0.2728310865687318,0.00048633865281311195,LL+,1,0.25147929429894944,-0.02086545361696923,LLTR+,2,0.2728310865687318,0.00048633865281311195,0.021351792269782344,0.021351792269782344,0.021351792269782344,1
0.02,0.0002,24.616240266963295,0.04062358788974243,0.27181091783005845,0.12827634980010091,25,-2.2641610808449286e-14,0.0,LL+,1,0.25093337349552036,-0.02087754433453809,LLTR+,2,0.27226555546169673,0.0004546376316382772,LL+,1,0.25093337349552036,-0.02087754433453809,LLTR+,2,0.27226555546169673,0.0004546376316382772,0.021332181966176367,0.021332181966176367,0.021332181966176367,1
0.02,0.0002,24.71635150166852,0.040459045904590464,0.27127798278695464,0.12818461764337868,25,2.3592239273284576e-16,0.0,LL+,1,0.2503919378208649,-0.020886044966089756,LLTR+,2,0.27170454519212883,0.0004265624051741912,LL+,1,0.2503919378208649,-0.020886044966089756,LLTR+,2,0.27170454519212883,0.0004265624051741912,0.021312607371263947,0.021312607371263947,0.021312607371263947,1
0.02,0.0002,24.81646273637375,0.04029583146571044,0.2707467137557755,0.12809362559370308,25,-2.3656632208712836e-12,0.0,LL+,1,0.24985493288062305,-0.020891780875152477,LLTR+,2,0.2711480012567483,0.0004012875009727912,LL+,1,0.24985493288062305,-0.020891780875152477,LLTR+,2,0.2711480012567483,0.0004012875009727912,0.021293068376125268,0.021293068376125268,0.021293068376125268,1
0.02,0.0002,24.916573971078975,0.04013392857142858,0.270217632349495,0.12800336473014096,25,-4.406267017920129e-13,0.0,LL+,1,0.24932230515475748,-0.020895327194737495,LLTR+,2,0.27059587002715146,0.00037823767765648997,LL+,1,0.24932230515475748,-0.020895327194737495,LLTR+,2,0.27059587002715146,0.00037823767765648997,0.021273564872393985,0.021273564872393985,0.021273564872393985,1
0.02,0.0002,25.016685205784206,0.039973321476211646,0.26969110286402487,0.1279138262745575,25,-2.392006037688077e-11,0.0,LL+,1,0.24879400198005933,-0.02089710088396554,LLTR+,2,0.27004809873231184,0.00035699586828696894,LL+,1,0.24879400198005933,-0.02089710088396554,LLTR+,2,0.27004809873231184,0.00035699586828696894,0.02125409675225251,0.02125409675225251,0.02125409675225251,1
0.02,0.0002,25.116796440489434,0.039813994685562445,0.26916738557577174,0.12782500158877058,25,-1.3291659439751413e-12,0.0,LL+,1,0.24826997153307317,-0.02089741404269857,LLTR+,2,0.2695046354415016,0.0003372498657298606,LL+,1,0.24826997153307317,-0.02089741404269857,LLTR+,2,0.2695046354415016,0.0003372498657298606,0.02123466390842843,0.02123466390842843,0.02123466390842843,1
0.02,0.0002,25.216907675194662,0.03965593295103661,0.26864666924842195,0.12773688217177243,25,1.1157741397482823e-14,0.0,LL+,1,0.2477501628134282,-0.020896506434993745,LLTR+,2,0.2689654290476181,0.0003187597991961555,LL+,1,0.2477501628134282,-0.020896506434993745,LLTR+,2,0.2689654290476181,0.0003187597991961555,0.0212152662341899,0.0212152662341899,0.0212152662341899,1
0.02,0.0002,25.31701890989989,0.03949912126537786,0.26812909202066315,0.12764945965701766,25,4.475586568020162e-16,0.0,LL+,1,0.24723452562756545,-0.020894566393097697,LLTR+,2,0.2684304292509073,0.0003013372302441697,LL+,1,0.24723452562756545,-0.020894566393097697,LLTR+,2,0.2684304292509073,0.0003013372302441697,0.021195903623341866,0.021195903623341866,0.021195903623341866,1
0.02,0.0002,25.417130144605117,0.03934354485776805,0.26761475520599365,0.12756272580977518,25,-6.385794670826783e-13,0.0,LL+,1,0.2467230105728487,-0.020891744633144943,LLTR+,2,0.26789958654307067,0.00028483133707701835,LL+,1,0.2467230105728487,-0.020891744633144943,LLTR+,2,0.26789958654307067,0.00028483133707701835,0.02117657597022196,0.02117657597022196,0.02117657597022196,1
0.02,0.0002,25.517241379310345,0.03918918918918919,0.2671037327713832,0.12747667252454248,25,1.0676046852120535e-11,0.0,LL+,1,0.2462155690220505,-0.020888163749332722,LLTR+,2,0.2673728521917468,0.0002691194203635616,LL+,1,0.2462155690220505,-0.020888163749332722,LLTR+,2,0.2673728521917468,0.0002691194203635616,0.021157283169696284,0.021157283169696284,0.021157283169696284,1
0.02,0.0002,25.617352614015573,0.03903603994789405,0.26659607799012364,0.12739129182252046,25,-8.673617379884035e-17,0.0,LL+,1,0.24571215310820085,-0.020883924881922783,LLTR+,2,0.2668501782253566,0.0002541002352329791,LL+,1,0.24571215310820085,-0.020883924881922783,LLTR+,2,0.2668501782253566,0.0002541002352329791,0.021138025117155762,0.021138025117155762,0.021138025117155762,1
0.02,0.0002,25.717463848720804,0.03888408304498269,0.26609182826325734,0.12730657584914734,25,-7.586292705141773e-14,0.0,LL+,1,0.24521271570979072,-0.02087911255346661,LLTR+,2,0.26633151741830263,0.0002396891550452973,LL+,1,0.24521271570979072,-0.02087911255346661,LLTR+,2,0.26633151741830263,0.0002396891550452973,0.02111880170851191,0.02111880170851191,0.02111880170851191,1
0.02,0.0002,25.81757508342603,0.03873330461008186,0.2655910086250837,0.12722251687169014,25,-3.6898609168112273e-13,0.0,LL+,1,0.24471721043631914,-0.020873798188764586,LLTR+,2,0.26581682327651246,0.00022581465142873514,LL+,1,0.24471721043631914,-0.020873798188764586,LLTR+,2,0.26581682327651246,0.00022581465142873514,0.02109961284019332,0.02109961284019332,0.02109961284019332,1
0.02,0.0002,25.91768631813126,0.03858369098712446,0.2650936343927482,0.1271391072768914,25,-4.729862335128843e-13,0.0,LL+,1,0.24422559161417548,-0.02086804277857271,LLTR+,2,0.26530605002331686,0.00021241563056867419,LL+,1,0.24422559161417548,-0.02086804277857271,LLTR+,2,0.26530605002331686,0.00021241563056867419,0.021080458409141384,0.021080458409141384,0.021080458409141384,1
0.02,0.0002,26.017797552836484,0.038435228730226596,0.26459971317018044,0.12705633956867085,27,-9.020562075079397e-17,0.0,LL+,1,0.24373781427284777,-0.02086189889733267,LLTR+,2,0.2647991525856547,0.00019943941547423405,LL+,1,0.24373781427284777,-0.02086189889733267,LLTR+,2,0.2647991525856547,0.00019943941547423405,0.021061338312806904,0.021061338312806904,0.021061338312806904,1
0.02,0.0002,26.117908787541715,0.03828790459965928,0.26410924639489086,0.12697420636587956,27,-1.6637732858093557e-13,0.0,LL+,1,0.24325383413144797,-0.020855412263442896,LLTR+,2,0.2642960865805939,0.00018684018570302996,LL+,1,0.24325383413144797,-0.020855412263442896,LLTR+,2,0.2642960865805939,0.00018684018570302996,0.021042252449145926,0.021042252449145926,0.021042252449145926,1
0.02,0.0002,26.218020022246943,0.038141705557912596,0.26362223054356015,0.12689270040010578,27,-2.2700976515244164e-11,0.0,LL+,1,0.24277360758554636,-0.02084862295801379,LLTR+,2,0.26379680830216257,0.0001745777586024122,LL+,1,0.24277360758554636,-0.02084862295801379,LLTR+,2,0.26379680830216257,0.0001745777586024122,0.021023200716616203,0.021023200716616203,0.021023200716616203,1
0.02,0.0002,26.31813125695217,0.03799661876584953,0.2631386581046218,0.12681181451353063,27,-8.856977651294784e-13,0.0,LL+,1,0.2422970916943057,-0.020841566410316092,LLTR+,2,0.2633012747084793,0.00016261660385752386,LL+,1,0.2422970916943057,-0.020841566410316092,LLTR+,2,0.2633012747084793,0.00016261660385752386,0.021004183014173616,0.021004183014173616,0.021004183014173616,1
0.02,0.0002,26.4182424916574,0.03785263157894737,0.26265851830454734,0.12673154165683265,27,-1.4382300905779744e-11,0.0,LL+,1,0.24182424416790868,-0.02083427413663866,LLTR+,2,0.26280944340917667,0.00015092510462932918,LL+,1,0.24182424416790868,-0.02083427413663866,LLTR+,2,0.26280944340917667,0.00015092510462932918,0.020985199241267988,0.020985199241267988,0.020985199241267988,1
0.02,0.0002,26.518353726362626,0.037709731543624156,0.26218179777602085,0.12665187488713997,27,4.287614360776182e-11,0.0,LL+,1,0.24135502335526957,-0.020826774420751287,LLTR+,2,0.2623212726531098,0.0001394748770889298,LL+,1,0.24135502335526957,-0.020826774420751287,LLTR+,2,0.2623212726531098,0.0001394748770889298,0.020966249297840217,0.020966249297840217,0.020966249297840217,1
0.02,0.0002,26.618464961067854,0.03756790639364814,0.2617084809890065,0.12657280736602833,27,-3.256821895503137e-12,0.0,LL+,1,0.24088938823202363,-0.020819092756982877,LLTR+,2,0.2618367213163416,0.00012824032733510515,LL+,1,0.24088938823202363,-0.020819092756982877,LLTR+,2,0.2618367213163416,0.00012824032733510515,0.02094733308431798,0.02094733308431798,0.02094733308431798,1
0.02,0.0002,26.718576195773082,0.03742714404662781,0.26123855075488994,0.12649433235756452,27,-4.4689946188114504e-12,0.0,LL+,1,0.24042729838878604,-0.0208112523661039,LLTR+,2,0.2613557488903986,0.00011719813550864489,LL+,1,0.24042729838878604,-0.0208112523661039,LLTR+,2,0.2613557488903986,0.00011719813550864489,0.020928450501612544,0.020928450501612544,0.020928450501612544,1
0.02,0.0002,26.81868743047831,0.03728743260058067,0.26077198849150107,0.12641644322639323,27,-7.347879249497424e-12,0.0,LL+,1,0.2399687140196742,-0.020803274471826866,LLTR+,2,0.26087831547078943,0.00010632697928836254,LL+,1,0.2399687140196742,-0.020803274471826866,LLTR+,2,0.26087831547078943,0.00010632697928836254,0.02090960145111523,0.02090960145111523,0.02090960145111523,1
0.02,0.0002,26.918798665183537,0.03714876033057851,0.2603087745468862,0.12633913343586703,27,-9.082998242426754e-12,0.0,LL+,1,0.2395135959110861,-0.020795178635800132,LLTR+,2,0.2604043817457795,9.560719889328828e-05,LL+,1,0.2395135959110861,-0.020795178635800132,LLTR+,2,0.2604043817457795,9.560719889328828e-05,0.02089078583469342,0.02089078583469342,0.02089078583469342,1
0.02,0.0002,27.018909899888765,0.03701111568546727,0.2598488884353317,0.12626239654621751,27,-7.382254529897381e-13,0.0,LL+,1,0.23906190543072767,-0.020786983004604048,LLTR+,2,0.2599339089854158,8.50205500840806e-05,LL+,1,0.23906190543072767,-0.020786983004604048,LLTR+,2,0.2599339089854158,8.50205500840806e-05,0.02087200355468813,0.02087200355468813,0.02087200355468813,1
0.02,0.0002,27.119021134593993,0.03687448728465956,0.2593923090380794,0.1261862262127672,27,-1.0798195670957966e-11,0.0,LL+,1,0.23861360451688385,-0.020778704521195568,LLTR+,2,0.25946685903079314,7.454999271372387e-05,LL+,1,0.23861360451688385,-0.020778704521195568,LLTR+,2,0.25946685903079314,7.454999271372387e-05,0.020853254513909292,0.020853254513909292,0.020853254513909292,1
0.02,0.0002,27.21913236929922,0.036738863914997956,0.2589390147964685,0.12611061618418087,27,-1.2462253451417382e-14,0.0,LL+,1,0.23816865566792608,-0.020770359128542443,LLTR+,2,0.2590031942835596,6.417948709108723e-05,LL+,1,0.23816865566792608,-0.020770359128542443,LLTR+,2,0.2590031942835596,6.417948709108723e-05,0.02083453861563353,0.02083453861563353,0.02083453861563353,1
0.02,0.0002,27.319243604004452,0.036604234527687296,0.2584889838475205,0.1260355603007552,27,-7.875644580934704e-16,0.0,LL+,1,0.23772702193205045,-0.020761961915470056,LLTR+,2,0.2585428776956502,5.389384812970466e-05,LL+,1,0.23772702193205045,-0.020761961915470056,LLTR+,2,0.2585428776956502,5.389384812970466e-05,0.02081585576359976,0.02081585576359976,0.02081585576359976,1
0.02,0.0002,27.41935483870968,0.036470588235294116,0.2580421941767136,0.12596105249274597,27,-3.3063829452117943e-15,0.0,LL+,1,0.23728866689724068,-0.02075352727947291,LLTR+,2,0.2580858727592473,4.367858253373491e-05,LL+,1,0.23728866689724068,-0.02075352727947291,LLTR+,2,0.2580858727592473,4.367858253373491e-05,0.020797205862006646,0.020797205862006646,0.020797205862006646,1
0.02,0.0002,27.519466073414907,0.03633791430881164,0.2575986237259814,0.125887086778732,27,-4.769257905268276e-11,0.0,LL+,1,0.23685355468145028,-0.020745069044531134,LLTR+,2,0.2576321434969593,3.351977097787451e-05,LL+,1,0.23685355468145028,-0.020745069044531134,LLTR+,2,0.2576321434969593,3.351977097787451e-05,0.020778588815509008,0.020778588815509008,0.020778588815509008,1
0.02,0.0002,27.619577308120135,0.03620620217478856,0.2571582505391154,0.1258136572640141,27,1.457167719820518e-16,0.0,LL+,1,0.23642164992299794,-0.020736600616117457,LLTR+,2,0.2571816544522122,2.340391309679779e-05,LL+,1,0.23642164992299794,-0.020736600616117457,LLTR+,2,0.2571816544522122,2.340391309679779e-05,0.020760004529214254,0.020760004529214254,0.020760004529214254,1
0.02,0.0002,27.719688542825363,0.03607544141252006,0.2567210527972707,0.12574075813904945,27,8.824191377598822e-14,0.0,LL+,1,0.23599291777117168,-0.02072813502609902,LLTR+,2,0.2567343706798513,1.3317882580576867e-05,LL+,1,0.23599291777117168,-0.02072813502609902,LLTR+,2,0.2567343706798513,1.3317882580576867e-05,0.020741452908679597,0.020741452908679597,0.020741452908679597,1
0.02,0.0002,27.81979977753059,0.03594562175129948,0.25628700898041384,0.12566838367791897,27,-3.3652976239029186e-12,0.0,LL+,1,0.23556732387703497,-0.020719685103378876,LLTR+,2,0.2562902577369437,3.2487565298500165e-06,LL+,1,0.23556732387703497,-0.020719685103378876,LLTR+,2,0.2562902577369437,3.2487565298500165e-06,0.020722933859908726,0.020722933859908726,0.020722933859908726,1
0.02,0.0002,27.91991101223582,0.03581673306772908,0.2558560979260961,0.1255965282368285,27,-1.2677674882111134e-11,0.0,LLTR+,2,0.2558492816737796,-6.816252316466098e-06,LL+,2,0.3189622317126347,0.06310613378653862,LL+,1,0.23514483438443132,-0.020711263541664776,LLTR+,2,0.2558492816737796,-6.816252316466098e-06,0.06311295003885509,0.02070444728934831,0.02070444728934831,1
0.02,0.0002,28.020022246941046,0.035688765383088523,0.25542829892917657,0.12552518625264136,29,7.802786194943678e-15,0.0,LLTR+,2,0.25541140902506676,-1.6889904109806952e-05,LL+,2,0.3182526520983371,0.06282435316916052,LL+,1,0.23472541592118154,-0.020702883007995027,LLTR+,2,0.25541140902506676,-1.6889904109806952e-05,0.06284124307327033,0.02068599310388522,0.02068599310388522,1
0.02,0.0002,28.120133481646274,0.035561708860759496,0.2550035918173853,0.1254543522414429,29,4.5553838479150954e-15,0.0,LLTR+,2,0.25497660680131207,-2.6985016073233226e-05,LL+,2,0.31754814877234017,0.06254455695495487,LL+,1,0.23430903559046887,-0.020694556226916433,LLTR+,2,0.25497660680131207,-2.6985016073233226e-05,0.0625715419710281,0.0206675712108432,0.0206675712108432,1
0.02,0.0002,28.220244716351502,0.035435553803705166,0.254581957056803,0.12538402079713512,29,-1.349614864309956e-15,0.0,LLTR+,2,0.2545448424803873,-3.711457641569771e-05,LL+,2,0.31684866767707065,0.06226671062026767,LL+,1,0.23389566096240763,-0.020686296094395346,LLTR+,2,0.2545448424803873,-3.711457641569771e-05,0.06230382519668337,0.020649181517979648,0.020649181517979648,1
0.02,0.0002,28.32035595105673,0.03531029065200314,0.25416337583678245,0.12531418659006127,29,-2.0794130306533987e-13,0.0,LLTR+,2,0.25411608399927355,-4.7291837508900425e-05,LL+,2,0.31615415551936654,0.061990779682584096,LL+,1,0.23348526006579054,-0.020678115770991906,LLTR+,2,0.25411608399927355,-4.7291837508900425e-05,0.062038071520093,0.020630823933483006,0.020630823933483006,1
0.02,0.0002,28.420467185761957,0.03518590998043053,0.253747830170614,0.12524484436565952,29,-2.598615767013257e-15,0.0,LLTR+,2,0.2536902997459801,-5.753042463385594e-05,LL+,2,0.31546455975701393,0.061716729586399954,LL+,1,0.2330778013800108,-0.020670028790603173,LLTR+,2,0.2536902997459801,-5.753042463385594e-05,0.06177426001103381,0.020612498365969317,0.020612498365969317,1
0.02,0.0002,28.520578420467185,0.03506240249609985,0.25333530300497886,0.1251759889431452,29,2.3378896041315045e-11,0.0,LLTR+,2,0.2532674585516328,-6.784445334606648e-05,LL+,2,0.3147798285855671,0.061444525580588216,LL+,1,0.2326732538271537,-0.02066204917782516,LLTR+,2,0.2532674585516328,-6.784445334606648e-05,0.06151237003393428,0.020594204724479093,0.020594204724479093,1
0.02,0.0002,28.620689655172416,0.034939759036144574,0.2529257783170969,0.1251076152142201,29,-1.5028447236664633e-11,0.0,LLTR+,2,0.25284752968272983,-7.824863436706186e-05,LL+,2,0.31409991092544554,0.06117413260834864,LL+,1,0.2322715867642549,-0.020654191552841983,LLTR+,2,0.25284752968272983,-7.824863436706186e-05,0.0612523812427157,0.02057594291847492,0.02057594291847492,1
0.02,0.0002,28.720800889877644,0.03481797056545313,0.2525192412895896,0.12503971814180964,29,2.7551919079549236e-13,0.0,LLTR+,2,0.25243048283355785,-8.875845603173449e-05,LL+,2,0.3134247564093008,0.06090551511971121,LL+,1,0.23187276997572012,-0.020646471313869458,LLTR+,2,0.25243048283355785,-8.875845603173449e-05,0.06099427357574294,0.020557712857837723,0.020557712857837723,1
0.02,0.0002,28.820912124582872,0.034697028174450015,0.2521156783991422,0.12497229275882539,29,1.6654143342176297e-12,0.0,LLTR+,2,0.25201628811876753,-9.939028037464492e-05,LL+,2,0.3127543153696465,0.06063863697050431,LL+,1,0.2314767736659028,-0.02063890473323937,LLTR+,2,0.25201628811876753,-9.939028037464492e-05,0.060738027250878956,0.020539514452864727,0.020539514452864727,1
0.02,0.0002,28.9210233592881,0.034576923076923075,0.2517150776203949,0.12490533416695412,29,-5.188391383192936e-12,0.0,LLTR+,2,0.2516049160661019,-0.0001101615542929979,LL+,2,0.31208853882674503,0.06037346120635012,LL+,1,0.23108356845183645,-0.020631509168558465,LLTR+,2,0.2516049160661019,-0.0001101615542929979,0.06048362276064312,0.020521347614265467,0.020521347614265467,1
0.02,0.0002,29.021134593993327,0.03445764660789574,0.2513174286086086,0.12483883753547138,29,-2.0747292772682613e-15,0.0,LLTR+,2,0.2511963376092766,-0.00012109099933199641,LL+,2,0.3114273784767456,0.060109949868137,LL+,1,0.23069312535611666,-0.020624303252491955,LLTR+,2,0.2511963376092766,-0.00012109099933199641,0.060231040867469,0.020503212253159958,0.020503212253159958,1
0.02,0.0002,29.121245828698555,0.034339190221543164,0.25092272291479883,0.12477279810007982,29,5.430138977358112e-12,0.0,LLTR+,2,0.2507905240810059,-0.0001321988337929514,LL+,2,0.3107707866800665,0.05984806376526769,LL+,1,0.23030541579993058,-0.020617307114868255,LLTR+,2,0.2507905240810059,-0.0001321988337929514,0.05998026259906064,0.020485108281075304,0.020485108281075304,1
0.02,0.0002,29.221357063403783,0.03422154548915112,0.25053095425215055,0.12470721116177126,29,1.1358275431305742e-13,0.0,LLTR+,2,0.2503874472061719,-0.0001435070459786525,LL+,2,0.31011871645001576,0.05958776219786521,LL+,1,0.22992041159622917,-0.020610542655921382,LLTR+,2,0.2503874472061719,-0.0001435070459786525,0.059731269243843865,0.02046703560994273,0.02046703560994273,1
0.02,0.0002,29.32146829810901,0.03410470409711684,0.2501421188104989,0.12464207208571215,29,1.2177758801357186e-15,0.0,LLTR+,2,0.24998707909513498,-0.00015503971536393046,LL+,2,0.30947112144164646,0.05932900263114754,LL+,1,0.22953808494303976,-0.020604033867459154,LLTR+,2,0.24998707909513498,-0.00015503971536393046,0.05948404234651147,0.020448994152095223,0.020448994152095223,1
0.02,0.0002,29.42157953281424,0.03398865784499055,0.24975621562453673,0.12457737630015174,29,2.925634387529463e-11,0.0,LLTR+,2,0.24958939223717935,-0.00016682338735737878,LL+,2,0.30882795594083756,0.05907174031630083,LL+,1,0.22915840841691493,-0.020597807207621804,LLTR+,2,0.24958939223717935,-0.00016682338735737878,0.05923856370365821,0.020430983820264426,0.020430983820264426,1
0.02,0.0002,29.521690767519466,0.033873398643556894,0.2493732469961121,0.12451311929535247,29,-2.2445226233180904e-11,0.0,LLTR+,2,0.24919435949409255,-0.0001788875020195535,LL+,2,0.3081891748535983,0.05881592785748621,LL+,1,0.22878135496651444,-0.020591892029597658,LLTR+,2,0.24919435949409255,-0.0001788875020195535,0.058994815359505764,0.020413004527578105,0.020413004527578105,1
0.02,0.0002,29.621802002224694,0.033758918512955316,0.2489932191101816,0.12444929662254209,29,-1.734723475976807e-17,0.0,LLTR+,2,0.24880195409387498,-0.00019126501630661874,LL+,2,0.30755473369558894,0.05856151458540734,LL+,1,0.22840689790631782,-0.020586321203863778,LLTR+,2,0.24880195409387498,-0.00019126501630661874,0.05875277960171396,0.02039505618755716,0.02039505618755716,1
0.02,0.0002,29.72191323692992,0.033645209580838324,0.24861614261348342,0.12438590389288687,29,-3.4659775050016606e-15,0.0,LLTR+,2,0.24841214962457683,-0.00020399298890658168,LL+,2,0.30692458858185356,0.05830844596837015,LL+,1,0.2280350109104636,-0.02058113170301981,LLTR+,2,0.24841214962457683,-0.00020399298890658168,0.05851243895727673,0.02037713871411323,0.02037713871411323,1
0.02,0.0002,29.82202447163515,0.033532264080566955,0.24824203351281798,0.12432293677648559,29,1.0189765697887765e-14,0.0,LLTR+,2,0.24802492002825846,-0.0002171134845595224,LL+,2,0.3062986962167594,0.05805666270394144,LL+,1,0.22766566800671276,-0.020576365506105226,LLTR+,2,0.24802492002825846,-0.0002171134845595224,0.058273776188500964,0.020359252021545704,0.020359252021545704,1
0.02,0.0002,29.92213570634038,0.03342007434944238,0.24787091419370683,0.12426039100138364,29,-3.0199107103889844e-13,0.0,LLTR+,2,0.24764023959507275,-0.00023067459863407302,LL+,2,0.30567701388413815,0.05780609969043132,LL+,1,0.22729884357053345,-0.020572070623173372,LLTR+,2,0.24764023959507275,-0.00023067459863407302,0.058036774289065396,0.0203413960245393,0.0203413960245393,1
0.02,0.0002,30.02224694104561,0.03330863282697295,0.24750281474948677,0.12419826235260693,31,-3.101685575046531e-15,0.0,LLTR+,2,0.24725808295746535,-0.0002447317920214187,LL+,2,0.30505949943762456,0.057556684688137794,LL+,1,0.22693451231930392,-0.020568302430182844,LLTR+,2,0.24725808295746535,-0.0002447317920214187,0.05780141648015921,0.020323570638161426,0.020323570638161426,1
0.02,0.0002,30.122358175750836,0.033197932053175776,0.2471377746771135,0.124136546671215,31,-2.2886137429622977e-11,0.0,LLTR+,2,0.2468784250844904,-0.0002593495926231093,LL+,2,0.30444611129118815,0.05730833661407464,LL+,1,0.2265726493066311,-0.020565125370482412,LLTR+,2,0.2468784250844904,-0.0002593495926231093,0.05756768620669775,0.020305775777859303,0.020305775777859303,1
0.02,0.0002,30.222469410456064,0.03308796466691203,0.24677584512016526,0.12407523985337296,31,5.481313319899428e-12,0.0,LLTR+,2,0.24650124127623982,-0.0002746038439254417,LL+,2,0.30383680840985217,0.057060963289686906,LL+,1,0.22621322991678197,-0.02056261520338329,LLTR+,2,0.24650124127623982,-0.0002746038439254417,0.05733556713361235,0.020288011359457847,0.020288011359457847,1
0.02,0.0002,30.322580645161292,0.03297872340425532,0.24641709174269763,0.12401433784944185,31,1.675739755291339e-11,0.0,LLTR+,2,0.24612650715838238,-0.0002905845843152455,LL+,2,0.30323155030059734,0.05681445855789971,LL+,1,0.22585622985922574,-0.020560861883471893,LLTR+,2,0.24612650715838238,-0.0002905845843152455,0.057105043142214956,0.020270277299156647,0.020270277299156647,1
0.02,0.0002,30.42269187986652,0.032870201096892135,0.2460615987073734,0.12395383666308687,31,-4.234113060164191e-14,0.0,LLTR+,2,0.24575419867681053,-0.000307400030562871,LL+,2,0.30263029700344446,0.05656869829607106,LL+,1,0.2255016251632829,-0.020559973544090504,LLTR+,2,0.24575419867681053,-0.000307400030562871,0.05687609832663393,0.020252573513527633,0.020252573513527633,1
0.02,0.0002,30.522803114571747,0.032762390670553934,0.24570947406637497,0.12389373235040332,31,3.6338987374762155e-14,0.0,LLTR+,2,0.24538429209239312,-0.00032518197398184734,LL+,2,0.302033009082713,0.05632353501633805,LL+,1,0.22514939217288046,-0.02056008189349451,LLTR+,2,0.24538429209239312,-0.00032518197398184734,0.0566487169903199,0.02023489991951266,0.02023489991951266,1
0.02,0.0002,30.622914349276975,0.03265528514347984,0.24536085726746593,0.12383402101905952,31,-3.651287605599407e-12,0.0,LLTR+,2,0.2450167639758303,-0.0003440932916356221,LL+,2,0.301439647618451,0.056078790350985064,LL+,1,0.2247995075414094,-0.020561349726056527,LLTR+,2,0.2450167639758303,-0.0003440932916356221,0.056422883642620686,0.020217256434420905,0.020217256434420905,1
0.02,0.0002,30.723025583982203,0.03254887762490948,0.24501592998519875,0.12377469882745654,31,1.1046927261837425e-12,0.0,LLTR+,2,0.24465159120260946,-0.00036433878258929075,LL+,2,0.3008501741980324,0.055834244212833645,LL+,1,0.22445194822668318,-0.020563981758515565,LLTR+,2,0.24465159120260946,-0.00036433878258929075,0.056198582995422935,0.020199642975926274,0.020199642975926274,1
0.02,0.0002,30.82313681868743,0.032443161313605196,0.24467493204085547,0.12371576198390441,31,-2.232936058277346e-12,0.0,LLTR+,2,0.24428875094805935,-0.00038618109279611734,LL+,2,0.30026455090791826,0.05558961886706279,LL+,1,0.22410669148599413,-0.02056824055486134,LLTR+,2,0.24428875094805935,-0.00038618109279611734,0.05597579995985891,0.02018205946206522,0.02018205946206522,1
0.02,0.0002,30.92324805339266,0.03233812949640288,0.2443381857253413,0.12365720674581411,31,5.1611492857261965e-14,0.0,LLTR+,2,0.24392822068249995,-0.0004099650428413537,LL+,2,0.299682740325578,0.05534455460023671,LL+,1,0.22376371487126595,-0.02057447085407535,LLTR+,2,0.24392822068249995,-0.0004099650428413537,0.055754519643078065,0.020164505811233996,0.020164505811233996,1
0.02,0.0002,31.023359288097886,0.032233775546790966,0.24400613435133267,0.12359902941890547,31,6.251776873966719e-12,0.0,LLTR+,2,0.24356997816648673,-0.0004361561848459372,LL+,2,0.29910470551156704,0.055098571160234366,LL+,1,0.2234229962243001,-0.02058313812703258,LLTR+,2,0.24356997816648673,-0.0004361561848459372,0.055534727345080304,0.020146981942186643,0.020146981942186643,1
0.02,0.0002,31.123470522803114,0.0321300929235168,0.24367940647327002,0.12354122635643013,31,-4.227521110955479e-14,0.0,LLTR+,2,0.24321400144614624,-0.0004654050271237775,LL+,2,0.2985304100017573,0.05485100352848726,LL+,1,0.22308451367211396,-0.02059489280115606,LLTR+,2,0.24321400144614624,-0.0004654050271237775,0.05531640855561104,0.020129487774032284,0.020129487774032284,1
0.02,0.0002,31.223581757508345,0.03202707516921981,0.24335892945691748,0.12348379395840955,31,-1.0408340855860843e-17,0.0,LLTR+,2,0.2428602688486016,-0.0004986606083158818,LL+,2,0.29795981779971703,0.05460088834279955,LL+,1,0.2227482456223687,-0.020610683834548782,LLTR+,2,0.2428602688486016,-0.0004986606083158818,0.055099548951115435,0.0201120232262329,0.0201120232262329,1
0.02,0.0002,31.323692992213573,0.031924715909090906,0.2430461461762881,0.12342672867088769,31,-1.886858724819973e-13,0.0,LLTR+,2,0.2425087589774855,-0.0005373871988026135,LL+,2,0.29739289336923747,0.05434674719294935,LL+,1,0.22241417075888467,-0.020631975417403442,LLTR+,2,0.2425087589774855,-0.0005373871988026135,0.054884134391751965,0.02009458821860083,0.02009458821860083,1
0.02,0.0002,31.4238042269188,0.03182300884955752,0.24274347295727342,0.12337002698519783,31,-2.0676169110167564e-13,0.0,LLTR+,2,0.24215945070853928,-0.000584022248734134,LL+,2,0.2968296016270011,0.0540861286697277,LL+,1,0.2220822680372426,-0.020661204920030818,LLTR+,2,0.24215945070853928,-0.000584022248734134,0.054670150918461835,0.020077182671296684,0.020077182671296684,1
0.02,0.0002,31.52391546162403,0.03172194777699364,0.24245541578636437,0.12331368543724347,31,-1.3241942264929918e-12,0.0,LLTR+,2,0.24181232318529552,-0.0006430926010688454,LL+,2,0.296269907935391,0.053814492149026616,LL+,1,0.2217525166804685,-0.020702899105895872,LLTR+,2,0.24181232318529552,-0.0006430926010688454,0.05445758475009546,0.020059806504827027,0.020059806504827027,1
0.02,0.0002,31.624026696329256,0.03162152655645445,0.24219195873737273,0.12325770060679286,31,9.71445146547012e-17,0.0,LLTR+,2,0.24146735581484274,-0.0007246029225299877,LL+,2,0.2957137780954354,0.05352181935806269,LL+,1,0.22142489617480096,-0.02076706256257177,LLTR+,2,0.24146735581484274,-0.0007246029225299877,0.05424642228059268,0.020042459640041782,0.020042459640041782,1
0.02,0.0002,31.724137931034484,0.03152173913043478,0.2419839183815968,0.1232020691167869,31,1.797867410502363e-14,0.0,LLTR+,2,0.24112452826367023,-0.0008593901179265728,LL+,2,0.2951611783398872,0.053177259958290396,LL+,1,0.2210993862655379,-0.020884532116058896,LLTR+,2,0.24112452826367023,-0.0008593901179265728,0.05403665007621697,0.020025141998132323,0.020025141998132323,1
0.02,0.0002,31.82424916573971,0.03142257951765117,0.2421984355023386,0.12314678763266004,31,2.42861286636753e-17,0.0,LLTR+,2,0.2407838204535914,-0.0014146150487472087,LL+,2,0.29461207532643297,0.05241363982409436,LL+,1,0.22077596695296223,-0.021422468549376378,LLTR+,2,0.2407838204535914,-0.0014146150487472087,0.05382825487284157,0.02000785350062917,0.02000785350062917,1
0.02,0.0002,31.92436040044494,0.03132404181184669,0.2931797342883633,0.12309185286167404,31,6.938893903907228e-18,0.0,LLTR+,2,0.24044521255774345,-0.05273452173061985,LL+,2,0.2940664361310307,0.0008867018426673701,LL+,2,0.2940664361310307,0.0008867018426673701,LLTR+,3,0.3074938462315313,0.014314111943168006,0.05362122357328722,0.013427410100500636,0.013427410100500636,1
0.02,0.0002,32.024471635150164,0.031226120180618273,0.29278580879442356,0.12303726155226419,33,-1.1998839422044938e-12,0.0,LLTR+,2,0.2401086849966627,-0.05267712379776085,LL+,2,0.29352422824137103,0.0007384194469474692,LL+,2,0.29352422824137103,0.0007384194469474692,LLTR+,3,0.3069436657310852,0.014157856936661661,0.05341554324470832,0.013419437489714192,0.013419437489714192,1
0.02,0.0002,32.124582869855395,0.031128808864265927,0.29233299743982694,0.12298301049339777,33,-2.1996293675385914e-15,0.0,LLTR+,2,0.23977421843443253,-0.05255877900539441,LL+,2,0.292985419550463,0.0006524221106360417,LL+,2,0.292985419550463,0.0006524221106360417,LLTR+,3,0.3063968939299052,0.014063896490078276,0.05321120111603045,0.013411474379442234,0.013411474379442234,1
0.02,0.0002,32.224694104560626,0.031032102174663442,0.2918588667902393,0.12292909651394437,33,1.2247355907213375e-12,0.0,LLTR+,2,0.23944179377490363,-0.052417073015335686,LL+,2,0.29244997835033704,0.0005911115600977235,LL+,2,0.29244997835033704,0.0005911115600977235,LLTR+,3,0.305853499102072,0.013994632311832678,0.05300818457543341,0.013403520751734954,0.013403520751734954,1
0.02,0.0002,32.32480533926585,0.030935994494150035,0.29137473872901504,0.12287551648205815,33,-3.58046925441613e-15,0.0,LLTR+,2,0.2391113921579842,-0.05226334657103085,LL+,2,0.29191787332586655,0.0005431345968515133,LL+,2,0.29191787332586655,0.0005431345968515133,LLTR+,3,0.30531344991455966,0.013938711185544628,0.05280648116788236,0.013395576588693114,0.013395576588693114,1
0.02,0.0002,32.42491657397108,0.030840480274442535,0.29088555835571955,0.12282226730457121,33,4.163336342344337e-17,0.0,LLTR+,2,0.23878299495599906,-0.0521025633997205,LL+,2,0.291389073548703,0.0005035151929834725,LL+,2,0.291389073548703,0.0005035151929834725,LLTR+,3,0.30477671542117146,0.013891157065451909,0.05260607859270397,0.013387641872468437,0.013387641872468437,1
0.02,0.0002,32.52502780867631,0.03074555403556771,0.29039392501387856,0.1227693459263985,33,4.3680337125096e-15,0.0,LLTR+,2,0.23845658377011567,-0.0519373412437629,LL+,2,0.29086354847132406,0.0004696234574455005,LL+,2,0.29086354847132406,0.0004696234574455005,LLTR+,3,0.3042432650565866,0.013849340042708047,0.0524069647012084,0.013379716585262547,0.013379716585262547,1
0.02,0.0002,32.62513904338154,0.03065121036481418,0.2899013690063089,0.12271674932995341,33,2.2304380564719395e-13,0.0,LLTR+,2,0.2381321404268363,-0.05176922857947261,LL+,2,0.29034126792118986,0.0004398989148809429,LL+,2,0.29034126792118986,0.0004398989148809429,LLTR+,3,0.3037130686305177,0.013811699624208806,0.05220912749435355,0.013371800709327863,0.013371800709327863,1
0.02,0.0002,32.72525027808676,0.030557443915703603,0.2894088629973562,0.12266447453457427,33,-1.2587153541687712e-14,0.0,LLTR+,2,0.23780964697455415,-0.05159921602280204,LL+,2,0.28982220209500786,0.0004133390976516771,LL+,2,0.28982220209500786,0.0004133390976516771,LLTR+,3,0.3031860963219746,0.013777233324618388,0.05201255512045372,0.01336389422696671,0.01336389422696671,1
0.02,0.0002,32.82536151279199,0.030464249406980684,0.28891706011584595,0.12261251859596124,33,-1.3003771670572206e-11,0.0,LLTR+,2,0.23748908568017285,-0.051427974435673096,LL+,2,0.2893063215531022,0.00038926143725626083,LL+,2,0.2893063215531022,0.00038926143725626083,LLTR+,3,0.30266231867363314,0.013745258557787188,0.05181723587292936,0.013355997120530927,0.013355997120530927,1
0.02,0.0002,32.925472747497224,0.030371621621621617,0.28842641724366563,0.12256087860562356,33,-3.333791576132228e-14,0.0,LLTR+,2,0.23717043902578738,-0.05125597821787825,LL+,2,0.2887935972138852,0.0003671799702195666,LL+,2,0.2887935972138852,0.0003671799702195666,LLTR+,3,0.3021417065863077,0.013715289342642045,0.05162315818809782,0.013348109372422479,0.013348109372422479,1
0.02,0.0002,33.02558398220245,0.030279555405860557,0.28793726404797704,0.12250955169033677,33,3.3965885659625883e-15,0.0,LLTR+,2,0.23685368970542545,-0.05108357434255159,LL+,2,0.2882840003484305,0.00034673630045345405,LL+,2,0.2882840003484305,0.00034673630045345405,LLTR+,3,0.3016242313135229,0.013686967265545857,0.051430310643005045,0.013340230965092403,0.013340230965092403,1
0.02,0.0002,33.12569521690767,0.030188045668233715,0.28744984421200803,0.1224585350116098,33,1.4883927423881005e-15,0.0,LLTR+,2,0.2365388206218478,-0.050911023590160226,LL+,2,0.2877775025751437,0.0003276583631356411,LL+,2,0.2877775025751437,0.0003276583631356411,LLTR+,3,0.30110986445618476,0.01366002024417673,0.05123868195329587,0.013332361881041088,0.013332361881041088,1
0.02,0.0002,33.225806451612904,0.030097087378640777,0.2869643412035068,0.12240782576516174,33,-2.0903983405373694e-11,0.0,LLTR+,2,0.23622581488340652,-0.05073852632010026,LL+,2,0.2872740758545296,0.0003097346510227972,LL+,2,0.2872740758545296,0.0003097346510227972,LLTR+,3,0.30059857795734757,0.01363423675384079,0.051048260971123055,0.013324502102817992,0.013324502102817992,1
0.02,0.0002,33.325917686318135,0.030006675567423226,0.2864808951404475,0.12235742118040796,33,-1.3522898079099122e-11,0.0,LLTR+,2,0.23591465580095977,-0.05056623933948773,LL+,2,0.28677369248405404,0.0002927973436065434,LL+,2,0.28677369248405404,0.0002927973436065434,LLTR+,3,0.3000903440970756,0.013609448956628079,0.05085903668309427,0.013316651613021535,0.013316651613021535,1
0.02,0.0002,33.42602892102336,0.029916805324459235,0.2859996141149487,0.12230731851995554,33,-1.7692271259139858e-12,0.0,LLTR+,2,0.23560532688484212,-0.050394287230106555,LL+,2,0.2862763250930978,0.0002767109781491306,LL+,2,0.2862763250930978,0.0002767109781491306,LLTR+,3,0.2995851354873963,0.013585521372447618,0.050670998208255685,0.013308810394298487,0.013308810394298487,1
0.02,0.0002,33.526140155728584,0.029827471798274722,0.2855205821183097,0.12225751507910766,33,-2.6585851575777752e-12,0.0,LLTR+,2,0.23529781184188897,-0.05022277027642075,LL+,2,0.2857819466380008,0.00026136451969110963,LL+,2,0.2857819466380008,0.00026136451969110963,LLTR+,3,0.29908292506734524,0.013562342949035522,0.05048413479611186,0.013300978429344412,0.013300978429344412,1
0.02,0.0002,33.626251390433815,0.02973867019517036,0.2850438646751803,0.12220800818537698,33,-6.058202550729419e-12,0.0,LLTR+,2,0.23499209457251422,-0.050051770102666066,LL+,2,0.28529053039719543,0.00024666572201514914,LL+,2,0.28529053039719543,0.00024666572201514914,LLTR+,3,0.2985836860980981,0.01353982142291782,0.050298435824681215,0.01329315570090267,0.01329315570090267,1
0.02,0.0002,33.726362625139046,0.029650395778364112,0.28456951293685534,0.1221587951980075,33,1.745131816832668e-14,0.0,LLTR+,2,0.23468815916784,-0.04988135376901534,LL+,2,0.28480204996642544,0.00023253702957010125,LL+,2,0.28480204996642544,0.00023253702957010125,LLTR+,3,0.2980873921581906,0.013517879221335238,0.05011389079858544,0.013285342191765137,0.013285342191765137,1
0.02,0.0002,33.82647385984427,0.029562643867148963,0.2840975667173985,0.12210987350750506,33,-7.184950551186731e-12,0.0,LLTR+,2,0.2343859899068772,-0.049711576810521296,LL+,2,0.2843164792540509,0.00021891253665240473,LL+,2,0.2843164792540509,0.00021891253665240473,LLTR+,3,0.2975940171388225,0.013496450421424,0.0499304893471737,0.013277537884771595,0.013277537884771595,1
0.02,0.0002,33.9265850945495,0.029475409836065572,0.2836280568125945,0.12206124053517606,33,6.8660355179162025e-15,0.0,LLTR+,2,0.23408557125375587,-0.04954248555883864,LL+,2,0.2838337924764358,0.00020573566384129993,LL+,2,0.2838337924764358,0.00020573566384129993,LLTR+,3,0.2971035352392448,0.013475478426650311,0.04974822122267994,0.013269742762809011,0.013269742762809011,1
0.02,0.0002,34.02669632925473,0.029388689114089567,0.2831610067398024,0.12201289373267445,35,-3.397282455352979e-14,0.0,LLTR+,2,0.23378688785500484,-0.049374118884797535,LL+,2,0.28335396415341674,0.00019295741361435859,LL+,2,0.28335396415341674,0.00019295741361435859,LLTR+,3,0.296615920962229,0.013454914222426617,0.049567076298411894,0.013261956808812259,0.013261956808812259,1
0.02,0.0002,34.12680756395996,0.029302477183833116,0.28269643412622003,0.12196483058155647,35,1.1052270210143433e-13,0.0,LLTR+,2,0.2334899245368788,-0.049206509589341224,LL+,2,0.2828769691038522,0.00018053497763215187,LL+,2,0.2828769691038522,0.00018053497763215187,LLTR+,3,0.29613114910961547,0.013434714983395435,0.049387044566973376,0.013254180005763283,0.013254180005763283,1
0.02,0.0002,34.22691879866518,0.02921676958076048,0.2822343517795187,0.12191704859284347,35,4.4441533786354626e-13,0.0,LLTR+,2,0.23319466630273253,-0.04903968547678619,LL+,2,0.2824027824412485,0.00016843066172977927,LL+,2,0.2824027824412485,0.00016843066172977927,LLTR+,3,0.29564919477793994,0.013414842998421217,0.04920811613851597,0.013246412336691438,0.013246412336691438,1
0.02,0.0002,34.32703003337041,0.02913156189241737,0.28177476854854955,0.12186954530659219,35,4.2327252813834093e-16,0.0,LLTR+,2,0.2329010983304408,-0.04887367021810876,LL+,2,0.2819313795694644,0.00015661102091485413,LL+,2,0.2819313795694644,0.00015661102091485413,LLTR+,3,0.2951700333541373,0.013395264805587725,0.049030281239023615,0.013238653784672871,0.013238653784672871,1
0.02,0.0002,34.427141268075644,0.029046849757673663,0.2813176900104274,0.12182231829147258,35,-2.66281129090995e-11,0.0,LLTR+,2,0.2326092059698635,-0.04870848404056388,LL+,2,0.2814627361784886,0.00014504616806121362,LL+,2,0.2814627361784886,0.00014504616806121362,LLTR+,3,0.29469364051131886,0.013375950500891465,0.048853530208625096,0.013230904332830251,0.013230904332830251,1
0.02,0.0002,34.52725250278087,0.02896262886597938,0.28086311905768596,0.12177536514435301,35,-3.854611074771697e-12,0.0,LLTR+,2,0.23231897474035498,-0.04854414431733098,LL+,2,0.28099682824029204,0.00013370918260607878,LL+,2,0.28099682824029204,0.00013370918260607878,LLTR+,3,0.294219992204625,0.013356873146939063,0.04867785349993706,0.013223163964332985,0.013223163964332985,1
0.02,0.0002,34.62736373748609,0.028878894956633476,0.2804110563128357,0.12172868348989267,35,5.005974801353119e-12,0.0,LLTR+,2,0.23203039032831607,-0.04838066598451962,LL+,2,0.2805336320047511,0.0001225756919154275,LL+,2,0.2805336320047511,0.0001225756919154275,LLTR+,3,0.29374906466714823,0.013338008354312536,0.04850324167643505,0.013215432662397109,0.013215432662397109,1
0.02,0.0002,34.727474972191324,0.028795643818065344,0.2799615005500726,0.12168227098014094,35,-6.0995340722680425e-12,0.0,LLTR+,2,0.23174343858478874,-0.04821806196528383,LL+,2,0.28007312399564266,0.00011162344557008597,LL+,2,0.28007312399564266,0.00011162344557008597,LLTR+,3,0.2932808344059269,0.01331933385585432,0.04832968541085392,0.013207710410284235,0.013207710410284235,1
0.02,0.0002,34.827586206896555,0.02871287128712871,0.2795144490120153,0.12163612529414376,35,-1.1434603264248722e-13,0.0,LLTR+,2,0.23145810552309257,-0.04805634348892271,LL+,2,0.27961528100670663,0.00010083199469135273,LL+,2,0.27961528100670663,0.00010083199469135273,LLTR+,3,0.29281527819800923,0.013300829185993956,0.04815717548361406,0.013199997191302604,0.013199997191302604,1
0.02,0.0002,34.92769744160178,0.028630573248407645,0.2790698976605884,0.12159024413755677,35,-1.749989042565403e-14,0.0,LLTR+,2,0.23117437731650095,-0.04789552034408742,LL+,2,0.2791600800977778,9.018243718944552e-05,LL+,2,0.2791600800977778,9.018243718944552e-05,LLTR+,3,0.2923523730865838,0.013282475425995421,0.04798570278127687,0.013192292988805976,0.013192292988805976,1
0.02,0.0002,35.02780867630701,0.028548745633534454,0.2786278414242514,0.12154462524226496,35,2.8102520310824275e-16,0.0,LLTR+,2,0.23089224029595815,-0.047735601128293254,LL+,2,0.27870749859098265,7.965716673125067e-05,LL+,2,0.27870749859098265,7.965716673125067e-05,LLTR+,3,0.2918920963771763,0.013264254952924881,0.047815258295024504,0.01318459778619363,0.01318459778619363,1
0.02,0.0002,35.12791991101224,0.028467384420519312,0.27818827438300375,0.12149926636600902,35,-3.7397911156755725e-11,0.0,LLTR+,2,0.23061168094783466,-0.047576593435169096,LL+,2,0.27825751406700183,6.923968399807912e-05,LL+,2,0.27825751406700183,6.923968399807912e-05,LLTR+,3,0.2914344256339127,0.013246151250908944,0.047645833119167175,0.013176911566910865,0.013176911566910865,1
0.02,0.0002,35.228031145717466,0.028386485633091253,0.2777511899759938,0.12145416529201788,35,-1.0281012152724145e-13,0.0,LLTR+,2,0.23033268591172104,-0.047418504064272754,LL+,2,0.27781010436139697,5.891438540317484e-05,LL+,2,0.27781010436139697,5.891438540317484e-05,LLTR+,3,0.2909793386758446,0.013228148699850784,0.04747741844967593,0.013169234314447609,0.013169234314447609,1
0.02,0.0002,35.32814238042269,0.02830604534005038,0.2773165810853936,0.1214093198286476,35,-2.0816681711721685e-17,0.0,LLTR+,2,0.2300552419782593,-0.04726133910713429,LL+,2,0.27736524756099834,4.866647560475279e-05,LL+,2,0.27736524756099834,4.866647560475279e-05,LLTR+,3,0.29052681357333743,0.01321023248794384,0.04731000558273904,0.013161566012339088,0.013161566012339088,1
0.02,0.0002,35.42825361512792,0.028226059654631083,0.27688444023841213,0.12136472780902634,35,-6.017811249314775e-12,0.0,LLTR+,2,0.22977933608701098,-0.04710510415140115,LL+,2,0.2769229220003553,3.8481761943154336e-05,LL+,2,0.2769229220003553,3.8481761943154336e-05,LLTR+,3,0.29007682864452133,0.013192388406109201,0.047143585913344305,0.013153906644166047,0.013153906644166047,1
0.02,0.0002,35.52836484983315,0.028146524733876015,0.27645475970100564,0.12132038709070539,35,-2.1239954239860026e-14,0.0,LLTR+,2,0.22950495532436135,-0.04694980437664428,LL+,2,0.2764831062582462,2.8346557240543913e-05,LL+,2,0.2764831062582462,2.8346557240543913e-05,LLTR+,3,0.28962936245179915,0.013174602750793518,0.04697815093388483,0.013146256193552974,0.013146256193552974,1
0.02,0.0002,35.62847608453838,0.028067436778020604,0.2760275315855636,0.121276295555316,35,-1.0233203173726224e-12,0.0,LLTR+,2,0.22923208692145872,-0.046795444664104874,LL+,2,0.2760457791542468,1.824756868318289e-05,LL+,2,0.2760457791542468,1.824756868318289e-05,LLTR+,3,0.28918439379841654,0.013156862212852949,0.04681369223278806,0.013138614644169766,0.013138614644169766,1
0.02,0.0002,35.7285873192436,0.027988792029887924,0.2756027479669064,0.12123245110823203,35,-1.3915951724285947e-13,0.0,LLTR+,2,0.22896071825218858,-0.04664202971471784,LL+,2,0.2756109197453568,8.17177845036099e-06,LL+,2,0.2756109197453568,8.17177845036099e-06,LLTR+,3,0.2887419017250873,0.013139153758180866,0.0466502014931682,0.013130981979730505,0.013130981979730505,1
0.02,0.0002,35.82869855394883,0.027910586774293696,0.27518040097472624,0.12118885167823824,35,3.4655993352838976e-12,0.0,LL+,2,0.2751785073226828,-1.8936520434498227e-06,LLTR+,3,0.288301865506676,0.013121464531949789,LL+,2,0.2751785073226828,-1.8936520434498227e-06,LLTR+,3,0.288301865506676,0.013121464531949789,0.013123358183993239,0.013123358183993239,0.013123358183993239,1
0.02,0.0002,35.928809788654064,0.027832817337461298,0.27476048288866733,0.12114549521720419,35,1.4132445214087852e-13,0.0,LL+,2,0.27474852140817674,-1.1961480490596532e-05,LLTR+,3,0.28786426464893733,0.013103781760269995,LL+,2,0.27474852140817674,-1.1961480490596532e-05,LLTR+,3,0.28786426464893733,0.013103781760269995,0.013115743240760591,0.013115743240760591,0.013115743240760591,1
0.02,0.0002,36.02892102335929,0.027755480086446432,0.2743429862378457,0.1211023796997634,37,4.163336342344337e-15,0.0,LL+,2,0.27432094175142885,-2.2044486416850084e-05,LLTR+,3,0.28742907888530733,0.013086092647461633,LL+,2,0.27432094175142885,-2.2044486416850084e-05,LLTR+,3,0.28742907888530733,0.013086092647461633,0.013108137133878484,0.013108137133878484,0.013108137133878484,1
0.02,0.0002,36.12903225806451,0.02767857142857143,0.2739279038893891,0.12105950312299808,37,8.083811398051921e-16,0.0,LL+,2,0.2738957483265132,-3.215556287589072e-05,LLTR+,3,0.2869962881737502,0.013068384284361134,LL+,2,0.2738957483265132,-3.215556287589072e-05,LLTR+,3,0.2869962881737502,0.013068384284361134,0.013100539847237025,0.013100539847237025,0.013100539847237025,1
0.02,0.0002,36.229143492769744,0.027602087810868897,0.27351522914843357,0.12101686350612892,37,1.914305519656878e-12,0.0,LL+,2,0.2734729213288867,-4.2307819546894e-05,LLTR+,3,0.2865658726936565,0.01305064354522295,LL+,2,0.2734729213288867,-4.2307819546894e-05,LLTR+,3,0.2865658726936565,0.01305064354522295,0.013092951364769845,0.013092951364769845,0.013092951364769845,1
0.02,0.0002,36.329254727474975,0.027526025719534598,0.27310495585677136,0.12097445889021005,37,-3.2483390977056104e-13,0.0,LL+,2,0.2730524411723386,-5.2514684432736214e-05,LLTR+,3,0.28613781284279227,0.013032856986020913,LL+,2,0.2730524411723386,-5.2514684432736214e-05,LLTR+,3,0.28613781284279227,0.013032856986020913,0.01308537167045365,0.01308537167045365,0.01308537167045365,1
0.02,0.0002,36.4293659621802,0.027450381679389315,0.2726970785039381,0.12093228733782904,37,-1.1088005513748556e-13,0.0,LL+,2,0.27263428848599025,-6.279001794784467e-05,LLTR+,3,0.285712089234299,0.013015010730360932,LL+,2,0.27263428848599025,-6.279001794784467e-05,LLTR+,3,0.285712089234299,0.013015010730360932,0.013077800748308777,0.013077800748308777,0.013077800748308777,1
0.02,0.0002,36.52947719688543,0.02737515225334957,0.27229159233916084,0.12089034693281189,37,-1.3183898417423734e-14,0.0,LL+,2,0.2722184441113448,-7.314822781601116e-05,LLTR+,3,0.28528868269374297,0.01299709035458213,LL+,2,0.2722184441113448,-7.314822781601116e-05,LLTR+,3,0.28528868269374297,0.01299709035458213,0.013070238582398142,0.013070238582398142,0.013070238582398142,1
0.02,0.0002,36.62958843159066,0.02730033404190707,0.27188849350084654,0.1208486357799327,37,4.513403539796457e-14,0.0,LL+,2,0.2718048890993846,-8.360440146193415e-05,LLTR+,3,0.2848675742562127,0.012979080755366135,LL+,2,0.2718048890993846,-8.360440146193415e-05,LLTR+,3,0.2848675742562127,0.012979080755366135,0.013062685156828069,0.013062685156828069,0.013062685156828069,1
0.02,0.0002,36.729699666295886,0.027225923682616594,0.271487779157825,0.12080715200462826,37,8.534839501805891e-16,0.0,LL+,2,0.27139360470771634,-9.417445010867498e-05,LLTR+,3,0.28444874516346363,0.012960966005638619,LL+,2,0.27139360470771634,-9.417445010867498e-05,LLTR+,3,0.28444874516346363,0.012960966005638619,0.013055140455747294,0.013055140455747294,0.013055140455747294,1
0.02,0.0002,36.82981090100111,0.02715191784959227,0.2710894476636074,0.12076589375271721,37,-2.8830420689685e-11,0.0,LL+,2,0.27098457239776286,-0.00010487526584451734,LLTR+,3,0.28403217686111004,0.012942729197502667,LL+,2,0.27098457239776286,-0.00010487526584451734,LLTR+,3,0.28403217686111004,0.012942729197502667,0.013047604463347184,0.013047604463347184,0.013047604463347184,1
0.02,0.0002,36.92992213570634,0.02707831325301205,0.270693498767684,0.12072485919012373,37,1.4203811737889538e-12,0.0,LL+,2,0.2705777738320008,-0.00011572493568318132,LLTR+,3,0.28361785099586223,0.012924352228178226,LL+,2,0.2705777738320008,-0.00011572493568318132,LLTR+,3,0.28361785099586223,0.012924352228178226,0.013040077163861408,0.013040077163861408,0.013040077163861408,1
0.02,0.0002,37.03003337041157,0.027005106638630216,0.27029993377397915,0.12068404650260586,37,3.084038580070114e-11,0.0,LL+,2,0.27017319087124236,-0.00012674290273678723,LLTR+,3,0.2832057494128085,0.012905815638829365,LL+,2,0.27017319087124236,-0.00012674290273678723,LLTR+,3,0.2832057494128085,0.012905815638829365,0.013032558541566153,0.013032558541566153,0.013032558541566153,1
0.02,0.0002,37.1301446051168,0.02693229478729778,0.2699087558147108,0.12064345389548803,37,-2.7026991755718655e-15,0.0,LL+,2,0.26977080557196165,-0.0001379502427491519,LLTR+,3,0.282795854152741,0.0128870983380302,LL+,2,0.26977080557196165,-0.0001379502427491519,LLTR+,3,0.282795854152741,0.0128870983380302,0.013025048580779353,0.013025048580779353,0.013025048580779353,1
0.02,0.0002,37.23025583982202,0.02685987451449059,0.26951997017144463,0.12060307959339801,37,2.76743905569532e-13,0.0,LL+,2,0.2693706001836642,-0.00014936998778042332,LLTR+,3,0.28238814744952523,0.012868177278080595,LL+,2,0.2693706001836642,-0.00014936998778042332,LLTR+,3,0.28238814744952523,0.012868177278080595,0.013017547265861018,0.013017547265861018,0.013017547265861018,1
0.02,0.0002,37.33036707452725,0.026787842669845054,0.2691335845625594,0.12056292184000812,37,2.4476982940502268e-12,0.0,LL+,2,0.2689725571462983,-0.00016102741626111694,LLTR+,3,0.28198261172751116,0.012849027164951732,LL+,2,0.2689725571462983,-0.00016102741626111694,LLTR+,3,0.28198261172751116,0.012849027164951732,0.013010054581212849,0.013010054581212849,0.013010054581212849,1
0.02,0.0002,37.430478309232484,0.026716196136701335,0.2687496095845701,0.1205229788977805,37,7.495497278409147e-13,0.0,LL+,2,0.26857665908770834,-0.000172950496861779,LLTR+,3,0.2815792295989865,0.012829620014416399,LL+,2,0.26857665908770834,-0.000172950496861779,LLTR+,3,0.2815792295989865,0.012829620014416399,0.013002570511278178,0.013002570511278178,0.013002570511278178,1
0.02,0.0002,37.53058954393771,0.026644931831653822,0.26836805920819373,0.12048324904771651,37,4.216071936014032e-14,0.0,LL+,2,0.26818288882112884,-0.00018517038706489242,LLTR+,3,0.2811779838616707,0.012809924653476967,LL+,2,0.26818288882112884,-0.00018517038706489242,LLTR+,3,0.2811779838616707,0.012809924653476967,0.01299509504054186,0.01299509504054186,0.01299509504054186,1
0.02,0.0002,37.63070077864294,0.02657404670410878,0.2679889513837373,0.12044373058911015,37,-7.399011958675317e-13,0.0,LL+,2,0.267791229342718,-0.00019772204101931035,LLTR+,3,0.280778857496248,0.012789906112510685,LL+,2,0.267791229342718,-0.00019772204101931035,LLTR+,3,0.280778857496248,0.012789906112510685,0.012987628153529995,0.012987628153529995,0.012987628153529995,1
0.02,0.0002,37.73081201334817,0.026503537735849052,0.2676123087945726,0.12040442183930536,37,5.385934753743271e-13,0.0,LL+,2,0.26740166382913155,-0.0002106449654410425,LLTR+,3,0.2803818336639411,0.012769524869368498,LL+,2,0.26740166382913155,-0.0002106449654410425,LLTR+,3,0.2803818336639411,0.012769524869368498,0.01298016983480954,0.01298016983480954,0.01298016983480954,1
0.02,0.0002,37.830923248053395,0.026433401940605703,0.26723815979171606,0.12036532113345719,37,5.3224785689920395e-14,0.0,LL+,2,0.26701417563513374,-0.00022398415658231308,LLTR+,3,0.2799868957041226,0.01274873591240655,LL+,2,0.26701417563513374,-0.00022398415658231308,LLTR+,3,0.2799868957041226,0.01274873591240655,0.012972720068988863,0.012972720068988863,0.012972720068988863,1
0.02,0.0002,37.93103448275862,0.026363636363636363,0.2668665395776373,0.12032642682429678,37,-1.2035511476327088e-14,0.0,LL+,2,0.2666287482912477,-0.00023779128638956593,LLTR+,3,0.27959402713196435,0.012727487554327066,LL+,2,0.2666287482912477,-0.00023779128638956593,LLTR+,3,0.27959402713196435,0.012727487554327066,0.012965278840716632,0.012965278840716632,0.012965278840716632,1
0.02,0.0002,38.03114571746385,0.026294238081310324,0.26649749170835024,0.12028773728190001,39,-8.403337053985993e-12,0.0,LL+,2,0.2662453655014413,-0.0002521262069089536,LLTR+,3,0.27920321163612405,0.012705719927773806,LL+,2,0.2662453655014413,-0.0002521262069089536,LLTR+,3,0.27920321163612405,0.012705719927773806,0.01295784613468276,0.01295784613468276,0.01295784613468276,1
0.02,0.0002,38.13125695216908,0.026225204200700115,0.26613107005284,0.12024925089345982,39,-6.116634976294222e-15,0.0,LL+,2,0.2658640111408509,-0.00026705891198908205,LLTR+,3,0.2788144330764679,0.012683363023627936,LL+,2,0.2658640111408509,-0.00026705891198908205,LLTR+,3,0.2788144330764679,0.012683363023627936,0.012950421935617018,0.012950421935617018,0.012950421935617018,1
0.02,0.0002,38.231368186874306,0.026156531859179516,0.2657673413225651,0.12021096606306209,39,3.7365943672540425e-14,0.0,LL+,2,0.26548466925353975,-0.0002826720690253248,LLTR+,3,0.27842767548183,0.01266033415926493,LL+,2,0.26548466925353975,-0.0002826720690253248,LLTR+,3,0.27842767548183,0.01266033415926493,0.012943006228290255,0.012943006228290255,0.012943006228290255,1
0.02,0.0002,38.33147942157953,0.02608821822402786,0.2654063885017324,0.12017288121146504,39,1.9488535785150418e-11,0.0,LL+,2,0.2651073240502926,-0.0002990644514398455,LLTR+,3,0.27804292304780537,0.012636534546072942,LL+,2,0.2651073240502926,-0.0002990644514398455,LLTR+,3,0.27804292304780537,0.012636534546072942,0.012935598997512787,0.012935598997512787,0.012935598997512787,1
0.02,0.0002,38.43159065628476,0.02602026049204052,0.26504831541398294,0.1201349947758821,39,-6.186787193662724e-12,0.0,LL+,2,0.2647319599064435,-0.0003163555075394453,LLTR+,3,0.27766016013457895,0.01261184472059601,LL+,2,0.2647319599064435,-0.0003163555075394453,LLTR+,3,0.27766016013457895,0.01261184472059601,0.012928200228135456,0.012928200228135456,0.012928200228135456,1
0.02,0.0002,38.53170189098999,0.025952655889145495,0.26469325317888015,0.12009730520976812,39,1.4537676618076034e-13,0.0,LL+,2,0.26435856135973856,-0.00033469181914158597,LLTR+,3,0.2772793712647875,0.012586118085907372,LL+,2,0.26435856135973856,-0.00033469181914158597,LLTR+,3,0.2772793712647875,0.012586118085907372,0.012920809905048958,0.012920809905048958,0.012920809905048958,1
0.02,0.0002,38.63181312569522,0.025885401670025916,0.26434136916543544,0.12005981098260896,39,1.0136402134319766e-11,0.0,LL+,2,0.26398711310823175,-0.00035425605720368347,LLTR+,3,0.27690054112141527,0.012559171955979831,LL+,2,0.26398711310823175,-0.00035425605720368347,LLTR+,3,0.27690054112141527,0.012559171955979831,0.012913428013183514,0.012913428013183514,0.012913428013183514,1
0.02,0.0002,38.73192436040044,0.025818495117748422,0.26399288015698164,0.12002251057971425,39,4.85722573273506e-17,0.0,LL+,2,0.2636176000082123,-0.00037528014876930804,LLTR+,3,0.27652365454572136,0.01253077438873973,LL+,2,0.2636176000082123,-0.00037528014876930804,LLTR+,3,0.27652365454572136,0.01253077438873973,0.012906054537509037,0.012906054537509037,0.012906054537509037,1
0.02,0.0002,38.83203559510567,0.025751933543397307,0.2636480720594668,0.1199854025020135,39,6.486131076677282e-14,0.0,LL+,2,0.26325000707216595,-0.00039806498730082795,LLTR+,3,0.2761486965352009,0.012500624475734134,LL+,2,0.26325000707216595,-0.00039806498730082795,LLTR+,3,0.2761486965352009,0.012500624475734134,0.012898689463034962,0.012898689463034962,0.012898689463034962,1
0.02,0.0002,38.932146829810904,0.025685714285714284,0.2633073304709684,0.11994848526585522,39,7.735825868770974e-14,0.0,LL+,2,0.2628843194667657,-0.0004230110042026669,LLTR+,3,0.27577565224157574,0.01246832177060736,LL+,2,0.2628843194667657,-0.0004230110042026669,LLTR+,3,0.27577565224157574,0.01246832177060736,0.012891332774810027,0.012891332774810027,0.012891332774810027,1
0.02,0.0002,39.03225806451613,0.0256198347107438,0.2629711904177012,0.11991175740280918,39,-4.4986930847201734e-13,0.0,LL+,2,0.2625205225108955,-0.0004506679068056463,LLTR+,3,0.27540450696881746,0.012433316551116291,LL+,2,0.2625205225108955,-0.0004506679068056463,LLTR+,3,0.27540450696881746,0.012433316551116291,0.012883984457921938,0.012883984457921938,0.012883984457921938,1
0.02,0.0002,39.13236929922136,0.025554292211483795,0.2626404215660312,0.11987521745947172,39,2.636779683484747e-16,0.0,LL+,2,0.2621586016737022,-0.0004818198923289829,LLTR+,3,0.2750352461712,0.01239482460516883,LL+,2,0.2621586016737022,-0.0004818198923289829,LLTR+,3,0.2750352461712,0.01239482460516883,0.012876644497497813,0.012876644497497813,0.012876644497497813,1
0.02,0.0002,39.23248053392659,0.025489084207541816,0.2623161844973274,0.11983886399727407,39,1.611173000570787e-12,0.0,LL+,2,0.2617985425726791,-0.0005176419246483155,LLTR+,3,0.2746678554513823,0.012351670954054872,LL+,2,0.2617985425726791,-0.0005176419246483155,LLTR+,3,0.2746678554513823,0.012351670954054872,0.012869312878703187,0.012869312878703187,0.012869312878703187,1
0.02,0.0002,39.332591768631815,0.02542420814479638,0.26200034366619224,0.11980269559229349,39,1.4857212682350962e-13,0.0,LL+,2,0.26144033097177766,-0.00056001269441458,LLTR+,3,0.2743023205585202,0.012301976892327982,LL+,2,0.26144033097177766,-0.00056001269441458,LLTR+,3,0.2743023205585202,0.012301976892327982,0.012861989586742562,0.012861989586742562,0.012861989586742562,1
0.02,0.0002,39.43270300333704,0.02535966149506347,0.2616961740398787,0.1197667108350674,39,7.28583859910259e-16,0.0,LL+,2,0.26108395277954854,-0.0006122212603301702,LLTR+,3,0.27393862738640745,0.012242453346528737,LL+,2,0.26108395277954854,-0.0006122212603301702,LLTR+,3,0.27393862738640745,0.012242453346528737,0.012854674606858907,0.012854674606858907,0.012854674606858907,1
0.02,0.0002,39.53281423804227,0.025295441755768148,0.26141026240413767,0.11973090833041025,39,5.335835939757061e-13,0.0,LL+,2,0.2607293940473104,-0.0006808683568272911,LLTR+,3,0.27357676197164404,0.012166499567506373,LL+,2,0.2607293940473104,-0.0006808683568272911,LLTR+,3,0.27357676197164404,0.012166499567506373,0.012847367924333664,0.012847367924333664,0.012847367924333664,1
0.02,0.0002,39.6329254727475,0.0252315464496211,0.2611593385780385,0.11969528669723327,39,3.445160823289939e-15,0.0,LL+,2,0.2603766409673469,-0.0007826976106916073,LLTR+,3,0.2732167104918336,0.012057371913795079,LL+,2,0.2603766409673469,-0.0007826976106916073,LLTR+,3,0.2732167104918336,0.012057371913795079,0.012840069524486686,0.012840069524486686,0.012840069524486686,1
0.02,0.0002,39.733036707452726,0.02516797312430011,0.26101666264849993,0.11965984456836681,39,3.469446951953614e-18,0.0,LL+,2,0.2600256798711311,-0.0009909827773688096,LLTR+,3,0.2728584592638069,0.011841796615306988,LL+,2,0.2600256798711311,-0.0009909827773688096,LLTR+,3,0.2728584592638069,0.011841796615306988,0.012832779392675797,0.012832779392675797,0.012832779392675797,1
0.02,0.0002,39.83314794215795,0.025104719352136276,0.27146543653273936,0.11962458059038548,39,6.650791029017e-13,0.0,LL+,2,0.2596764972275757,-0.01178893930516367,LLTR+,3,0.27250199474187253,0.001036558209133176,LL+,2,0.2596764972275757,-0.01178893930516367,LLTR+,3,0.27250199474187253,0.001036558209133176,0.012825497514296846,0.012825497514296846,0.012825497514296846,1
0.02,0.0002,39.93325917686318,0.025041782729805014,0.2713492772215147,0.1195894934234358,39,-1.5092094240998222e-13,0.0,LL+,2,0.2593290796413106,-0.012020197580204117,LLTR+,3,0.2721473035160943,0.0007980262945795902,LL+,2,0.2593290796413106,-0.012020197580204117,LLTR+,3,0.2721473035160943,0.0007980262945795902,0.012818223874783707,0.012818223874783707,0.012818223874783707,1
0.02,0.0002,40.03337041156841,0.02497916087802167,0.2711041900591473,0.11955458174106659,41,-1.9220736113823023e-15,0.0,LL+,2,0.2589834138509859,-0.012120776208161432,LLTR+,3,0.27179437231059367,0.0006901822514463474,LL+,2,0.2589834138509859,-0.012120776208161432,LLTR+,3,0.27179437231059367,0.0006901822514463474,0.01281095845960778,0.01281095845960778,0.01281095845960778,1
0.02,0.0002,40.13348164627364,0.024916851441241686,0.2708242269392445,0.11951984423006175,41,-6.439293542825908e-15,0.0,LL+,2,0.2586394867276005,-0.012184740211644007,LLTR+,3,0.2714431879818787,0.0006189610426342029,LL+,2,0.2586394867276005,-0.012184740211644007,LLTR+,3,0.2714431879818787,0.0006189610426342029,0.01280370125427821,0.01280370125427821,0.01280370125427821,1
0.02,0.0002,40.23359288097887,0.02485485208736522,0.2705284130428041,0.11948527959027562,41,4.560934963038221e-14,0.0,LL+,2,0.258297285272855,-0.012231127769949113,LLTR+,3,0.27109373751719656,0.0005653244743924479,LL+,2,0.258297285272855,-0.012231127769949113,LLTR+,3,0.27109373751719656,0.0005653244743924479,0.01279645224434156,0.01279645224434156,0.01279645224434156,1
0.02,0.0002,40.3337041156841,0.02479316050744622,0.270223961442885,0.11945088653447078,41,1.1726730697603216e-15,0.0,LL+,2,0.25795679661753,-0.012267164825355004,LLTR+,3,0.2707460080329116,0.0005220465900265814,LL+,2,0.25795679661753,-0.012267164825355004,LLTR+,3,0.2707460080329116,0.0005220465900265814,0.012789211415381585,0.012789211415381585,0.012789211415381585,1
0.02,0.0002,40.433815350389324,0.024731774415405777,0.2699143888283602,0.11941666378815823,41,1.6018436577169837e-14,0.0,LL+,2,0.2576180080198882,-0.012296380808472007,LLTR+,3,0.27039998677290755,0.0004855979445473335,LL+,2,0.2576180080198882,-0.012296380808472007,LLTR+,3,0.27039998677290755,0.0004855979445473335,0.01278197875301934,0.01278197875301934,0.01278197875301934,1
0.02,0.0002,40.53392658509455,0.024670691547749726,0.2696016734244613,0.11938261008943998,41,1.9138857165756917e-13,0.0,LL+,2,0.25728090686409943,-0.012320766560361851,LLTR+,3,0.2700556611070124,0.00045398768255111577,LL+,2,0.25728090686409943,-0.012320766560361851,LLTR+,3,0.2700556611070124,0.00045398768255111577,0.012774754242912967,0.012774754242912967,0.012774754242912967,1
0.02,0.0002,40.63403781979978,0.024609909663290446,0.2692870370603809,0.11934872418885394,41,2.3696322681843185e-15,0.0,LL+,2,0.2569454806586906,-0.012341556401690268,LLTR+,3,0.26971301852944773,0.00042598146906686063,LL+,2,0.2569454806586906,-0.012341556401690268,LLTR+,3,0.26971301852944773,0.00042598146906686063,0.012767537870757129,0.012767537870757129,0.012767537870757129,1
0.02,0.0002,40.73414905450501,0.024549426542872742,0.26897128591878217,0.11931500484922106,41,-4.891920202254596e-16,0.0,LL+,2,0.2566117170350165,-0.01235956888376566,LLTR+,3,0.26937204665730047,0.0004007607385183021,LL+,2,0.2566117170350165,-0.01235956888376566,LLTR+,3,0.26937204665730047,0.0004007607385183021,0.012760329622283961,0.012760329622283961,0.012760329622283961,1
0.02,0.0002,40.834260289210235,0.024489239989103784,0.2686549787178256,0.11928145084549487,41,-1.541759775403051e-12,0.0,LL+,2,0.25627960374575487,-0.012375374972070752,LLTR+,3,0.26903273322901655,0.00037775451119093084,LL+,2,0.25627960374575487,-0.012375374972070752,LLTR+,3,0.26903273322901655,0.00037775451119093084,0.012753129483261683,0.012753129483261683,0.012753129483261683,1
0.02,0.0002,40.93437152391546,0.024429347826086956,0.2683385176243604,0.11924806096461299,41,-1.536964999715451e-15,0.0,LL+,2,0.25594912866342256,-0.01238938896093783,LLTR+,3,0.2686950661029176,0.00035654847855720595,LL+,2,0.25594912866342256,-0.01238938896093783,LLTR+,3,0.2686950661029176,0.00035654847855720595,0.012745937439495036,0.012745937439495036,0.012745937439495036,1
0.02,0.0002,41.03448275862069,0.024369747899159664,0.2680222009245809,0.11921483400535102,41,4.06064071256651e-14,0.0,LL+,2,0.25562027977891333,-0.012401921145667572,LLTR+,3,0.26835903325573884,0.00033683233115794353,LL+,2,0.25562027977891333,-0.012401921145667572,LLTR+,3,0.26835903325573884,0.00033683233115794353,0.012738753476825515,0.012738753476825515,0.012738753476825515,1
0.02,0.0002,41.13459399332592,0.024310438074634934,0.2677062552830678,0.11918176877817849,41,-5.898059818321144e-16,0.0,LL+,2,0.2552930452000579,-0.012413210083009885,LLTR+,3,0.2680246227811883,0.0003183674981205309,LL+,2,0.2552930452000579,-0.012413210083009885,LLTR+,3,0.2680246227811883,0.0003183674981205309,0.012731577581130415,0.012731577581130415,0.012731577581130415,1
0.02,0.0002,41.234705228031146,0.024251416239546804,0.26739085639026633,0.11914886410511685,41,1.700029006457271e-16,0.0,LL+,2,0.254967413150204,-0.012423443240062337,LLTR+,3,0.26769182288852733,0.00030096649826100164,LL+,2,0.254967413150204,-0.012423443240062337,LLTR+,3,0.26769182288852733,0.00030096649826100164,0.012724409738323339,0.012724409738323339,0.012724409738323339,1
0.02,0.0002,41.33481646273637,0.024192680301399358,0.267076142686185,0.11911611881959966,41,-1.6847287453991555e-13,0.0,LL+,2,0.2546433719668175,-0.012432770719367492,LLTR+,3,0.26736062190117127,0.00028447921498625517,LL+,2,0.2546433719668175,-0.012432770719367492,LLTR+,3,0.26736062190117127,0.00028447921498625517,0.012717249934353747,0.012717249934353747,0.012717249934353747,1
0.02,0.0002,41.43492769744161,0.02413422818791946,0.2667622247711703,0.1190835317663346,41,1.244143676970566e-13,0.0,LL+,2,0.2543209101001037,-0.012441314671066572,LLTR+,3,0.267031008255311,0.0002687834841407222,LL+,2,0.2543209101001037,-0.012441314671066572,LLTR+,3,0.267031008255311,0.0002687834841407222,0.012710098155207294,0.012710098155207294,0.012710098155207294,1
0.02,0.0002,41.53503893214683,0.02407605784681307,0.2664491920338882,0.11905110180116779,41,2.2898349882893854e-16,0.0,LL+,2,0.25400001611164913,-0.012449175922239097,LLTR+,3,0.26670297049855407,0.00025377846466584364,LL+,2,0.25400001611164913,-0.012449175922239097,LLTR+,3,0.26670297049855407,0.00025377846466584364,0.012702954386904941,0.012702954386904941,0.012702954386904941,1
0.02,0.0002,41.63515016685206,0.02401816724552498,0.2661371174317085,0.11901882779094969,41,-1.0537404282473517e-13,0.0,LL+,2,0.25368067867308164,-0.012456438758626842,LLTR+,3,0.26637649728858503,0.00023937985687655372,LL+,2,0.25368067867308164,-0.012456438758626842,LLTR+,3,0.26637649728858503,0.00023937985687655372,0.012695818615503396,0.012695818615503396,0.012695818615503396,1
0.02,0.0002,41.73526140155729,0.02396055437100213,0.26582606100732153,0.1189867086134032,41,-2.0007259737830907e-13,0.0,LL+,2,0.25336288656475114,-0.01246317444257039,LLTR+,3,0.26605157739184593,0.0002255163845243935,LL+,2,0.25336288656475114,-0.01246317444257039,LLTR+,3,0.26605157739184593,0.0002255163845243935,0.012688690827094784,0.012688690827094784,0.012688690827094784,1
0.02,0.0002,41.83537263626252,0.023903217229460247,0.26551607252447346,0.11895474315699359,41,2.881722638292672e-14,0.0,LL+,2,0.2530466286744286,-0.012469443850044837,LLTR+,3,0.26572819968223527,0.00021212715776181001,LL+,2,0.2530466286744286,-0.012469443850044837,LLTR+,3,0.26572819968223527,0.00021212715776181001,0.012681571007806647,0.012681571007806647,0.012681571007806647,1
0.02,0.0002,41.935483870967744,0.023846153846153847,0.2652071934743255,0.11892293032080029,41,-9.952420831904618e-13,0.0,LL+,2,0.25273189399602386,-0.012475299478301616,LLTR+,3,0.2654063531398255,0.00019915966550004827,LL+,2,0.25273189399602386,-0.012475299478301616,LLTR+,3,0.2654063531398255,0.00019915966550004827,0.012674459143801664,0.012674459143801664,0.012674459143801664,1
0.02,0.0002,42.03559510567297,0.02378936226514951,0.26489945862798364,0.11889126901439036,43,-1.704886232190006e-14,0.0,LL+,2,0.2524186716283213,-0.012480786999662319,LLTR+,3,0.2650860268495988,0.00018656822161516873,LL+,2,0.2524186716283213,-0.012480786999662319,LLTR+,3,0.2650860268495988,0.00018656822161516873,0.012667355221277488,0.012667355221277488,0.012667355221277488,1
0.02,0.0002,42.1357063403782,0.02373284054910243,0.26459289724489954,0.11885975815769412,43,-1.0791704335710861e-11,0.0,LL+,2,0.2521069507737347,-0.012485946471164855,LLTR+,3,0.26476721000020165,0.00017431275530210844,LL+,2,0.2521069507737347,-0.012485946471164855,LLTR+,3,0.26476721000020165,0.00017431275530210844,0.012660259226466963,0.012660259226466963,0.012660259226466963,1
0.02,0.0002,42.23581757508343,0.023676586779036078,0.26428753405150546,0.11882839668088213,43,-8.951173136040325e-16,0.0,LL+,2,0.25179672073707804,-0.012490813314427418,LLTR+,3,0.2644498918827156,0.00016235783121015812,LL+,2,0.25179672073707804,-0.012490813314427418,LLTR+,3,0.2644498918827156,0.00016235783121015812,0.012653171145637576,0.012653171145637576,0.012653171145637576,1
0.02,0.0002,42.335928809788655,0.023620599054125065,0.26398338998279686,0.11879718352424423,43,-3.20093951344802e-12,0.0,LL+,2,0.25148797092435593,-0.012495419058440926,LLTR+,3,0.2641340618894473,0.00015067190665046803,LL+,2,0.25148797092435593,-0.012495419058440926,LLTR+,3,0.2641340618894473,0.00015067190665046803,0.012646090965091394,0.012646090965091394,0.012646090965091394,1
0.02,0.0002,42.436040044493886,0.023564875491480994,0.26368048283850837,0.11876611763807016,43,-7.499209586647737e-14,0.0,LL+,2,0.2511806908415688,-0.012499791996939569,LLTR+,3,0.26381970951273426,0.00013922667422588964,LL+,2,0.2511806908415688,-0.012499791996939569,LLTR+,3,0.26381970951273426,0.00013922667422588964,0.012639018671165458,0.012639018671165458,0.012639018671165458,1
0.02,0.0002,42.53615127919911,0.02350941422594142,0.26337882777236804,0.11873519798253185,43,-8.455389166606153e-13,0.0,LL+,2,0.25087487009353704,-0.012503957678831001,LLTR+,3,0.26350682434376793,0.00012799657139989096,LL+,2,0.25087487009353704,-0.012503957678831001,LLTR+,3,0.26350682434376793,0.00012799657139989096,0.012631954250230892,0.012631954250230892,0.012631954250230892,1
0.02,0.0002,42.63626251390434,0.023454213409861726,0.26307843772013817,0.11870442352756742,43,-2.2918063280474854e-11,0.0,LL+,2,0.25057049838274037,-0.0125079393373978,LLTR+,3,0.2631953960714337,0.00011695835129554855,LL+,2,0.25057049838274037,-0.0125079393373978,LLTR+,3,0.2631953960714337,0.00011695835129554855,0.012624897688693348,0.012624897688693348,0.012624897688693348,1
0.02,0.0002,42.736373748609566,0.023399271212909942,0.26277932376697555,0.11867379325276681,43,-2.3704795071299856e-11,0.0,LL+,2,0.2502675655081739,-0.01251175825880163,LLTR+,3,0.26288541448116653,0.00010609071419098726,LL+,2,0.2502675655081739,-0.01251175825880163,LLTR+,3,0.26288541448116653,0.00010609071419098726,0.012617848972992618,0.012617848972992618,0.012617848972992618,1
0.02,0.0002,42.8364849833148,0.02334458582186445,0.2624814954200734,0.11864330614725893,43,3.7990444123892075e-15,0.0,LL+,2,0.24996606136422075,-0.01251543405585262,LLTR+,3,0.2625768694538232,9.537403374981768e-05,LL+,2,0.24996606136422075,-0.01251543405585262,LLTR+,3,0.2625768694538232,9.537403374981768e-05,0.012610808089602438,0.012610808089602438,0.012610808089602438,1
0.02,0.0002,42.93659621802002,0.023290155440414507,0.2621849608580314,0.1186129612096006,43,-2.0155752067374522e-13,0.0,LL+,2,0.24966597593953932,-0.012518984918492071,LLTR+,3,0.2622697509645701,8.479010653872354e-05,LL+,2,0.24966597593953932,-0.012518984918492071,LLTR+,3,0.2622697509645701,8.479010653872354e-05,0.012603775025030794,0.012603775025030794,0.012603775025030794,1
0.02,0.0002,43.03670745272525,0.023235978288963555,0.2618897271719241,0.11858275744766669,43,-1.3648474711525083e-11,0.0,LL+,2,0.24936729931596735,-0.012522427855956753,LLTR+,3,0.2619640490817866,7.432190986250697e-05,LL+,2,0.24936729931596735,-0.012522427855956753,LLTR+,3,0.2619640490817866,7.432190986250697e-05,0.01259674976581926,0.01259674976581926,0.01259674976581926,1
0.02,0.0002,43.13681868743048,0.023182052604435278,0.26159580054533027,0.11855269387854217,43,4.1245479254214956e-13,0.0,LL+,2,0.24907002166744027,-0.012525778877889998,LLTR+,3,0.2616597539659834,6.395342065312892e-05,LL+,2,0.24907002166744027,-0.012525778877889998,LLTR+,3,0.2616597539659834,6.395342065312892e-05,0.012589732298543127,0.012589732298543127,0.012589732298543127,1
0.02,0.0002,43.23692992213571,0.023128376640082323,0.26130318639803557,0.1185227695284154,43,2.1911712028144237e-11,0.0,LL+,2,0.24877413325892506,-0.012529053139110513,LLTR+,3,0.2613568558687367,5.3669470701123156e-05,LL+,2,0.24877413325892506,-0.012529053139110513,LLTR+,3,0.2613568558687367,5.3669470701123156e-05,0.012582722609811636,0.012582722609811636,0.012582722609811636,1
0.02,0.0002,43.33704115684094,0.02307494866529774,0.2610118895384387,0.118492983432473,43,-5.898059818321144e-17,0.0,LL+,2,0.24847962444536884,-0.012532265093069844,LLTR+,3,0.26105534513163586,4.345559319718362e-05,LL+,2,0.24847962444536884,-0.012532265093069844,LLTR+,3,0.26105534513163586,4.345559319718362e-05,0.012575720686267028,0.012575720686267028,0.012575720686267028,1
0.02,0.0002,43.437152391546164,0.023021766965428937,0.26072191432651987,0.11846333463479614,43,1.3253287356462806e-15,0.0,LL+,2,0.24818648567066187,-0.012535428655857994,LLTR+,3,0.2607552121852472,3.329785872735469e-05,LL+,2,0.24818648567066187,-0.012535428655857994,LLTR+,3,0.2607552121852472,3.329785872735469e-05,0.012568726514585349,0.012568726514585349,0.012568726514585349,1
0.02,0.0002,43.537263626251395,0.022968829841594273,0.2604332647479575,0.11843382218825832,43,2.4658053376924727e-13,0.0,LL+,2,0.24789470746661482,-0.012538557281342705,LLTR+,3,0.2604564475480904,2.3182800132859338e-05,LL+,2,0.24789470746661482,-0.012538557281342705,LLTR+,3,0.2604564475480904,2.3182800132859338e-05,0.012561740081475564,0.012561740081475564,0.012561740081475564,1
0.02,0.0002,43.63737486095662,0.022916135610502167,0.26014594454815676,0.11840444515442447,43,-2.858824288409778e-15,0.0,LL+,2,0.24760428045195057,-0.01254166409620619,LLTR+,3,0.26015904182563043,1.309727747367262e-05,LL+,2,0.24760428045195057,-0.01254166409620619,LLTR+,3,0.26015904182563043,1.309727747367262e-05,0.012554761373679862,0.012554761373679862,0.012554761373679862,1
0.02,0.0002,43.73748609566185,0.02286368260427263,0.25985995733157013,0.1183752026034515,43,0.0,0.0,LL+,2,0.247315195331309,-0.01254476200026114,LLTR+,3,0.25986298570928246,3.0283777123218947e-06,LL+,2,0.247315195331309,-0.01254476200026114,LLTR+,3,0.25986298570928246,3.0283777123218947e-06,0.012547790377973461,0.012547790377973461,0.012547790377973461,1
0.02,0.0002,43.837597330367075,0.022811469170261355,0.2595753066603898,0.1183460936139902,43,7.424616477180734e-16,0.0,LLTR+,3,0.2595682699754309,-7.03668495888321e-06,LL+,3,0.2994870110904423,0.039911704430052486,LL+,2,0.24702744289426634,-0.012547863766123463,LLTR+,3,0.2595682699754309,-7.03668495888321e-06,0.03991874111501137,0.01254082708116458,0.01254082708116458,1
0.02,0.0002,43.937708565072306,0.022759493670886075,0.25929199615153203,0.1183171172730885,43,-4.727572500140553e-13,0.0,LLTR+,3,0.25927488548446137,-1.7110667070663332e-05,LL+,3,0.2990832974517701,0.03979130130023806,LL+,2,0.24674101401436735,-0.012550982137164685,LLTR+,3,0.25927488548446137,-1.7110667070663332e-05,0.03980841196730872,0.012533871470094021,0.012533871470094021,1
0.02,0.0002,44.03781979977753,0.022707754483455418,0.2590100295717097,0.1182882726760959,45,-7.48149112106411e-12,0.0,LLTR+,3,0.25898282317980625,-2.7206391903455973e-05,LL+,3,0.2986814268450384,0.03967139727332869,LL+,2,0.24645589964817077,-0.012554129923538937,LLTR+,3,0.25898282317980625,-2.7206391903455973e-05,0.039698603665232146,0.012526923531635481,0.012526923531635481,1
0.02,0.0002,44.13793103448276,0.02265625,0.2587294109423034,0.1182595589265695,45,7.83331732812087e-14,0.0,LLTR+,3,0.25869207408700307,-3.7336855300329486e-05,LL+,3,0.29828138672130217,0.03955197577899877,LL+,2,0.24617209083430805,-0.012557320107995346,LLTR+,3,0.25869207408700307,-3.7336855300329486e-05,0.0395893126342991,0.012519983252695016,0.012519983252695016,1
0.02,0.0002,44.238042269187986,0.022604978627105858,0.25845014462421373,0.11823097513618103,45,-1.1980520742138623e-12,0.0,LLTR+,3,0.2584026293127657,-4.7515311448032005e-05,LL+,3,0.29788316464522047,0.03943302002100674,LL+,2,0.24588957869255457,-0.012560565931659162,LLTR+,3,0.2584026293127657,-4.7515311448032005e-05,0.03948053533245477,0.01251305062021113,0.01251305062021113,1
0.02,0.0002,44.33815350389322,0.022553938785750124,0.258172235441543,0.1182025204246252,45,-6.557254739192331e-16,0.0,LLTR+,3,0.2581144800440681,-5.775539747487901e-05,LL+,3,0.29748674829377353,0.03931451285223053,LL+,2,0.24560835442291337,-0.012563881018629625,LLTR+,3,0.2581144800440681,-5.775539747487901e-05,0.03937226824970541,0.012506125621154746,0.012506125621154746,1
0.02,0.0002,44.43826473859844,0.022503128911138925,0.2578956887837445,0.11817419391952946,45,-1.1101397578983097e-12,0.0,LLTR+,3,0.2578276175472407,-6.807123650381941e-05,LL+,3,0.29709212545499797,0.03919643667125344,LL+,2,0.24532840930471175,-0.012567279479032772,LLTR+,3,0.2578276175472407,-6.807123650381941e-05,0.03926450790775726,0.012499208242528953,0.012499208242528953,1
0.02,0.0002,44.53837597330367,0.02245254745254745,0.25762051073274184,0.11814599475636471,45,-8.81720738088454e-12,0.0,LLTR+,3,0.25754203316707835,-7.847756566348174e-05,LL+,3,0.2966992840267378,0.03907877329399595,LL+,2,0.24504973469570948,-0.012570776037032355,LLTR+,3,0.25754203316707835,-7.847756566348174e-05,0.03915725085965943,0.012492298471368873,0.012492298471368873,1
0.02,0.0002,44.638487208008904,0.02240219287316222,0.2573467082056621,0.11811792207835745,45,5.502785727085069e-13,0.0,LLTR+,3,0.2572577183259611,-8.89898797009625e-05,LL+,3,0.29630821201541424,0.03896150380975216,LL+,2,0.24477232203121932,-0.012574386174442759,LLTR+,3,0.2572577183259611,-8.89898797009625e-05,0.039050493689453125,0.012485396294741796,0.012485396294741796,1
0.02,0.0002,44.73859844271413,0.02235206364992541,0.2570742890890118,0.11808997503640292,45,1.0750081380628274e-13,0.0,LLTR+,3,0.25697466452298606,-9.962456602574665e-05,LL+,3,0.29591889753481004,0.038844608445798234,LL+,2,0.2444961628232394,-0.012578126265772399,LLTR+,3,0.25697466452298606,-9.962456602574665e-05,0.03894423301182398,0.012478501699746652,0.012478501699746652,1
0.02,0.0002,44.83870967741936,0.022302158273381292,0.25680326243201107,0.11806215278897958,45,6.511804984121738e-13,0.0,LLTR+,3,0.25669286333311125,-0.00011039909889981603,LL+,3,0.2955313288048711,0.038728066372860026,LL+,2,0.2442212486595969,-0.012582013772414163,LLTR+,3,0.25669286333311125,-0.00011039909889981603,0.03883846547175984,0.012471614673514347,0.012471614673514347,1
0.02,0.0002,44.938820912124584,0.02225247524752475,0.25653363863303646,0.11803445450206455,45,1.0216445744948288e-12,0.0,LLTR+,3,0.25641230640631096,-0.00012133222672550126,LL+,3,0.2951454941505244,0.038611855517487914,LL+,2,0.24394757120310365,-0.012586067429932818,LLTR+,3,0.25641230640631096,-0.00012133222672550126,0.038733187744213415,0.012464735203207317,0.012464735203207317,1
0.02,0.0002,45.038932146829815,0.022203013089651762,0.25626542967185956,0.11800687934905037,45,3.4870023535304995e-13,0.0,LLTR+,3,0.2561329854667419,-0.00013244420511765442,LL+,3,0.2947613820005104,0.03849595232865083,LL+,2,0.24367512219072246,-0.012590307481137097,LLTR+,3,0.2561329854667419,-0.00013244420511765442,0.03862839653376848,0.012457863276019443,0.012457863276019443,1
0.02,0.0002,45.13904338153504,0.022153770330211927,0.25599864938048206,0.11797942651066265,45,7.455033118608512e-12,0.0,LLTR+,3,0.2558548923119215,-0.00014375706856056825,LL+,3,0.2943789808862328,0.038380331505750764,LL+,2,0.24340389343274504,-0.012594755947737013,LLTR+,3,0.2558548923119215,-0.00014375706856056825,0.03852408857431133,0.012450998879176445,0.012450998879176445,1
0.02,0.0002,45.23915461624027,0.022104745512662893,0.2557333137486547,0.11795209517487906,45,-4.213279031217709e-12,0.0,LLTR+,3,0.25557801881191533,-0.00015529493673938077,LL+,3,0.29399827944062185,0.038264965691967134,LL+,2,0.24313387681198048,-0.01259943693667423,LLTR+,3,0.25557801881191533,-0.00015529493673938077,0.038420260628706515,0.012444141999934849,0.012444141999934849,1
0.02,0.0002,45.339265850945495,0.02205593719332679,0.2554694413270395,0.1179248845368492,45,4.011721510543964e-14,0.0,LLTR+,3,0.25530235690853753,-0.00016708441850199485,LL+,3,0.29361926639701363,0.03814982506997411,LL+,2,0.2428650642829547,-0.012604377044084819,LLTR+,3,0.25530235690853753,-0.00016708441850199485,0.0383169094884761,0.012437292625582824,0.012437292625582824,1
0.02,0.0002,45.439377085650726,0.02200734394124847,0.2552070536539208,0.11789779379881553,45,5.8801505331551596e-12,0.0,LLTR+,3,0.25502789861455955,-0.0001791550393612784,LL+,3,0.2932419305880444,0.03803487693412355,LL+,2,0.24259744787112028,-0.012609605782800543,LLTR+,3,0.25502789861455955,-0.0001791550393612784,0.03821403197348483,0.012430450743439264,0.012430450743439264,1
0.02,0.0002,45.53948832035595,0.021958964338055692,0.25494617582094425,0.11787082217003556,45,-1.447592046233126e-13,0.0,LLTR+,3,0.25475463601293125,-0.00019153980801300818,LL+,3,0.29286626094455837,0.03792008512361411,LL+,2,0.24233101967207687,-0.012615156148867379,LLTR+,3,0.25475463601293125,-0.00019153980801300818,0.03811162493162712,0.012423616340854371,0.012423616340854371,1
0.02,0.0002,45.63959955506118,0.021910796977821105,0.2546868371608695,0.11784396886670477,45,-1.4405490689206601e-13,0.0,LLTR+,3,0.254482561256011,-0.00020427590485849745,LL+,3,0.2924922464945313,0.03780540933366183,LL+,2,0.24206577185080186,-0.012621065310067625,LLTR+,3,0.254482561256011,-0.00020427590485849745,0.03800968523852033,0.012416789405209128,0.012416789405209128,1
0.02,0.0002,45.739710789766406,0.021862840466926072,0.2544290720737507,0.11781723311188079,45,-9.339404249963934e-14,0.0,LLTR+,3,0.25421166656480654,-0.00021740550894416844,LL+,3,0.292119876362007,0.037690804288256274,LL+,2,0.24180169664089118,-0.012627375432859522,LLTR+,3,0.25421166656480654,-0.00021740550894416844,0.03790820979720044,0.012409969923915354,0.012409969923915354,1
0.02,0.0002,45.83982202447164,0.02181509342392623,0.25417292108983003,0.11779061413540838,45,1.6686305115420907e-13,0.0,LLTR+,3,0.25394194422822514,-0.0002309768616048924,LL+,3,0.29174913976604866,0.03757621867621863,LL+,2,0.24153878634380968,-0.012634134746020348,LLTR+,3,0.25394194422822514,-0.0002309768616048924,0.037807195537823524,0.012403157884415456,0.012403157884415456,1
0.02,0.0002,45.93993325917687,0.021767554479418885,0.25391843219817833,0.11776411117384554,45,-1.906168278775766e-11,0.0,LLTR+,3,0.2536733866023344,-0.00024504559584392904,LL+,3,0.29138002601970314,0.03746159382152481,LL+,2,0.2412770333281519,-0.012641398870026438,LLTR+,3,0.2536733866023344,-0.00024504559584392904,0.03770663941736874,0.012396353274182509,0.012396353274182509,1
0.02,0.0002,46.04004449388209,0.021720222275912054,0.25366566259483125,0.11773772347039048,47,4.440892098500626e-16,0.0,LLTR+,3,0.25340598610963216,-0.0002596764851990896,LL+,3,0.29101252452897963,0.03734686193414838,LL+,2,0.24101643002891218,-0.012649232565919072,LLTR+,3,0.25340598610963216,-0.0002596764851990896,0.03760653841934747,0.012389556080719982,0.012389556080719982,1
0.02,0.0002,46.140155728587324,0.02167309546769527,0.25341468085289265,0.11771145027480961,47,-4.891920202254596e-16,0.0,LLTR+,3,0.2531397352383259,-0.00027494561456675726,LL+,3,0.29064662479184067,0.03723194393894802,LL+,2,0.2407569689467641,-0.01265771190612855,LLTR+,3,0.2531397352383259,-0.00027494561456675726,0.03750688955351478,0.012382766291561792,0.012382766291561792,1
0.02,0.0002,46.24026696329255,0.02162617272071205,0.25316556993658274,0.11768529084336649,47,-3.604755383079805e-15,0.0,LLTR+,3,0.25287462654162174,-0.0002909433949609963,LL+,3,0.29028231639720703,0.037116746460624295,LL+,2,0.2404986426473496,-0.012666927289233132,LLTR+,3,0.25287462654162174,-0.0002909433949609963,0.03740768985558529,0.012375983894272136,0.012375983894272136,1
0.02,0.0002,46.34037819799778,0.02157945271243399,0.25291843113539914,0.11765924443875145,47,-1.2257556081252119e-14,0.0,LLTR+,3,0.2526106526370224,-0.00030777849837670956,LL+,3,0.28991958902397486,0.03700115788857572,LL+,2,0.24024144376057707,-0.012676987374822063,LLTR+,3,0.2526106526370224,-0.00030777849837670956,0.03730893638695243,0.012369208876445353,0.012369208876445353,1
0.02,0.0002,46.440489432703004,0.021532934131736528,0.2526733894990454,0.11763331033001262,47,-5.264001040616861e-12,0.0,LLTR+,3,0.25234780620563446,-0.00032558329341092485,LL+,3,0.2895584324400464,0.036885042941001034,LL+,2,0.2399853649799289,-0.012688024519116492,LLTR+,3,0.25234780620563446,-0.00032558329341092485,0.03721062623441196,0.012362441225705567,0.012362441225705567,1
0.02,0.0002,46.540600667408235,0.02148661567877629,0.252430601445074,0.11760748779248728,47,-6.28205820696337e-12,0.0,LLTR+,3,0.2520860799914846,-0.0003445214535894303,LL+,3,0.2891988365013721,0.036768235056298115,LL+,2,0.23973039906177726,-0.01270020238329675,LLTR+,3,0.2520860799914846,-0.0003445214535894303,0.037112756509887546,0.012355680929707319,0.012355680929707319,1
0.02,0.0002,46.64071190211346,0.021440496064870022,0.25219026564968394,0.11758177610773454,47,-9.661715871800425e-14,0.0,LLTR+,3,0.2518254668008443,-0.00036479884883966474,LL+,3,0.28884079115100636,0.03665052550132242,LL+,2,0.2394765388247095,-0.01271372682497443,LLTR+,3,0.2518254668008443,-0.00036479884883966474,0.03701532435016208,0.012348927976134766,0.012348927976134766,1
0.02,0.0002,46.74082313681869,0.02139457401237506,0.25195263912490506,0.1175561745634686,47,-1.3476442184412463e-12,0.0,LLTR+,3,0.2515659595015635,-0.00038667962334154593,LL+,3,0.2884842864181738,0.03653164729326874,LL+,2,0.23922377714886175,-0.01272886197604331,LLTR+,3,0.2515659595015635,-0.00038667962334154593,0.03691832691661029,0.012342182352701764,0.012342182352701764,1
0.02,0.0002,46.840934371523915,0.02134884825457136,0.25171806178150014,0.11753068245349305,47,-3.548380339557511e-12,0.0,LLTR+,3,0.251307551022413,-0.00041051075908715706,LL+,3,0.2881293124173493,0.03641125063584916,LL+,2,0.23897210697526097,-0.012745954806239163,LLTR+,3,0.251307551022413,-0.00041051075908715706,0.036821761394936314,0.012335444047152005,0.012335444047152005,1
0.02,0.0002,46.941045606229146,0.021303317535545024,0.25148699540495084,0.11750529907763585,47,3.6066011288582445e-12,0.0,LLTR+,3,0.2510502343524344,-0.00043676105251644337,LL+,3,0.2877758593473482,0.03628886394239733,LL+,2,0.2387215213051759,-0.012765474099774937,LLTR+,3,0.2510502343524344,-0.00043676105251644337,0.036725624994913775,0.012328713047258494,0.012328713047258494,1
0.02,0.0002,47.04115684093437,0.021257980610073304,0.2512600886209429,0.11748002374168537,47,2.224123663019384e-13,0.0,LLTR+,3,0.2507940025402997,-0.000466086080643191,LL+,3,0.28742391749042945,0.03616382886948655,LL+,2,0.23847201319947578,-0.012788075421467121,LLTR+,3,0.2507940025402997,-0.000466086080643191,0.03662991495012974,0.01232198934082393,0.01232198934082393,1
0.02,0.0002,47.1412680756396,0.02121283624351109,0.2510382920020187,0.11745485575732695,47,7.875644580934704e-16,0.0,LLTR+,3,0.2505388486936778,-0.0004994433083408967,LL+,3,0.2870734772114092,0.036035185209390475,LL+,2,0.2382235757779977,-0.012814716224021028,LLTR+,3,0.2505388486936778,-0.0004994433083408967,0.03653462851773137,0.012315272915680131,0.012315272915680131,1
0.02,0.0002,47.24137931034483,0.02116788321167883,0.2508230780775728,0.11742979444208046,47,-4.163336342344337e-17,0.0,LLTR+,3,0.2502847659786098,-0.0005383120989629897,LL+,3,0.2867245289567859,0.03590145087921309,LL+,2,0.23797620221892146,-0.012846875858651352,LLTR+,3,0.2502847659786098,-0.0005383120989629897,0.03643976297817608,0.012308563759688362,0.012308563759688362,1
0.02,0.0002,47.34149054505006,0.02112312030075188,0.2506169074982058,0.11740483911923869,47,1.418493794647091e-12,0.0,LLTR+,3,0.2500317476188919,-0.0005851598793139012,LL+,3,0.28637706325387735,0.03576015575567154,LL+,2,0.23772988575815293,-0.012887021740052879,LLTR+,3,0.2500317476188919,-0.0005851598793139012,0.03634531563498544,0.012301861860738977,0.012301861860738977,1
0.02,0.0002,47.44160177975529,0.021078546307151228,0.2504243695908144,0.11737998911780631,47,4.253541963095131e-15,0.0,LLTR+,3,0.24977978689546604,-0.0006445826953483391,LL+,3,0.2860310707099669,0.03560670111915254,LL+,2,0.23748461968871476,-0.012939749902099618,LLTR+,3,0.24977978689546604,-0.0006445826953483391,0.03625128381450088,0.012295167206751278,0.012295167206751278,1
0.02,0.0002,47.54171301446051,0.02103416003743566,0.2502556661928318,0.11735524377243989,47,1.4259426972529354e-15,0.0,LLTR+,3,0.24952887714581895,-0.0007267890470128435,LL+,3,0.2856865420114626,0.0354308758186308,LL+,2,0.23724039736014524,-0.013015268832686555,LLTR+,3,0.24952887714581895,-0.0007267890470128435,0.036157664865643646,0.012288479785673712,0.012288479785673712,1
0.02,0.0002,47.641824249165744,0.02098996030819519,0.2501426033226986,0.11733060242338833,47,1.4190038033490282e-15,0.0,LLTR+,3,0.24927901176338757,-0.0008635915593110388,LL+,3,0.28534346792306475,0.035200864600366144,LL+,2,0.23699721217790415,-0.01314539114479446,LLTR+,3,0.24927901176338757,-0.0008635915593110388,0.03606445615967718,0.012281799585483422,0.012281799585483422,1
0.02,0.0002,47.74193548387097,0.020945945945945947,0.250523537068179,0.11730606441643437,47,7.251144129583054e-16,0.0,LLTR+,3,0.249030184196973,-0.0014933528712059718,LL+,3,0.2850018392869462,0.03447830221876724,LL+,2,0.23675505760278664,-0.013768479465392336,LLTR+,3,0.249030184196973,-0.0014933528712059718,0.035971655089973215,0.012275126594186364,0.012275126594186364,1
0.02,0.0002,47.8420467185762,0.020902115787026273,0.2837796418948748,0.11728162910283665,47,-5.93275428784068e-16,0.0,LLTR+,3,0.24878238795016147,-0.03499725394471334,LL+,3,0.28466164702194086,0.0008820051270660434,LL+,3,0.28466164702194086,0.0008820051270660434,LLTR+,4,0.2941165947738905,0.010336952879015704,0.035879259071779385,0.00945494775194966,0.00945494775194966,1
0.02,0.0002,47.94215795328142,0.0208584686774942,0.2835867722520716,0.11725729583927252,47,-5.169475958410885e-16,0.0,LLTR+,3,0.24853561658075218,-0.03505115567131939,LL+,3,0.2843228821227435,0.0007361098706719083,LL+,3,0.2843228821227435,0.0007361098706719083,LLTR+,4,0.29377384782832483,0.010187075576253257,0.0357872655419913,0.009450965705581349,0.009450965705581349,1
0.02,0.0002,48.042269187986655,0.020815003473026162,0.28333465843445393,0.11723306398778159,49,-2.6723415147422713e-13,0.0,LLTR+,3,0.24828986370019282,-0.035044794734261114,LL+,3,0.2839855356591196,0.0006508772246656691,LL+,3,0.2839855356591196,0.0006508772246656691,LLTR+,4,0.29343252267401543,0.010097864239561494,0.03569567195892678,0.009446987014895825,0.009446987014895825,1
0.02,0.0002,48.14238042269188,0.020771719038817006,0.28305965561678403,0.11720893291571,49,-2.4305071844032966e-12,0.0,LLTR+,3,0.24804512297302211,-0.03501453264376192,LL+,3,0.28364959877512463,0.0005899431583406001,LL+,3,0.28364959877512463,0.0005899431583406001,LLTR+,4,0.29309261045066803,0.010032954833884,0.03560447580210252,0.0094430116755434,0.0094430116755434,1
0.02,0.0002,48.24249165739711,0.020728614249481206,0.28277287265389356,0.11718490199565529,49,-7.093978182659555e-14,0.0,LLTR+,3,0.24780138811631877,-0.03497148453757479,LL+,3,0.28331506268833306,0.0005421900344395048,LL+,3,0.28331506268833306,0.0005421900344395048,LLTR+,4,0.2927541023715151,0.009981229717621554,0.03551367457201429,0.009439039683182049,0.009439039683182049,1
0.02,0.0002,48.342602892102335,0.020685687988955363,0.2824791998264235,0.11716097060541213,49,6.852993866823809e-12,0.0,LLTR+,3,0.2475586528991579,-0.034920546927265594,LL+,3,0.28298191868907757,0.0005027188626540724,LL+,3,0.28298191868907757,0.0005027188626540724,LLTR+,4,0.2924169897225555,0.009937789896131977,0.03542326578991967,0.009435071033477904,0.009435071033477904,1
0.02,0.0002,48.442714126807566,0.020642939150401836,0.28218122571823195,0.11713713812791854,49,-3.2682190287403046e-15,0.0,LLTR+,3,0.2473169111420737,-0.03486431457615827,LL+,3,0.2826501581396965,0.00046893242146456293,LL+,3,0.2826501581396965,0.00046893242146456293,LLTR+,4,0.29208126386180144,0.00990003814356949,0.03533324699762283,0.009431105722104927,0.009431105722104927,1
0.02,0.0002,48.5428253615128,0.020600366636113657,0.28188048604456106,0.11711340395120287,49,-6.327126322869248e-13,0.0,LLTR+,3,0.24707615671652924,-0.03480432932803182,LL+,3,0.28231977247379203,0.0004392864292309673,LL+,3,0.28231977247379203,0.0004392864292309673,LLTR+,4,0.29174691621853743,0.00986643017397637,0.035243615757262786,0.009427143744745403,0.009427143744745403,1
0.02,0.0002,48.64293659621802,0.020557969357420533,0.2815779658123713,0.11708976746833145,49,-2.1729146260085486e-14,0.0,LLTR+,3,0.24683638354439244,-0.03474158226797888,LL+,3,0.2819907531954966,0.0004127873831252793,LL+,3,0.2819907531954966,0.0004127873831252793,LLTR+,4,0.29141393829258555,0.009835972480214228,0.03515436965110416,0.009423185097088949,0.009423185097088949,1
0.02,0.0002,48.74304783092325,0.020515746234596073,0.28127433381187533,0.11706622807735681,49,-2.234809559631401e-13,0.0,LLTR+,3,0.24659758559741837,-0.03467674821445696,LL+,3,0.2816630918787485,0.0003887580668731627,LL+,3,0.2816630918787485,0.0003887580668731627,LLTR+,4,0.29108232165358183,0.0098079878417065,0.03506550628133012,0.009419229774833338,0.009419229774833338,1
0.02,0.0002,48.84315906562848,0.020473696196766113,0.2809700642382285,0.11704278518126662,49,2.7255975254547593e-14,0.0,LLTR+,3,0.24635975689673864,-0.03461030734148987,LL+,3,0.2813367801665765,0.0003667159283479715,LL+,3,0.2813367801665765,0.0003667159283479715,LLTR+,4,0.2907520579402608,0.00978199370203231,0.03497702326983784,0.009415277773684338,0.009415277773684338,1
0.02,0.0002,48.94327030033371,0.02043181818181818,0.28066550495192216,0.11701943818793314,49,-4.225442912231259e-12,0.0,LLTR+,3,0.2461228915123561,-0.03454261343956605,LL+,3,0.2810118097703933,0.0003463048184711437,LL+,3,0.2810118097703933,0.0003463048184711437,LLTR+,4,0.2904231388597487,0.009757633907826524,0.034888918258037194,0.00941132908935538,0.00941132908935538,1
0.02,0.0002,49.04338153503893,0.02039011113631209,0.28036091823190495,0.1169961865100635,49,-1.2692184109264204e-11,0.0,LLTR+,3,0.24588698356264668,-0.03447393466925827,LL+,3,0.28068817246929767,0.00032725423739271564,LL+,3,0.28068817246929767,0.00032725423739271564,LLTR+,4,0.29009555618686556,0.009734637954960601,0.03480118890665099,0.009407383717567885,0.009407383717567885,1
0.02,0.0002,49.143492769744164,0.020348574015391578,0.28005650633611034,0.11697302956515032,49,-8.465450562766819e-15,0.0,LLTR+,3,0.2456520272138663,-0.034404479122244036,LL+,3,0.2803658601093847,0.00030935377327434566,LL+,3,0.2803658601093847,0.00030935377327434566,LLTR+,4,0.2897693017634356,0.009712795427325283,0.03471383289551838,0.009403441654050937,0.009403441654050937,1
0.02,0.0002,49.24360400444939,0.020307205782697086,0.2797524281583664,0.11694996677542313,49,1.1755395268320257e-11,0.0,LLTR+,3,0.2454180166796648,-0.03433441147870156,LL+,3,0.28004486460306505,0.0002924364446986738,LL+,3,0.28004486460306505,0.0002924364446986738,LLTR+,4,0.2894443674976065,0.009691939339240119,0.034626847923400234,0.009399502894541445,0.009399502894541445,1
0.02,0.0002,49.34371523915462,0.02026600541027953,0.2794488105287401,0.11692699756780034,49,-8.935560624756533e-14,0.0,LLTR+,3,0.24518494622060502,-0.03426386430813508,LL+,3,0.27972517792839224,0.0002763673996521443,LL+,3,0.27972517792839224,0.0002763673996521443,LLTR+,4,0.28912074536317633,0.009671934834436235,0.03454023170778722,0.009395567434784091,0.009395567434784091,1
0.02,0.0002,49.44382647385984,0.020224971878515186,0.27914575607877146,0.11690412137384172,49,1.0824674490095276e-15,0.0,LLTR+,3,0.24495281014368833,-0.034192945935083124,LL+,3,0.2794067921283978,0.00026103604962635085,LL+,3,0.2794067921283978,0.00026103604962635085,LLTR+,4,0.28879842739892925,0.00965267132015779,0.034453981984709475,0.00939163527053144,0.00939163527053144,1
0.02,0.0002,49.543937708565075,0.020184104176021553,0.2788433487951269,0.11688133762970151,49,5.300596767066068e-12,0.0,LLTR+,3,0.24472160280188512,-0.034121745993241775,LL+,3,0.27908969931043504,0.0002463505153081358,LL+,3,0.27908969931043504,0.0002463505153081358,LLTR+,4,0.28847740570797864,0.00963405691285174,0.03436809650854991,0.009387706397543605,0.009387706397543605,1
0.02,0.0002,49.6440489432703,0.020143401299574277,0.2785416581115879,0.11685864577608217,49,1.524926018792172e-13,0.0,LLTR+,3,0.24449131859367207,-0.034050339517915806,LL+,3,0.27877389164553046,0.00023223353394258295,LL+,3,0.27877389164553046,0.00023223353394258295,LLTR+,4,0.288157672457119,0.00961601434553111,0.03428257305185839,0.009383780811588527,0.009383780811588527,1
0.02,0.0002,49.74416017797553,0.020102862254025043,0.27824074194911635,0.11683604525818847,49,-8.468659801197376e-12,0.0,LLTR+,3,0.24426195196257383,-0.033978789986542524,LL+,3,0.27845936136774274,0.00021861941862638679,LL+,3,0.27845936136774274,0.00021861941862638679,LLTR+,4,0.28783921987618455,0.009598477927068194,0.03419740940516891,0.009379858508441807,0.009379858508441807,1
0.02,0.0002,49.84427141268076,0.020062486052220486,0.27794064900091386,0.11681353552568244,49,-4.6004866582904924e-15,0.0,LLTR+,3,0.24403349739671118,-0.033907151604202684,LL+,3,0.2781461007735303,0.00020545177261643843,LL+,3,0.2781461007735303,0.00020545177261643843,LLTR+,4,0.287522040257417,0.009581391256503147,0.03411260337681912,0.009375939483886708,0.009375939483886708,1
0.02,0.0002,49.944382647385986,0.02002227171492205,0.2776414204699702,0.11679111603263856,49,1.6653345369377348e-16,0.0,LLTR+,3,0.24380594942835396,-0.033835471041616244,LL+,3,0.27783410222112526,0.00019268175115505493,LL+,3,0.27783410222112526,0.00019268175115505493,LLTR+,4,0.2872061259548395,0.009564705484869318,0.0340281527927713,0.009372023733714263,0.009372023733714263,1
0.02,0.0002,50.04449388209122,0.019982218270726826,0.2773430914617597,0.11676878623749971,51,-2.488231842789901e-12,0.0,LLTR+,3,0.24357930263347985,-0.03376378882827988,LL+,3,0.2775233581299159,0.00018026666815618153,LL+,3,0.2775233581299159,0.00018026666815618153,LLTR+,4,0.2868914693836388,0.00954837792187907,0.03394405549643606,0.009368111253722888,0.009368111253722888,1
0.02,0.0002,50.14460511679644,0.019942324755989352,0.27704569205108154,0.11674654560303357,51,-4.270889197854899e-15,0.0,LLTR+,3,0.24335355163133812,-0.033692140419743416,LL+,3,0.27721386097983636,0.00016816892875481937,LL+,3,0.27721386097983636,0.00016816892875481937,LLTR+,4,0.2865780630195552,0.009532370968473647,0.033860309348498235,0.009364202039718827,0.009364202039718827,1
0.02,0.0002,50.24471635150167,0.019902590214744297,0.2767492481360965,0.11672439359628944,51,3.2392144522219724e-13,0.0,LLTR+,3,0.24312869108401855,-0.033620557052077976,LL+,3,0.27690560331076275,0.00015635517466622284,LL+,3,0.27690560331076275,0.00015635517466622284,LLTR+,4,0.28626589939827884,0.009516651262182318,0.0337769122267442,0.009360296087516096,0.009360296087516096,1
0.02,0.0002,50.3448275862069,0.019863013698630135,0.27645378213757427,0.11670232968855582,51,1.106753577673203e-15,0.0,LLTR+,3,0.24290471569602598,-0.033549066441548286,LL+,3,0.2765985777219182,0.00014479558434393747,LL+,3,0.2765985777219182,0.00014479558434393747,LLTR+,4,0.28595497111485396,0.009501188977279695,0.033693862025892224,0.009356393392935758,0.009356393392935758,1
0.02,0.0002,50.44493882091213,0.019823594266813672,0.27615931355962603,0.11668035335531812,51,8.188241751305725e-14,0.0,LLTR+,3,0.24268162021385917,-0.03347769334576686,LL+,3,0.27629277687128295,0.00013346331165692282,LL+,3,0.27629277687128295,0.00013346331165692282,LLTR+,4,0.2856452708230899,0.009485957263463851,0.033611156657423785,0.009352493951806928,0.009352493951806928,1
0.02,0.0002,50.54505005561735,0.019784330985915494,0.2758658594511113,0.1166584640762174,51,-6.060853208200712e-12,0.0,LLTR+,3,0.24245939942559555,-0.033406460025515755,LL+,3,0.27598819347501313,0.00012233402390182668,LL+,3,0.27598819347501313,0.00012233402390182668,LLTR+,4,0.2853367912349791,0.00947093178386782,0.03352879404941758,0.009348597759965993,0.009348597759965993,1
0.02,0.0002,50.645161290322584,0.019745222929936305,0.2755734347943396,0.116636661335009,51,-1.8651458849605618e-11,0.0,LLTR+,3,0.2422380481604798,-0.03333538663385979,LL+,3,0.27568482030686525,0.00011138551252565243,LL+,3,0.27568482030686525,0.00011138551252565243,LLTR+,4,0.2850295251201225,0.009456090325782873,0.033446772146385445,0.00934470481325722,0.00934470481325722,1
0.02,0.0002,50.74527252502781,0.01970626918018413,0.2752820528372533,0.11661494461952215,51,5.2284669649349524e-12,0.0,LLTR+,3,0.24201756128851856,-0.03326449154873476,LL+,3,0.27538265019762875,0.00010059736037543177,LL+,3,0.27538265019762875,0.00010059736037543177,LLTR+,4,0.2847234653051606,0.00944141246790725,0.03336508890911019,0.009340815107531819,0.009340815107531819,1
0.02,0.0002,50.84538375973304,0.019667468825202362,0.27499172532472954,0.11659331342161983,51,-1.0408340855860843e-17,0.0,LLTR+,3,0.24179793372007885,-0.03319379160465069,LL+,3,0.27508167603456357,8.99507098340302e-05,LL+,3,0.27508167603456357,8.99507098340302e-05,LLTR+,4,0.28441860467321245,0.009426879348482908,0.03328374231448472,0.009336928638648878,0.009336928638648878,1
0.02,0.0002,50.94549499443826,0.01962882096069869,0.27470246278844007,0.11657176723715904,51,-7.69870278638507e-15,0.0,LLTR+,3,0.2415791604054919,-0.03312330238294817,LL+,3,0.27478189076084614,7.942797240606536e-05,LL+,3,0.27478189076084614,7.942797240606536e-05,LLTR+,4,0.2841149361633212,0.009412473374881103,0.03320273035535423,0.009333045402475038,0.009333045402475038,1
0.02,0.0002,51.045606229143495,0.01959032468947483,0.27441427470944546,0.11655030556595172,51,-6.423091225560285e-13,0.0,LLTR+,3,0.24136123633466125,-0.03305303837478421,LL+,3,0.27448328737502053,6.901266557507446e-05,LL+,3,0.27448328737502053,6.901266557507446e-05,LLTR+,4,0.2838124527699046,0.009398178060459117,0.033122051040359285,0.009329165394884043,0.009329165394884043,1
0.02,0.0002,51.145717463848726,0.01955197912135711,0.27412716970584133,0.11652892791172609,51,-2.162714451969805e-12,0.0,LLTR+,3,0.24114415653667556,-0.03298301316916577,LL+,3,0.27418585893045677,5.868922461543802e-05,LL+,3,0.27418585893045677,5.868922461543802e-05,LLTR+,4,0.2835111475422141,0.009383977836372792,0.03304170239378121,0.009325288611757354,0.009325288611757354,1
0.02,0.0002,51.24582869855395,0.019513783373127848,0.2738411556869826,0.11650763378208828,51,-3.122502256758253e-16,0.0,LLTR+,3,0.2409279160794264,-0.03291323960755618,LL+,3,0.2738895985348153,4.844284783273034e-05,LL+,3,0.2738895985348153,4.844284783273034e-05,LLTR+,4,0.2832110135837991,0.009369857896816491,0.03296168245538891,0.009321415048983761,0.009321415048983761,1
0.02,0.0002,51.34593993325918,0.01947573656845754,0.27355623998728673,0.11648642268848458,51,-5.583311590839912e-13,0.0,LLTR+,3,0.24071251006922942,-0.03284372991805731,LL+,3,0.27359449934951763,3.8259362230896876e-05,LL+,3,0.27359449934951763,3.8259362230896876e-05,LLTR+,4,0.282912044051977,0.009355804064690276,0.03288198928028821,0.00931754470245938,0.00931754470245938,1
0.02,0.0002,51.446051167964406,0.019437837837837837,0.2732724294966438,0.1164652941461641,51,2.42861286636753e-17,0.0,LLTR+,3,0.24049793365045133,-0.03277449584619249,LL+,3,0.2733005545892233,2.8125092579489586e-05,LL+,3,0.2733005545892233,2.8125092579489586e-05,LLTR+,4,0.2826142321573111,0.009341802660667253,0.03280262093877198,0.009313677568087764,0.009313677568087764,1
0.02,0.0002,51.54616240266964,0.01940008631851532,0.2729897307709689,0.1164442476741418,51,6.245004513516506e-17,0.0,LLTR+,3,0.24028418200514004,-0.032705548765828846,LL+,3,0.273007757521313,1.8026750344124487e-05,LL+,3,0.273007757521313,1.8026750344124487e-05,LLTR+,4,0.28231757116309286,0.009327840392123976,0.03272357551617297,0.009309813641779852,0.009309813641779852,1
0.02,0.0002,51.64627363737486,0.019362481154426018,0.272708150141252,0.11642328279516201,51,3.3237301799715624e-15,0.0,LLTR+,3,0.24007125035265997,-0.03263689978859202,LL+,3,0.2727161014653773,7.951324125288206e-06,LL+,3,0.2727161014653773,7.951324125288206e-06,LLTR+,4,0.2820220543848313,0.009313904243579307,0.03264485111271731,0.00930595291945402,0.00930595291945402,1
0.02,0.0002,51.74638487208009,0.019325021496130697,0.27242769381444104,0.11640239903566238,51,2.8449465006019636e-16,0.0,LL+,3,0.27242557979271176,-2.1140217292825447e-06,LLTR+,4,0.2817276751897475,0.009299981375306465,LL+,3,0.27242557979271176,-2.1140217292825447e-06,LLTR+,4,0.2817276751897475,0.009299981375306465,0.009302095397035748,0.009302095397035748,0.009302095397035748,1
0.02,0.0002,51.84649610678532,0.01928770650075091,0.2721483679718887,0.11638159592573814,51,2.214235739206316e-13,0.0,LL+,3,0.27213618592581784,-1.2182046070841057e-05,LLTR+,4,0.28143442699627574,0.009286059024387061,LL+,3,0.27213618592581784,-1.2182046070841057e-05,LLTR+,4,0.28143442699627574,0.009286059024387061,0.009298241070457902,0.009298241070457902,0.009298241070457902,1
0.02,0.0002,51.94660734149055,0.01925053533190578,0.27187017886582254,0.11636087299910698,51,-1.5671491881974475e-14,0.0,LL+,3,0.27184791333790936,-2.226552791317893e-05,LLTR+,4,0.28114230327357004,0.009272124407747495,LL+,3,0.27184791333790936,-2.226552791317893e-05,LLTR+,4,0.28114230327357004,0.009272124407747495,0.009294389935660674,0.009294389935660674,0.009294389935660674,1
0.02,0.0002,52.04671857619577,0.0192135071596495,0.2715931329171197,0.1163402297930741,53,2.52957377266938e-14,0.0,LL+,3,0.27156075555242476,-3.237736469491326e-05,LLTR+,4,0.28085129754101634,0.00925816462389667,LL+,3,0.27156075555242476,-3.237736469491326e-05,LLTR+,4,0.28085129754101634,0.00925816462389667,0.009290541988591583,0.009290541988591583,0.009290541988591583,1
0.02,0.0002,52.146829810901004,0.019176621160409555,0.2713172368140904,0.11631966584849784,53,1.5994150448506161e-15,0.0,LL+,3,0.2712747061425449,-4.253067154552648e-05,LLTR+,4,0.28056140336775015,0.009244166553659727,LL+,3,0.2712747061425449,-4.253067154552648e-05,LLTR+,4,0.28056140336775015,0.009244166553659727,0.009286697225205254,0.009286697225205254,0.009286697225205254,1
0.02,0.0002,52.24694104560623,0.019139876516925697,0.27104249762264643,0.11629918070975559,53,2.2873512112164818e-11,0.0,LL+,3,0.27098975873071673,-5.273889192969339e-05,LLTR+,4,0.28027261437218043,0.009230116749534,LL+,3,0.27098975873071673,-5.273889192969339e-05,LLTR+,4,0.28027261437218043,0.009230116749534,0.009282855641463694,0.009282855641463694,0.009282855641463694,1
0.02,0.0002,52.34705228031146,0.019103272418189543,0.27076892286634535,0.11627877392471017,53,2.7800504953656713e-12,0.0,LL+,3,0.27070590698818187,-6.301587816348597e-05,LLTR+,4,0.279984924221518,0.009216001355172643,LL+,3,0.27070590698818187,-6.301587816348597e-05,LLTR+,4,0.279984924221518,0.009216001355172643,0.009279017233336129,0.009279017233336129,0.009279017233336129,1
0.02,0.0002,52.44716351501669,0.01906680805938494,0.2704965207084925,0.11625844504467661,53,2.208126390068621e-11,0.0,LL+,3,0.27042314463451134,-7.337607398116841e-05,LLTR+,4,0.27969832663131,0.009201805922817496,LL+,3,0.27042314463451134,-7.337607398116841e-05,LLTR+,4,0.27969832663131,0.009201805922817496,0.009275181996798665,0.009275181996798665,0.009275181996798665,1
0.02,0.0002,52.547274749721915,0.01903048264182896,0.2702253000007587,0.11623819362438916,53,8.374662074928096e-12,0.0,LL+,3,0.27014146543714457,-8.383456361410468e-05,LLTR+,4,0.27941281536497975,0.009187515364221077,LL+,3,0.27014146543714457,-8.383456361410468e-05,LLTR+,4,0.27941281536497975,0.009187515364221077,0.009271349927835182,0.009271349927835182,0.009271349927835182,1
0.02,0.0002,52.647385984427146,0.018994295372913583,0.2699552705020066,0.11621801922196884,53,9.34140265140826e-12,0.0,LL+,3,0.26986086321093494,-9.440729107162982e-05,LLTR+,4,0.27912838423337105,0.00917311373136448,LL+,3,0.26986086321093494,-9.440729107162982e-05,LLTR+,4,0.27912838423337105,0.00917311373136448,0.00926752102243611,0.00926752102243611,0.00926752102243611,1
0.02,0.0002,52.74749721913237,0.01895824546604808,0.2696864429884796,0.11619792139889132,53,-1.4068607390171906e-14,0.0,LL+,3,0.2695813318176992,-0.0001051111707803809,LLTR+,4,0.2788450270942987,0.009158584105819101,LL+,3,0.2695813318176992,-0.0001051111707803809,LLTR+,4,0.2788450270942987,0.009158584105819101,0.009263695276599482,0.009263695276599482,0.009263695276599482,1
0.02,0.0002,52.8476084538376,0.018922332140601978,0.2694188294724071,0.11617789971995511,53,2.8641984617383542e-12,0.0,LL+,3,0.2693028651657732,-0.00011596430663390889,LLTR+,4,0.2785627378521034,0.009143908379696308,LL+,3,0.2693028651657732,-0.00011596430663390889,LLTR+,4,0.2785627378521034,0.009143908379696308,0.009259872686330217,0.009259872686330217,0.009259872686330217,1
0.02,0.0002,52.947719688542826,0.01888655462184874,0.2691524433911956,0.11615795375325018,53,1.2177620023479108e-12,0.0,LL+,3,0.2690254572095716,-0.00012698618162398922,LLTR+,4,0.27828151045721206,0.00912906706601646,LL+,3,0.2690254572095716,-0.00012698618162398922,LLTR+,4,0.27828151045721206,0.00912906706601646,0.00925605324764045,0.00925605324764045,0.00925605324764045,1
0.02,0.0002,53.04783092324806,0.01885091214091004,0.268887299873347,0.11613808307012685,53,-5.065392549852277e-16,0.0,LL+,3,0.26874910194915347,-0.00013819792419350607,LLTR+,4,0.2780013389057028,0.009114039032355803,LL+,3,0.26874910194915347,-0.00013819792419350607,LLTR+,4,0.2780013389057028,0.009114039032355803,0.009252236956549309,0.009252236956549309,0.009252236956549309,1
0.02,0.0002,53.14794215795328,0.01881540393470071,0.26862341602345974,0.11611828724516515,53,-7.632783294297951e-17,0.0,LL+,3,0.26847379342979205,-0.0001496225936676865,LLTR+,4,0.2777222172388753,0.009098801215415564,LL+,3,0.26847379342979205,-0.0001496225936676865,LLTR+,4,0.2777222172388753,0.009098801215415564,0.00924842380908325,0.00924842380908325,0.00924842380908325,1
0.02,0.0002,53.24805339265851,0.01878002924587424,0.26836081126993133,0.11609856585614439,53,6.357345205820764e-13,0.0,LL+,3,0.26819952574155015,-0.00016128552838118315,LLTR+,4,0.27744413954282554,0.009083328272894209,LL+,3,0.26819952574155015,-0.00016128552838118315,LLTR+,4,0.27744413954282554,0.009083328272894209,0.009244613801275392,0.009244613801275392,0.009244613801275392,1
0.02,0.0002,53.34816462736374,0.018744787322768974,0.26809950778058356,0.11607891848401321,53,2.789435349370706e-15,0.0,LL+,3,0.2679262930188592,-0.00017321476172438288,LLTR+,4,0.2771670999480255,0.009067592167441962,LL+,3,0.2679262930188592,-0.00017321476172438288,LLTR+,4,0.2771670999480255,0.009067592167441962,0.009240806929166345,0.009240806929166345,0.009240806929166345,1
0.02,0.0002,53.44827586206897,0.018709677419354837,0.267839530966981,0.11605934471285984,53,5.2284565565940966e-15,0.0,LL+,3,0.2676540894401045,-0.0001854415268764953,LLTR+,4,0.2768910926289079,0.009051561661926888,LL+,3,0.2676540894401045,-0.0001854415268764953,LLTR+,4,0.2768910926289079,0.009051561661926888,0.009237003188803383,0.009237003188803383,0.009237003188803383,1
0.02,0.0002,53.54838709677419,0.018674698795180723,0.2675809100977199,0.11603984412988276,53,4.3461033383263015e-12,0.0,LL+,3,0.2673829092272139,-0.0001980008705059766,LLTR+,4,0.2766161118034548,0.009035201705734908,LL+,3,0.2673829092272139,-0.0001980008705059766,LLTR+,4,0.2766161118034548,0.009035201705734908,0.009233202576240884,0.009233202576240884,0.009233202576240884,1
0.02,0.0002,53.64849833147942,0.018639850715322412,0.26732367905079285,0.11602041632536175,53,5.0392329198345465e-12,0.0,LL+,3,0.2671127466452514,-0.00021093240554143078,LLTR+,4,0.27634215173279175,0.009018472681998901,LL+,3,0.2671127466452514,-0.00021093240554143078,LLTR+,4,0.27634215173279175,0.009018472681998901,0.009229405087540332,0.009229405087540332,0.009229405087540332,1
0.02,0.0002,53.748609566184655,0.018605132450331123,0.26706787726274295,0.11600106089262911,53,-4.562322741819003e-15,0.0,LL+,3,0.2668435960020158,-0.00022428126072715493,LLTR+,4,0.27606920672078616,0.009001329458043217,LL+,3,0.2668435960020158,-0.00022428126072715493,LLTR+,4,0.27606920672078616,0.009001329458043217,0.009225610718770372,0.009225610718770372,0.009225610718770372,1
0.02,0.0002,53.84872080088988,0.018570543276182606,0.2668135509206263,0.1159817774280413,53,3.9593328615694645e-14,0.0,LL+,3,0.2665754516476433,-0.0002380992729830167,LLTR+,4,0.27579727111364916,0.008983720193022848,LL+,3,0.2665754516476433,-0.0002380992729830167,LLTR+,4,0.27579727111364916,0.008983720193022848,0.009221819466005865,0.009221819466005865,0.009221819466005865,1
0.02,0.0002,53.94883203559511,0.018536082474226803,0.26656075446824296,0.11596256553095095,53,-9.000786227453261e-14,0.0,LL+,3,0.26630830797421445,-0.00025244649402850206,LLTR+,4,0.27552633929954395,0.008965584831300999,LL+,3,0.26630830797421445,-0.00025244649402850206,LLTR+,4,0.27552633929954395,0.008965584831300999,0.009218031325329501,0.009218031325329501,0.009218031325329501,1
0.02,0.0002,54.048943270300335,0.018501749331138094,0.2663095525741097,0.115943424803679,55,1.734723475976807e-17,0.0,LL+,3,0.2660421594153659,-0.00026739315874380054,LLTR+,4,0.2752564057081963,0.008946853134086608,LL+,3,0.2660421594153659,-0.00026739315874380054,LLTR+,4,0.2752564057081963,0.008946853134086608,0.009214246292830408,0.009214246292830408,0.009214246292830408,1
0.02,0.0002,54.149054505005566,0.018467543138866064,0.2660600227021239,0.11592435485148733,55,6.0375246468957755e-12,0.0,LL+,3,0.26577700044590635,-0.0002830222562175688,LLTR+,4,0.27498746481051106,0.00892744210838714,LL+,3,0.26577700044590635,-0.0002830222562175688,LLTR+,4,0.27498746481051106,0.00892744210838714,0.009210464364604709,0.009210464364604709,0.009210464364604709,1
0.02,0.0002,54.24916573971079,0.018433463194586837,0.2658122585243691,0.11590535528255166,55,1.6871712360533309e-12,0.0,LL+,3,0.2655128255814364,-0.00029943294293272027,LLTR+,4,0.2747195111181919,0.008907252593822745,LL+,3,0.2655128255814364,-0.00029943294293272027,LLTR+,4,0.2747195111181919,0.008907252593822745,0.009206685536755466,0.009206685536755466,0.009206685536755466,1
0.02,0.0002,54.34927697441602,0.01839950880065493,0.2655663745885738,0.11588642570793463,55,1.1650402864660236e-14,0.0,LL+,3,0.2652496293779729,-0.00031674521060087724,LLTR+,4,0.27445253918336554,0.008886164594791746,LL+,3,0.2652496293779729,-0.00031674521060087724,LLTR+,4,0.27445253918336554,0.008886164594791746,0.009202909805392623,0.009202909805392623,0.009202909805392623,1
0.02,0.0002,54.449388209121246,0.01836567926455567,0.2653225127287694,0.11586756574155929,55,-1.3563698775254096e-12,0.0,LL+,3,0.2649874064315777,-0.0003351062971916896,LLTR+,4,0.2741865435982105,0.008864030869441097,LL+,3,0.2649874064315777,-0.0003351062971916896,LLTR+,4,0.2741865435982105,0.008864030869441097,0.009199137166632787,0.009199137166632787,0.009199137166632787,1
0.02,0.0002,54.54949944382648,0.018331973898858073,0.26508085118103575,0.11584877500018288,55,-2.5535476511073796e-13,0.0,LL+,3,0.2647261513779896,-0.00035469980304614346,LLTR+,4,0.2739215189945894,0.008840667813553638,LL+,3,0.2647261513779896,-0.00035469980304614346,LLTR+,4,0.2739215189945894,0.008840667813553638,0.009195367616599781,0.009195367616599781,0.009195367616599781,1
0.02,0.0002,54.6496106785317,0.018298392021168328,0.26484161782349275,0.11583005310337086,55,-1.0011991236069662e-12,0.0,LL+,3,0.2644658588922614,-0.0003757589312313736,LLTR+,4,0.2736574600436854,0.00881584222019266,LL+,3,0.2644658588922614,-0.0003757589312313736,LLTR+,4,0.2736574600436854,0.00881584222019266,0.009191601151424034,0.009191601151424034,0.009191601151424034,1
0.02,0.0002,54.74972191323693,0.018264932954083705,0.264605110055104,0.11581139967347118,55,5.279179871031658e-13,0.0,LL+,3,0.26420652368840036,-0.000398586366703646,LLTR+,4,0.273394361455643,0.008789251400538989,LL+,3,0.26420652368840036,-0.000398586366703646,LLTR+,4,0.273394361455643,0.008789251400538989,0.009187837767242635,0.009187837767242635,0.009187837767242635,1
0.02,0.0002,54.849833147942164,0.018231596025147026,0.26437172570576956,0.11579281433558897,55,-3.9898639947466563e-16,0.0,LL+,3,0.2639481405190125,-0.00042358518675705836,LLTR+,4,0.27313221797921233,0.008760492273442777,LL+,3,0.2639481405190125,-0.00042358518675705836,LLTR+,4,0.27313221797921233,0.008760492273442777,0.009184077460199835,0.009184077460199835,0.009184077460199835,1
0.02,0.0002,54.94994438264739,0.01819838056680162,0.2641420133227696,0.11577429671756141,55,6.869504964868156e-15,0.0,LL+,3,0.26369070417495144,-0.00045130914781815745,LLTR+,4,0.27287102440139765,0.008729011078628057,LL+,3,0.26369070417495144,-0.00045130914781815745,LLTR+,4,0.27287102440139765,0.008729011078628057,0.009180320226446215,0.009180320226446215,0.009180320226446215,1
0.02,0.0002,55.05005561735262,0.018165285916346734,0.2639167584515815,0.11575584644993281,55,-4.947396659016334e-13,0.0,LL+,3,0.26343420948496976,-0.00048254896661176216,LLTR+,4,0.27261077554710944,0.008694017095527917,LL+,3,0.26343420948496976,-0.00048254896661176216,LLTR+,4,0.27261077554710944,0.008694017095527917,0.00917656606213968,0.00917656606213968,0.00917656606213968,1
0.02,0.0002,55.15016685205784,0.018132311415893505,0.26369714214916856,0.11573746316593014,55,1.9012569296705806e-15,0.0,LL+,3,0.26317865131537616,-0.0005184908337924066,LLTR+,4,0.27235146627882056,0.008654324129652002,LL+,3,0.26317865131537616,-0.0005184908337924066,LLTR+,4,0.27235146627882056,0.008654324129652002,0.009172814963444409,0.009172814963444409,0.009172814963444409,1
0.02,0.0002,55.250278086763075,0.01809945641232132,0.26348505911567915,0.11571914650143864,55,-1.1454760751039572e-12,0.0,LL+,3,0.2629240245696941,-0.0005610345459850508,LLTR+,4,0.2720930914962256,0.008608032380546471,LL+,3,0.2629240245696941,-0.0005610345459850508,LLTR+,4,0.2720930914962256,0.008608032380546471,0.009169066926531522,0.009169066926531522,0.009169066926531522,1
0.02,0.0002,55.3503893214683,0.018066720257234728,0.26328383827110674,0.11570089609497787,55,4.727607194610073e-13,0.0,LL+,3,0.26267032418832603,-0.0006135140827807084,LLTR+,4,0.2718356461359047,0.008551807864797978,LL+,3,0.26267032418832603,-0.0006135140827807084,LLTR+,4,0.2718356461359047,0.008551807864797978,0.009165321947578686,0.009165321947578686,0.009165321947578686,1
0.02,0.0002,55.45050055617353,0.01803410230692076,0.2631001908251276,0.11568271158767783,55,-1.4026488304175189e-12,0.0,LL+,3,0.26241754514822,-0.0006826456769075673,LLTR+,4,0.2715791251709906,0.008478934345862998,LL+,3,0.26241754514822,-0.0006826456769075673,LLTR+,4,0.2715791251709906,0.008478934345862998,0.009161580022770566,0.009161580022770566,0.009161580022770566,1
0.02,0.0002,55.550611790878754,0.018001601922306768,0.2629512699258741,0.11566459262325554,55,5.336009412104659e-15,0.0,LL+,3,0.2621656824625408,-0.0007855874633332927,LLTR+,4,0.271323523610839,0.008372253684964914,LL+,3,0.2621656824625408,-0.0007855874633332927,LLTR+,4,0.271323523610839,0.008372253684964914,0.009157841148298207,0.009157841148298207,0.009157841148298207,1
0.02,0.0002,55.650723025583986,0.01796921846891865,0.26291379939471454,0.11564653884799166,55,3.469446951953614e-18,0.0,LL+,3,0.2619147311803435,-0.0009990682143710683,LLTR+,4,0.271068836500703,0.008155037105988472,LL+,3,0.2619147311803435,-0.0009990682143710683,LLTR+,4,0.271068836500703,0.008155037105988472,0.00915410532035954,0.00915410532035954,0.00915410532035954,1
0.02,0.0002,55.75083426028921,0.017936951316839585,0.26978819144918853,0.11562854991070758,55,-1.595078236160674e-13,0.0,LL+,3,0.26166468638625184,-0.008123505062936687,LLTR+,4,0.2708150589214109,0.0010268674722223592,LL+,3,0.26166468638625184,-0.008123505062936687,LLTR+,4,0.2708150589214109,0.0010268674722223592,0.009150372535159046,0.009150372535159046,0.009150372535159046,1
0.02,0.0002,55.85094549499444,0.01790479984066919,0.2697672264698229,0.11561062546274259,55,-1.5543122344752192e-15,0.0,LL+,3,0.2614155432001394,-0.008351683269683496,LLTR+,4,0.2705621859890472,0.0007949595192243142,LL+,3,0.2614155432001394,-0.008351683269683496,LLTR+,4,0.2705621859890472,0.0007949595192243142,0.00914664278890781,0.00914664278890781,0.00914664278890781,1
0.02,0.0002,55.951056729699665,0.0178727634194831,0.26962187153806805,0.11559276515793133,55,8.130787709781373e-13,0.0,LL+,3,0.2611672967768137,-0.00845457476125433,LLTR+,4,0.27031021285463724,0.0006883413165691965,LL+,3,0.2611672967768137,-0.00845457476125433,LLTR+,4,0.27031021285463724,0.0006883413165691965,0.009142916077823526,0.009142916077823526,0.009142916077823526,1
0.02,0.0002,56.0511679644049,0.017840841436793015,0.26944149889602526,0.11557496865258161,57,-9.22525944524466e-14,0.0,LL+,3,0.26091994230570487,-0.00852155659032039,LLTR+,4,0.27005913470383547,0.0006176358078102129,LL+,3,0.26091994230570487,-0.00852155659032039,LLTR+,4,0.27005913470383547,0.0006176358078102129,0.009139192398130602,0.009139192398130602,0.009139192398130602,1
0.02,0.0002,56.15127919911013,0.01780903328050713,0.26924466371279454,0.11555723560545222,57,-1.2100043189633425e-13,0.0,LL+,3,0.2606734750105565,-0.008571188702238053,LLTR+,4,0.2698089467566166,0.0005642830438220559,LL+,3,0.2606734750105565,-0.008571188702238053,LLTR+,4,0.2698089467566166,0.0005642830438220559,0.009135471746060109,0.009135471746060109,0.009135471746060109,1
0.02,0.0002,56.25139043381535,0.017777338342891042,0.26903845966696194,0.11553956567773127,57,-2.0133200662186823e-13,0.0,LL+,3,0.2604278901491206,-0.008610569517841338,LLTR+,4,0.2695596442669699,0.0005211846000079401,LL+,3,0.2604278901491206,-0.008610569517841338,LLTR+,4,0.2695596442669699,0.0005211846000079401,0.009131754117849278,0.009131754117849278,0.009131754117849278,1
0.02,0.0002,56.351501668520584,0.017745756020529014,0.268826362993622,0.11552195853301443,57,-1.264634230668804e-12,0.0,LL+,3,0.26018318301285537,-0.008643179980766635,LLTR+,4,0.26931122252259776,0.00048485952897575624,LL+,3,0.26018318301285537,-0.008643179980766635,LLTR+,4,0.26931122252259776,0.00048485952897575624,0.009128039509742392,0.009128039509742392,0.009128039509742392,1
0.02,0.0002,56.45161290322581,0.017714285714285714,0.2686103373987288,0.1155044138372838,57,-1.427920282015549e-13,0.0,LL+,3,0.2599393489266264,-0.008670988472102403,LLTR+,4,0.2690636768446164,0.00045333944588760167,LL+,3,0.2599393489266264,-0.008670988472102403,LLTR+,4,0.2690636768446164,0.00045333944588760167,0.009124327917990005,0.009124327917990005,0.009124327917990005,1
0.02,0.0002,56.55172413793104,0.01768292682926829,0.26839160072832713,0.11548693125888658,57,-8.107403637325206e-14,0.0,LL+,3,0.2596963832484107,-0.008695217479916417,LLTR+,4,0.26881700258726005,0.0004254018589329167,LL+,3,0.2596963832484107,-0.008695217479916417,LLTR+,4,0.26881700258726005,0.0004254018589329167,0.009120619338849334,0.009120619338849334,0.009120619338849334,1
0.02,0.0002,56.65183537263626,0.017651678774788924,0.26817096011070535,0.11546951046851434,57,8.106643828442728e-12,0.0,LL+,3,0.2594542813690047,-0.008716678741700623,LLTR+,4,0.26857119513758854,0.0004002350268831889,LL+,3,0.2594542813690047,-0.008716678741700623,LLTR+,4,0.26857119513758854,0.0004002350268831889,0.009116913768583812,0.009116913768583812,0.009116913768583812,1
0.02,0.0002,56.751946607341495,0.017620540964327712,0.2679489777114446,0.11545215113918221,57,-2.0655109567169205e-12,0.0,LL+,3,0.2592130387117342,-0.008735938999710424,LLTR+,4,0.26832624991519793,0.0003772722037533316,LL+,3,0.2592130387117342,-0.008735938999710424,LLTR+,4,0.26832624991519793,0.0003772722037533316,0.009113211203463756,0.009113211203463756,0.009113211203463756,1
0.02,0.0002,56.85205784204672,0.01758951281549599,0.26772606056551657,0.11543485294620852,57,-1.2802259252708836e-15,0.0,LL+,3,0.258972650732168,-0.008753409833348547,LLTR+,4,0.26808216237193383,0.00035610180641726386,LL+,3,0.258972650732168,-0.008753409833348547,LLTR+,4,0.26808216237193383,0.00035610180641726386,0.00910951163976581,0.00910951163976581,0.00910951163976581,1
0.02,0.0002,56.95216907675195,0.01755859375,0.26750251259640445,0.11541761556719451,57,-6.714941103158623e-13,0.0,LL+,3,0.2587331129178351,-0.008769399678569378,LLTR+,4,0.267838927991608,0.0003364153952035709,LL+,3,0.2587331129178351,-0.008769399678569378,LLTR+,4,0.267838927991608,0.0003364153952035709,0.00910581507377295,0.00910581507377295,0.00910581507377295,1
0.02,0.0002,57.052280311457174,0.01752778319360499,0.2672785665819975,0.1154004386820043,57,-4.165192496463632e-12,0.0,LL+,3,0.25849442078794327,-0.008784145794054232,LLTR+,4,0.2675965422897181,0.0003179757077205747,LL+,3,0.25849442078794327,-0.008784145794054232,LLTR+,4,0.2675965422897181,0.0003179757077205747,0.009102121501774807,0.009102121501774807,0.009102121501774807,1
0.02,0.0002,57.152391546162406,0.01749708057609965,0.26705440460700924,0.11538332197274506,57,-6.068950897386571e-12,0.0,LL+,3,0.25825656989310275,-0.008797834713906494,LLTR+,4,0.26735500081317004,0.00030059620616079696,LL+,3,0.25825656989310275,-0.008797834713906494,LLTR+,4,0.26735500081317004,0.00030059620616079696,0.00909843092006729,0.00909843092006729,0.00909843092006729,1
0.02,0.0002,57.25250278086763,0.01746648533126093,0.26683017166844286,0.11536626512374748,57,-3.469446951953614e-17,0.0,LL+,3,0.25801955581505087,-0.00881061585339199,LLTR+,4,0.26711429914000373,0.0002841274715608688,LL+,3,0.25801955581505087,-0.00881061585339199,LLTR+,4,0.26711429914000373,0.0002841274715608688,0.009094743324952859,0.009094743324952859,0.009094743324952859,1
0.02,0.0002,57.35261401557286,0.01743599689681924,0.2666059850025678,0.11534926782154623,57,-3.549209537379028e-13,0.0,LL+,3,0.25778337416638053,-0.008822610836187295,LLTR+,4,0.2668744328791208,0.00026844787655300184,LL+,3,0.25778337416638053,-0.008822610836187295,LLTR+,4,0.2668744328791208,0.00026844787655300184,0.009091058712740296,0.009091058712740296,0.009091058712740296,1
0.02,0.0002,57.45272525027809,0.017405614714424006,0.2663819406856972,0.1153323297548609,57,-1.8773177457021006e-14,0.0,LL+,3,0.2575480205902716,-0.008833920095425607,LLTR+,4,0.2666353976700163,0.00025345698431911146,LL+,3,0.2575480205902716,-0.008833920095425607,LLTR+,4,0.2666353976700163,0.00025345698431911146,0.009087377079744718,0.009087377079744718,0.009087377079744718,1
0.02,0.0002,57.55283648498332,0.017375338229609585,0.266158118367708,0.11531545061457685,57,2.1510571102112408e-16,0.0,LL+,3,0.2573134907602247,-0.00884462760748328,LLTR+,4,0.26639718918251243,0.00023907081480445402,LL+,3,0.2573134907602247,-0.00884462760748328,LLTR+,4,0.26639718918251243,0.00023907081480445402,0.009083698422287734,0.009083698422287734,0.009083698422287734,1
0.02,0.0002,57.65294771968855,0.017345166891761528,0.26593458477801996,0.11529863009372657,57,1.5641408307454086e-11,0.0,LL+,3,0.25707978037979795,-0.008854804398222005,LLTR+,4,0.26615980311649523,0.00022521833847527484,LL+,3,0.25707978037979795,-0.008854804398222005,LLTR+,4,0.26615980311649523,0.00022521833847527484,0.00908002273669728,0.00908002273669728,0.00908002273669728,1
0.02,0.0002,57.75305895439377,0.017315100154083204,0.2657113963146814,0.1152818678874709,57,-7.89993070959838e-15,0.0,LL+,3,0.25684688518234644,-0.00886451113233494,LLTR+,4,0.2659232352016542,0.00021183888697279274,LL+,3,0.25684688518234644,-0.00886451113233494,LLTR+,4,0.2659232352016542,0.00021183888697279274,0.009076350019307733,0.009076350019307733,0.009076350019307733,1
0.02,0.0002,57.853170189099,0.017285137473562775,0.26548860110217154,0.11526516369308076,57,1.3013895516778007e-14,0.0,LL+,3,0.2566148009307645,-0.008873800171407042,LLTR+,4,0.26568748119722396,0.00019888009505242277,LL+,3,0.2566148009307645,-0.008873800171407042,LLTR+,4,0.26568748119722396,0.00019888009505242277,0.009072680266459465,0.009072680266459465,0.009072680266459465,1
0.02,0.0002,57.95328142380423,0.017255278310940498,0.2652662404732905,0.11524851720991883,57,-1.3686968225457008e-14,0.0,LL+,3,0.2563835234172307,-0.008882717056059808,LLTR+,4,0.2654525368917302,0.00018629641843970202,LL+,3,0.2563835234172307,-0.008882717056059808,LLTR+,4,0.2654525368917302,0.00018629641843970202,0.00906901347449951,0.00906901347449951,0.00906901347449951,1
0.02,0.0002,58.05339265850946,0.017225522130676373,0.26504435020746214,0.11523192813942158,59,-3.517842267486415e-12,0.0,LL+,3,0.2561530484629546,-0.00889130174450753,LLTR+,4,0.26521839810273584,0.00017404789527369902,LL+,3,0.2561530484629546,-0.00889130174450753,LLTR+,4,0.26521839810273584,0.00017404789527369902,0.009065349639781228,0.009065349639781228,0.009065349639781228,1
0.02,0.0002,58.15350389321468,0.01719586840091813,0.26482296148890555,0.11521539618508136,59,-4.449288160124354e-13,0.0,LL+,3,0.255923371917928,-0.008899589570977529,LLTR+,4,0.2649850606765919,0.00016209918768633758,LL+,3,0.255923371917928,-0.008899589570977529,LLTR+,4,0.2649850606765919,0.00016209918768633758,0.009061688758663866,0.009061688758663866,0.009061688758663866,1
0.02,0.0002,58.253615127919915,0.017166316593469542,0.26460210166229536,0.11519892105242878,59,-3.8900722920676145e-12,0.0,LL+,3,0.25569448966067676,-0.008907612001618603,LLTR+,4,0.2647525204881901,0.000150418825894727,LL+,3,0.25569448966067676,-0.008907612001618603,LLTR+,4,0.2647525204881901,0.000150418825894727,0.00905803082751333,0.00905803082751333,0.00905803082751333,1
0.02,0.0002,58.35372636262514,0.017136866183759054,0.26438179486869023,0.11518250244901518,59,-1.2399251764216856e-11,0.0,LL+,3,0.25546639759801626,-0.008915397270673975,LLTR+,4,0.2645207734407179,0.00013897857202765929,LL+,3,0.25546639759801626,-0.008915397270673975,LLTR+,4,0.2645207734407179,0.00013897857202765929,0.009054375842701634,0.009054375842701634,0.009054375842701634,1
0.02,0.0002,58.45383759733037,0.017107516650808754,0.26416206255795666,0.11516614008439538,59,-1.3877787807814457e-17,0.0,LL+,3,0.2552390916648092,-0.008922970893147475,LLTR+,4,0.2642898154654162,0.00012775290745953294,LL+,3,0.2552390916648092,-0.008922970893147475,LLTR+,4,0.2642898154654162,0.00012775290745953294,0.009050723800607008,0.009050723800607008,0.009050723800607008,1
0.02,0.0002,58.553948832035594,0.01707826747720365,0.2639429238804836,0.11514983367011054,59,-6.529402019062047e-12,0.0,LL+,3,0.2550125678237256,-0.008930356056758015,LLTR+,4,0.2640596425213397,0.00011671864085605055,LL+,3,0.2550125678237256,-0.008930356056758015,LLTR+,4,0.2640596425213397,0.00011671864085605055,0.009047074697614066,0.009047074697614066,0.009047074697614066,1
0.02,0.0002,58.654060066740826,0.017049118149061255,0.2637243960835659,0.11513358291967116,59,9.617306950815419e-15,0.0,LL+,3,0.25478682206500614,-0.008937574018559769,LLTR+,4,0.26383025059511955,0.00010585451155364911,LL+,3,0.25478682206500614,-0.008937574018559769,LLTR+,4,0.26383025059511955,0.00010585451155364911,0.009043428530113418,0.009043428530113418,0.009043428530113418,1
0.02,0.0002,58.75417130144606,0.017020068156001513,0.26350649476724336,0.11511738754854035,59,5.91852955533767e-14,0.0,LL+,3,0.2545618504062264,-0.00894464436101694,LLTR+,4,0.2636016357007283,9.514093348494956e-05,LL+,3,0.2545618504062264,-0.00894464436101694,LLTR+,4,0.2636016357007283,9.514093348494956e-05,0.00903978529450189,0.00903978529450189,0.00903978529450189,1
0.02,0.0002,58.85428253615128,0.01699111699111699,0.2632892341607468,0.11510124727411723,59,-1.6567650029664094e-13,0.0,LL+,3,0.2543376488920649,-0.008951585268681894,LLTR+,4,0.2633737938792477,8.455971850090949e-05,LL+,3,0.2543376488920649,-0.008951585268681894,LLTR+,4,0.2633737938792477,8.455971850090949e-05,0.009036144987182804,0.009036144987182804,0.009036144987182804,1
0.02,0.0002,58.95439377085651,0.016962264150943394,0.2630726273284428,0.11508516181572045,59,-3.122502256758253e-17,0.0,LL+,3,0.2541142135940728,-0.008958413734369952,LLTR+,4,0.263146721198638,7.409387019524649e-05,LL+,3,0.2541142135940728,-0.008958413734369952,LLTR+,4,0.263146721198638,7.409387019524649e-05,0.009032507604565199,0.009032507604565199,0.009032507604565199,1
0.02,0.0002,59.05450500556174,0.016933509135430402,0.26285668635860665,0.11506913089457196,59,-2.3314683517128287e-15,0.0,LL+,3,0.2538915406104463,-0.008965145748160375,LLTR+,4,0.26292041375351094,6.372739490428936e-05,LL+,3,0.2538915406104463,-0.008965145748160375,LLTR+,4,0.26292041375351094,6.372739490428936e-05,0.009028873143064664,0.009028873143064664,0.009028873143064664,1
0.02,0.0002,59.15461624026697,0.016904851447912747,0.2626414225283157,0.11505315423378086,59,-1.6831327998012569e-13,0.0,LL+,3,0.2536696260658007,-0.008971796462515003,LLTR+,4,0.26269486766490335,5.3445136587670916e-05,LL+,3,0.2536696260658007,-0.008971796462515003,LLTR+,4,0.26269486766490335,5.3445136587670916e-05,0.009025241599102674,0.009025241599102674,0.009025241599102674,1
0.02,0.0002,59.25472747497219,0.01687629059508166,0.2624268464491992,0.11503723155832754,59,-3.1052591054070433e-13,0.0,LL+,3,0.25344846611094785,-0.00897838033825138,LLTR+,4,0.2624700790800548,4.3232630855594145e-05,LL+,3,0.25344846611094785,-0.00897838033825138,LLTR+,4,0.2624700790800548,4.3232630855594145e-05,0.009021612969106974,0.009021612969106974,0.009021612969106974,1
0.02,0.0002,59.35483870967742,0.01684782608695652,0.2622129681980439,0.11502136259504778,59,-1.9125638572869974e-12,0.0,LL+,3,0.25322805692267475,-0.008984911275369156,LLTR+,4,0.2622460441721861,3.307597414220487e-05,LL+,3,0.25322805692267475,-0.008984911275369156,LLTR+,4,0.2622460441721861,3.307597414220487e-05,0.009017987249511361,0.009017987249511361,0.009017987249511361,1
0.02,0.0002,59.45494994438265,0.016819457436856877,0.26199979744360125,0.11500554707261722,59,1.5837890027237123e-11,0.0,LL+,3,0.2530083947035251,-0.008991402740076149,LLTR+,4,0.2620227591402807,2.2961696679479893e-05,LL+,3,0.2530083947035251,-0.008991402740076149,LLTR+,4,0.2620227591402807,2.2961696679479893e-05,0.009014364436755629,0.009014364436755629,0.009014364436755629,1
0.02,0.0002,59.55506117908788,0.01679118416137467,0.2617873435285514,0.11498978472153588,59,1.8457457784393227e-15,0.0,LL+,3,0.2527894756815825,-0.008997867846968877,LLTR+,4,0.2618002202088684,1.287668031701994e-05,LL+,3,0.2527894756815825,-0.008997867846968877,LLTR+,4,0.2618002202088684,1.287668031701994e-05,0.009010744527285897,0.009010744527285897,0.009010744527285897,1
0.02,0.0002,59.6551724137931,0.01676300578034682,0.2615756156265898,0.11497407527411285,59,-5.716260798038775e-14,0.0,LL+,3,0.25257129611025664,-0.009004319516333181,LLTR+,4,0.2615784236278108,2.808001220988565e-06,LL+,3,0.25257129611025664,-0.009004319516333181,LLTR+,4,0.2615784236278108,2.808001220988565e-06,0.00900712751755417,0.00900712751755417,0.00900712751755417,1
0.02,0.0002,59.755283648498335,0.016734921816827997,0.26136462278683453,0.11495841846445112,59,-1.7804206026150737e-11,0.0,LLTR+,4,0.2613573656720892,-7.257114745307103e-06,LL+,4,0.290530386973579,0.02916576418674449,LL+,3,0.2523538522680706,-0.009010770518763922,LLTR+,4,0.2613573656720892,-7.257114745307103e-06,0.0291730213014898,0.009003513404018615,0.009003513404018615,1
0.02,0.0002,59.85539488320356,0.016706931797063743,0.26115437408194725,0.11494281402843254,59,-1.0195073951724254e-12,0.0,LLTR+,4,0.2611370426415947,-1.7331440352541527e-05,LL+,4,0.29025068368902085,0.0290963096070736,LL+,3,0.2521371404584515,-0.009017233623495768,LLTR+,4,0.2611370426415947,-1.7331440352541527e-05,0.029113641047426142,0.008999902183143227,0.008999902183143227,1
0.02,0.0002,59.95550611790879,0.01667903525046382,0.2609448786486197,0.11492726170370308,59,-1.4089424071883627e-14,0.0,LLTR+,4,0.2609174508609199,-2.7427787699818573e-05,LL+,4,0.2899719177315868,0.02902703908296711,LL+,3,0.25192115700952156,-0.009023721639098148,LLTR+,4,0.2609174508609199,-2.7427787699818573e-05,0.02905446687066693,0.00899629385139833,0.00899629385139833,1
0.02,0.0002,60.05561735261402,0.016651231709575845,0.26073614583631155,0.11491176122965804,61,4.446790158318947e-14,0.0,LLTR+,4,0.26069858667915347,-3.7559157158084666e-05,LL+,4,0.28969408441091804,0.02895793857460649,LL+,3,0.25170589827389334,-0.009030247562418214,LLTR+,4,0.26069858667915347,-3.7559157158084666e-05,0.028995497731764575,0.00899268840526013,0.00899268840526013,1
0.02,0.0002,60.155728587319246,0.01662352071005917,0.2605281852898515,0.1148963123474275,61,1.5490265320439178e-11,0.0,LLTR+,4,0.26048044646967605,-4.773882017544695e-05,LL+,4,0.2894171790678811,0.028888993778029615,LL+,3,0.2514913606284652,-0.009036824661386278,LLTR+,4,0.26048044646967605,-4.773882017544695e-05,0.02893673259820506,0.008989085841210831,0.008989085841210831,1
0.02,0.0002,60.25583982202448,0.016595901790659034,0.26032100703650124,0.11488091479986193,61,-2.1573021147247573e-13,0.0,LLTR+,4,0.2602630266299586,-5.798040654264591e-05,LL+,4,0.2891411970743093,0.028820190037808058,LL+,3,0.25127754047422,-0.009043466562281222,LLTR+,4,0.2602630266299586,-5.798040654264591e-05,0.028878170444350704,0.008985486155738576,0.008985486155738576,1
0.02,0.0002,60.3559510567297,0.01656837449318098,0.2601146216421825,0.1148655683315179,61,-1.9707228904319862e-11,0.0,LLTR+,4,0.2600463235813625,-6.829806082003786e-05,LL+,4,0.28886613383274545,0.028751512190562933,LL+,3,0.251064434236025,-0.00905018740615754,LLTR+,4,0.2600463235813625,-6.829806082003786e-05,0.02881981025138297,0.008981889345337501,0.008981889345337501,1
0.02,0.0002,60.45606229143493,0.0165409383624655,0.25990904031845724,0.11485027268864403,61,-2.3584953434685474e-13,0.0,LLTR+,4,0.25983033376894216,-7.870654951508405e-05,LL+,4,0.28859198477618764,0.028682944457730397,LL+,3,0.25085203836243436,-0.009057001956022881,LLTR+,4,0.25983033376894216,-7.870654951508405e-05,0.02876165100724548,0.008978295406507797,0.008978295406507797,1
0.02,0.0002,60.55617352614016,0.016513592946362968,0.2597042750230972,0.11483502761916686,61,2.176175906143385e-13,0.0,LLTR+,4,0.2596150536612487,-8.92213618484683e-05,LL+,4,0.28831874536783764,0.02861447034474046,LL+,3,0.2506403493254932,-0.009063925697604003,LLTR+,4,0.2596150536612487,-8.92213618484683e-05,0.02870369170658893,0.008974704335755535,0.008974704335755535,1
0.02,0.0002,60.65628476084539,0.016486337795708784,0.259500338669013,0.11481983287267716,61,1.3877787807814457e-17,0.0,LLTR+,4,0.25940047975013636,-9.985891887664966e-05,LL+,4,0.2880464111008514,0.028546072431838376,LL+,3,0.25042936362054374,-0.009070975048469265,LLTR+,4,0.25940047975013636,-9.985891887664966e-05,0.028645931350715026,0.008971116129592616,0.008971116129592616,1
0.02,0.0002,60.75639599555061,0.01645917246429879,0.2592972452639606,0.11480468820041609,61,-1.5063474773091556e-11,0.0,LLTR+,4,0.2591866085505705,-0.00011063671339006653,LL+,4,0.28777497749809267,0.02847773223413208,LL+,3,0.25021907776603347,-0.009078167497927114,LLTR+,4,0.2591866085505705,-0.00011063671339006653,0.028588368947522147,0.008967530784537048,0.008967530784537048,1
0.02,0.0002,60.85650723025584,0.016432096508864923,0.25909501013726544,0.1147895933552617,61,-7.342262214882211e-12,0.0,LLTR+,4,0.2589734366004375,-0.00012157353682795691,LL+,4,0.28750444011188825,0.028409429974622813,LL+,3,0.2500094883033248,-0.009085521833940624,LLTR+,4,0.2589734366004375,-0.00012157353682795691,0.02853100351145077,0.008963948297112667,0.008963948297112667,1
0.02,0.0002,60.95661846496107,0.016405109489051096,0.2588936501308221,0.1147745480917155,61,-8.5263324178797e-12,0.0,LLTR+,4,0.2587609604603567,-0.00013268967046542457,LL+,4,0.2872347945237862,0.02834114439296409,LL+,3,0.24980059179650752,-0.009093058334314591,LLTR+,4,0.2587609604603567,-0.00013268967046542457,0.028473834063429515,0.008960368663849166,0.008960368663849166,1
0.02,0.0002,61.0567296996663,0.016378210967389322,0.25869318391350815,0.11475955216588905,61,1.4107860712986309e-11,0.0,LLTR+,4,0.25854917671349376,-0.0001440072000143955,LL+,4,0.2869660363443163,0.028272852430808126,LL+,3,0.2495923848322115,-0.009100799081296657,LLTR+,4,0.25854917671349376,-0.0001440072000143955,0.028416859630822522,0.008956791881282261,0.008956791881282261,1
0.02,0.0002,61.15684093437152,0.0163514005092761,0.25849363224629324,0.11474460533549094,61,1.996597331910266e-13,0.0,LLTR+,4,0.25833808196537633,-0.00015555028091690515,LL+,4,0.28669816121275266,0.02820452896645942,LL+,3,0.24938486401942317,-0.009108768226870068,LLTR+,4,0.25833808196537633,-0.00015555028091690515,0.028360079247376324,0.008953217945953162,0.008953217945953162,1
0.02,0.0002,61.256952169076754,0.016324677682948974,0.2582950184331064,0.11472970735981355,61,3.122502256758253e-17,0.0,LLTR+,4,0.25812767284371163,-0.00016734558939479616,LL+,4,0.28643116479687925,0.028136146363772818,LL+,3,0.2491780259893022,-0.009116992443804234,LLTR+,4,0.25812767284371163,-0.00016734558939479616,0.028303491953167614,0.008949646854409438,0.008949646854409438,1
0.02,0.0002,61.357063403781986,0.016298042059463377,0.25809736871819605,0.11471485799972034,61,3.9145423014197434e-13,0.0,LLTR+,4,0.25791794599820483,-0.00017942271999121795,LL+,4,0.2861650427927567,0.028067674074560622,LL+,3,0.2489718673950008,-0.009125501323195256,LLTR+,4,0.25791794599820483,-0.00017942271999121795,0.02824709679455184,0.008946078603204038,0.008946078603204038,1
0.02,0.0002,61.45717463848721,0.016271493212669682,0.25790071286988103,0.11470005701763286,61,3.793926978135076e-12,0.0,LLTR+,4,0.25770889810038083,-0.00019181476950019816,LL+,4,0.2858997909244927,0.02799907805461166,LL+,3,0.2487663849114847,-0.009134327958396332,LLTR+,4,0.25770889810038083,-0.00019181476950019816,0.028190892824111857,0.008942513188896134,0.008942513188896134,1
0.02,0.0002,61.55728587319244,0.016245030719190458,0.25770508484886,0.11468530417751818,61,-9.698134656455082e-12,0.0,LLTR+,4,0.2575005258434059,-0.0002045590054541302,LL+,4,0.2856354049440133,0.027930320095153283,LL+,3,0.24856157523535546,-0.009143509613504547,LLTR+,4,0.2575005258434059,-0.0002045590054541302,0.028134879100607413,0.008938950608050417,0.008938950608050417,1
0.02,0.0002,61.657397107897665,0.016218654158397978,0.2575105236867912,0.11467059924487638,61,-4.128641872824801e-16,0.0,LLTR+,4,0.2572928259419126,-0.00021769774487861993,LL+,4,0.2853718806308373,0.027861356944046067,LL+,3,0.2483574350846752,-0.009153088602116027,LLTR+,4,0.2572928259419126,-0.00021769774487861993,0.028079054688924687,0.008935390857237407,0.008935390857237407,1
0.02,0.0002,61.7575083426029,0.01619236311239193,0.2573170745002608,0.11465594198672802,61,1.3907843626759231e-11,0.0,LLTR+,4,0.25708579513182594,-0.00023127936843486685,LL+,4,0.28510921379185283,0.027792139291592022,LL+,3,0.24815396119879232,-0.00916311330146849,LLTR+,4,0.25708579513182594,-0.00023127936843486685,0.02802341866002689,0.008931833933033623,0.008931833933033623,1
0.02,0.0002,61.85761957730812,0.016166157165977343,0.2571247898514524,0.11464133217160188,61,-1.0998146837692957e-15,0.0,LLTR+,4,0.25687943017019055,-0.0002453596812618253,LL+,4,0.2848474002610955,0.027722610409643134,LL+,3,0.24795115033816947,-0.0091736395132829,LLTR+,4,0.25687943017019055,-0.0002453596812618253,0.02796797009090496,0.008928279832021074,0.008928279832021074,1
0.02,0.0002,61.95773081201335,0.016140035906642727,0.2569337315130697,0.11462676956952284,61,1.739580701709542e-14,0.0,LLTR+,4,0.25667372783500053,-0.000260003678069165,LL+,4,0.28458643589952937,0.02765270438645967,LL+,3,0.2477489992842127,-0.00918473222885699,LLTR+,4,0.25667372783500053,-0.000260003678069165,0.027912708064528835,0.008924728550787825,0.008924728550787825,1
0.02,0.0002,62.05784204671858,0.016113998924538447,0.2567439726539723,0.1146122539519997,63,-1.2728925552485393e-11,0.0,LLTR+,4,0.2564686849250304,-0.0002752877289419198,LL+,4,0.28432631659482943,0.027582343940857124,LL+,3,0.24754750483910296,-0.009196467814869352,LLTR+,4,0.2564686849250304,-0.0002752877289419198,0.027857631669799043,0.008921180085927433,0.008921180085927433,1
0.02,0.0002,62.15795328142381,0.01608804581245526,0.25655560086991624,0.11459778509201332,63,-2.7967211879698084e-14,0.0,LLTR+,4,0.2562642982596676,-0.0002913026102486227,LL+,4,0.2840670382611669,0.02751143739125067,LL+,3,0.24734666382562828,-0.009208937044287963,LLTR+,4,0.2562642982596676,-0.0002913026102486227,0.027802740001499293,0.00891763443403934,0.00891763443403934,1
0.02,0.0002,62.25806451612903,0.01606217616580311,0.25636872210859746,0.11458336276400474,63,6.696032617270475e-16,0.0,LLTR+,4,0.25606056467874705,-0.0003081574298504086,LL+,4,0.28380859683899584,0.027439874730398384,LL+,3,0.2471464730870184,-0.00922224902157906,LLTR+,4,0.25606056467874705,-0.0003081574298504086,0.027748032160248792,0.008914091591728651,0.008914091591728651,1
0.02,0.0002,62.35817575083426,0.016036389582590082,0.2561834662012014,0.11456898674386348,63,-3.7824257614893497e-13,0.0,LLTR+,4,0.25585748104238676,-0.00032598515881465673,LL+,4,0.28355098829484227,0.02736752209364085,LL+,3,0.2469469294867807,-0.009236536714420707,LLTR+,4,0.25585748104238676,-0.00032598515881465673,0.027693507252455507,0.00891055155560605,0.00891055155560605,1
0.02,0.0002,62.45828698553949,0.016010685663401605,0.2559999944922256,0.11455465680891591,63,2.385747849276143e-12,0.0,LLTR+,4,0.2556550442308257,-0.00034495026139991225,LL+,4,0.28329420862109544,0.027294214128869843,LL+,3,0.2467480299085375,-0.0092519645836881,LLTR+,4,0.2556550442308257,-0.00034495026139991225,0.027639164390269755,0.008907014322288187,0.008907014322288187,1
0.02,0.0002,62.55839822024472,0.0159850640113798,0.2558185108253221,0.11454037273791375,63,8.411674135011538e-14,0.0,LLTR+,4,0.2554532511442623,-0.0003652596810597708,LL+,4,0.2830382538358005,0.027219743010478414,LL+,3,0.2465497712558651,-0.00926873956945698,LLTR+,4,0.2554532511442623,-0.0003652596810597708,0.027585002691538185,0.008903479888397209,0.008903479888397209,1
0.02,0.0002,62.65850945494995,0.015959524232203086,0.2556392777876468,0.11452613431102274,63,1.3807358034689798e-13,0.0,LLTR+,4,0.2552520987026956,-0.0003871790849511725,LL+,4,0.28278311998245376,0.027143842194806977,LL+,3,0.2463521504521346,-0.00928712733551218,LLTR+,4,0.2552520987026956,-0.0003871790849511725,0.02753102127975815,0.008899948250561007,0.008899948250561007,1
0.02,0.0002,62.758620689655174,0.015934065934065933,0.255462641477842,0.11451194130981127,63,-3.101685575046531e-15,0.0,LLTR+,4,0.25505158384576687,-0.0004110576320751069,LL+,4,0.2825288031297999,0.02706616165195791,LL+,3,0.24615516444035382,-0.00930747703748816,LLTR+,4,0.25505158384576687,-0.0004110576320751069,0.027477219284033016,0.008896419405413053,0.008896419405413053,1
0.02,0.0002,62.858731924360406,0.01590868872765882,0.2552890709133336,0.1144977935172393,63,1.0408340855860843e-17,0.0,LLTR+,4,0.25485170353260345,-0.0004373673807301359,LL+,4,0.2822752993716304,0.02698622845829679,LL+,3,0.24595881018301094,-0.009330260730322643,LLTR+,4,0.25485170353260345,-0.0004373673807301359,0.027423595839026926,0.008892893349592507,0.008892893349592507,1
0.02,0.0002,62.95884315906563,0.01588339222614841,0.2551192237905219,0.11448369071764725,63,1.6538367897389605e-12,0.0,LLTR+,4,0.25465245474166387,-0.00046676904885800674,LL+,4,0.2820226048265848,0.026903381036062934,LL+,3,0.24576308466191962,-0.009356139128602253,LLTR+,4,0.25465245474166387,-0.00046676904885800674,0.02737015008492094,0.008889370079744247,0.008889370079744247,1
0.02,0.0002,63.05895439377086,0.015858176045157876,0.25495406308480034,0.11446963269674502,63,2.079239558305801e-14,0.0,LLTR+,4,0.25445383447058423,-0.0005002286142161139,LL+,4,0.2817707156379534,0.026816652553153075,LL+,3,0.24556798487806566,-0.009386078206734677,LLTR+,4,0.25445383447058423,-0.0005002286142161139,0.02731688116736919,0.008885849592518563,0.008885849592518563,1
0.02,0.0002,63.159065628476085,0.015833039802747445,0.25479508048439614,0.1144556192416012,63,6.106226635438361e-16,0.0,LLTR+,4,0.2542558397360265,-0.0005392407483696404,LL+,4,0.28151962797348173,0.026724547489085593,LL+,3,0.24537350785145498,-0.009421572632941161,LLTR+,4,0.2542558397360265,-0.0005392407483696404,0.027263788237455233,0.00888233188457152,0.00888233188457152,1
0.02,0.0002,63.25917686318132,0.01580798311939511,0.25464477092254106,0.11444165014063229,63,3.4873146037561753e-13,0.0,LLTR+,4,0.2540584675735279,-0.0005863033490131619,LL+,4,0.28126933802517706,0.026624567102636,LL+,3,0.24517965062096314,-0.009465120301577923,LLTR+,4,0.2540584675735279,-0.0005863033490131619,0.02721087045164916,0.008878816952564761,0.008878816952564761,1
0.02,0.0002,63.35928809788654,0.01578300561797753,0.2545077981464455,0.11442772518359198,63,-6.291495102672684e-13,0.0,LLTR+,4,0.25386171503735167,-0.0006460831090938091,LL+,4,0.2810198420091172,0.026512043862671753,LL+,3,0.2449864102441862,-0.009521387902259287,LLTR+,4,0.25386171503735167,-0.0006460831090938091,0.02715812697176556,0.008875304793165478,0.008875304793165478,1
0.02,0.0002,63.45939933259177,0.015758106923751094,0.25439457727538195,0.11441384416156075,63,-2.1625062851526877e-14,0.0,LLTR+,4,0.2536655792003394,-0.000728998075042564,LL+,4,0.2807711361652596,0.026376558889877666,LL+,3,0.24479378379729314,-0.009600793478088815,LLTR+,4,0.2536655792003394,-0.000728998075042564,0.02710555696492023,0.008871795403046251,0.008871795403046251,1
0.02,0.0002,63.559510567296996,0.015733286664333216,0.2543379378914023,0.11440000686693527,63,-1.3183898417423734e-16,0.0,LLTR+,4,0.2534700571537651,-0.0008678807376372166,LL+,4,0.28052321675725456,0.026185278865852257,LL+,3,0.24460176837487949,-0.009736169516522813,LLTR+,4,0.2534700571537651,-0.0008678807376372166,0.027053159603489474,0.008868288778885597,0.008868288778885597,1
0.02,0.0002,63.65962180200223,0.01570854446968373,0.2549001219772165,0.11438621309341819,63,-8.31279489688086e-15,0.0,LLTR+,4,0.2532751460071898,-0.0016249759700266986,LL+,4,0.2802760800722577,0.025375958095041173,LL+,3,0.2444103610898225,-0.010489760887394006,LLTR+,4,0.2532751460071898,-0.0016249759700266986,0.027000934065067872,0.008864784917367308,0.008864784917367308,1
0.02,0.0002,63.75973303670745,0.01568387997208653,0.27915230876992847,0.11437246263600775,63,-6.38378239159465e-15,0.0,LLTR+,4,0.25308084288831845,-0.026071465881610023,LL+,4,0.28002972242074653,0.0008774136508180597,LL+,4,0.28002972242074653,0.0008774136508180597,LLTR+,5,0.2873266169528854,0.008174308182956946,0.026948879532428083,0.007296894532138887,0.007296894532138887,1
0.02,0.0002,63.85984427141268,0.015659292806131337,0.27905031475589603,0.11435875529098773,63,-3.4323238695677105e-14,0.0,LLTR+,4,0.25288714494285713,-0.0261631698130389,LL+,4,0.2797841401363369,0.0007338253804408668,LL+,4,0.2797841401363369,0.0007338253804408668,LLTR+,5,0.2870786557644682,0.008028341008572193,0.026896995193479767,0.007294515628131326,0.007294515628131326,1
0.02,0.0002,63.959955506117915,0.01563478260869565,0.27888998626988476,0.11434509085591733,63,-1.628905343942222e-14,0.0,LLTR+,4,0.252694049334373,-0.026195936935511754,LL+,4,0.2795393295756019,0.0006493433057171427,LL+,4,0.2795393295756019,0.0006493433057171427,LLTR+,5,0.28683146785061453,0.00794148158072977,0.026845280241228897,0.007292138275012627,0.007292138275012627,1
0.02,0.0002,64.06006674082315,0.015610349018926896,0.2787065062539188,0.11433146912962125,65,-7.466943729994568e-14,0.0,LLTR+,4,0.252501553244154,-0.026204953009764775,LL+,4,0.2792952871178932,0.000588780863974403,LL+,4,0.2792952871178932,0.000588780863974403,LLTR+,5,0.28658504958913733,0.007878543335218535,0.02679373387373918,0.007289762471244132,0.007289762471244132,1
0.02,0.0002,64.16017797552837,0.015585991678224687,0.2785107598044491,0.11431788991217977,65,-1.326716514427062e-14,0.0,LLTR+,4,0.25230965387107124,-0.026201105933377877,LL+,4,0.2790520091651624,0.0005412493607132585,LL+,4,0.2790520091651624,0.0005412493607132585,LLTR+,5,0.2863393973804522,0.007828637576003106,0.026742355294091136,0.007287388215289847,0.007287388215289847,1
0.02,0.0002,64.2602892102336,0.015561710230223298,0.27830756691090724,0.114304353004919,65,-1.3877787807814457e-17,0.0,LLTR+,4,0.25211834843144143,-0.026189218479465814,LL+,4,0.2788094921417857,0.0005019252308784417,LL+,4,0.2788094921417857,0.0005019252308784417,LLTR+,5,0.2860945076474013,0.007786940736494052,0.026691143710344256,0.007285015505615611,0.007285015505615611,1
0.02,0.0002,64.36040044493882,0.015537504320774283,0.2780994891446148,0.11429085821040116,65,-3.763309108784085e-14,0.0,LLTR+,4,0.25192763415889197,-0.02617185498572283,LL+,4,0.27856773249438915,0.00046824334977435544,LL+,4,0.27856773249438915,0.00046824334977435544,LLTR+,5,0.28585037683507875,0.007750887690463948,0.026640098335497187,0.007282644340689592,0.007282644340689592,1
0.02,0.0002,64.46051167964404,0.015513373597929252,0.27788805125087,0.11427740533241507,65,-1.7374851557505622e-12,0.0,LLTR+,4,0.25173750830422575,-0.026150542946644262,LL+,4,0.2783267266916759,0.00043867544080589127,LL+,4,0.2783267266916759,0.00043867544080589127,LLTR+,5,0.28560700141065787,0.007718950159787852,0.026589218387450153,0.0072802747189819605,0.0072802747189819605,1
0.02,0.0002,64.56062291434928,0.015489317711922811,0.27767423438550015,0.11426399417596647,65,7.846164690183954e-12,0.0,LLTR+,4,0.2515479681352887,-0.026126266250211472,LL+,4,0.278086471224255,0.0004122368387548536,LL+,4,0.278086471224255,0.0004122368387548536,LLTR+,5,0.28536437786322,0.007690143477719846,0.026538503088966325,0.007277906638964993,0.007277906638964993,1
0.02,0.0002,64.6607341490545,0.015465336315155686,0.27745870695566527,0.11425062454726881,65,1.7167170462961678e-13,0.0,LLTR+,4,0.25135901093683727,-0.026099696018828,LL+,4,0.2778469626044721,0.0003882556488068456,LL+,4,0.2778469626044721,0.0003882556488068456,LLTR+,5,0.28512250270358497,0.007663795747919699,0.026487951667634846,0.007275540099112854,0.007275540099112854,1
0.02,0.0002,64.76084538375974,0.015441429062177943,0.2772419447011694,0.11423729625373372,65,7.651865252533696e-14,0.0,LLTR+,4,0.2511706340104084,-0.026071310690761018,LL+,4,0.2776081973662411,0.00036625266507167575,LL+,4,0.2776081973662411,0.00036625266507167575,LLTR+,5,0.28488137246414313,0.007639427762973716,0.026437563355832694,0.00727317509790204,0.00727317509790204,1
0.02,0.0002,64.86095661846497,0.015417595609672438,0.27702429807866524,0.1142240091039619,65,-6.090680043646657e-12,0.0,LLTR+,4,0.25098283467418947,-0.026041463404475773,LL+,4,0.2773701720648778,0.0003458739862125526,LL+,4,0.2773701720648778,0.0003458739862125526,LLTR+,5,0.28464098369868884,0.0076166856200236,0.026387337390688326,0.007270811633811047,0.007270811633811047,1
0.02,0.0002,64.96106785317019,0.015393835616438355,0.2768060326247252,0.1142107629077339,65,-3.9113851046934656e-12,0.0,LLTR+,4,0.25079561026289043,-0.026010422361834762,LL+,4,0.2771328832769351,0.00032685065220988685,LL+,4,0.2771328832769351,0.00032685065220988685,LLTR+,5,0.28440133298225556,0.007595300357530366,0.02633727301404465,0.007268449705320479,0.007268449705320479,1
0.02,0.0002,65.06117908787542,0.015370148743374936,0.2765873542272136,0.11419755747600104,65,-2.1220560031398605e-12,0.0,LLTR+,4,0.25060895812761624,-0.025978396099597345,LL+,4,0.27689632760003935,0.00030897337282576043,LL+,4,0.27689632760003935,0.00030897337282576043,LLTR+,5,0.28416241691095245,0.007575062683738865,0.026287369472423106,0.007266089310913104,0.007266089310913104,1
0.02,0.0002,65.16129032258064,0.015346534653465348,0.2763684256879719,0.11418439262087644,65,-9.13852327144582e-15,0.0,LLTR+,4,0.2504228756357415,-0.02594555005223037,LL+,4,0.2766605016527287,0.00029207596475683273,LL+,4,0.2766605016527287,0.00029207596475683273,LLTR+,5,0.2839242321018022,0.007555806413830302,0.026237626016987203,0.007263730449073469,0.007263730449073469,1
0.02,0.0002,65.26140155728588,0.015322993011760695,0.2761493778996891,0.11417126815562609,65,-2.390518338835079e-13,0.0,LLTR+,4,0.25023736017078524,-0.025912017728903836,LL+,4,0.2764254020742928,0.0002760241746037062,LL+,4,0.2764254020742928,0.0002760241746037062,LLTR+,5,0.28368677519258123,0.007537397292892156,0.026188041903507542,0.00726137311828845,0.00726137311828845,1
0.02,0.0002,65.3615127919911,0.015299523485364192,0.27593031763529974,0.11415818389466004,65,-8.457817779472521e-14,0.0,LLTR+,4,0.25005240913228766,-0.02587790850301208,LL+,4,0.2761910255246134,0.0002607078893136494,LL+,4,0.2761910255246134,0.0002607078893136494,LLTR+,5,0.2834500428416604,0.007519725206360683,0.02613861639232573,0.007259017317047034,0.007259017317047034,1
0.02,0.0002,65.46162402669634,0.015276125743415461,0.27571133309804946,0.11414513965352363,65,5.898059818321144e-17,0.0,LLTR+,4,0.24986801993568727,-0.025843313162362186,LL+,4,0.27595736868400744,0.00024603558595798214,LL+,4,0.27595736868400744,0.00024603558595798214,LLTR+,5,0.2832140317278474,0.007502698629797966,0.026089348748320168,0.007256663043839984,0.007256663043839984,1
0.02,0.0002,65.56173526140157,0.01525279945707499,0.2754924979739384,0.11413213524888882,65,5.967448757360216e-16,0.0,LLTR+,4,0.24968419001219985,-0.025808307961738525,LL+,4,0.27572442825307064,0.00023193027913226416,LL+,4,0.27572442825307064,0.00023193027913226416,LLTR+,5,0.2829787385502309,0.007486240576292547,0.02604023824087079,0.007254310297160282,0.007254310297160282,1
0.02,0.0002,65.66184649610679,0.015229544299508723,0.2752738744428304,0.11411917049854561,65,1.490071954712846e-12,0.0,LLTR+,4,0.249500916808698,-0.025772957634132426,LL+,4,0.27549220095252325,0.0002183265096928344,LL+,4,0.27549220095252325,0.0002183265096928344,LLTR+,5,0.28274416002802627,0.007470285585195857,0.02599128414382526,0.007251959075503023,0.007251959075503023,1
0.02,0.0002,65.76195773081201,0.015206359945872801,0.27505551545309276,0.11410624522139359,65,4.249108009890534e-12,0.0,LLTR+,4,0.24931819778759215,-0.02573731766550061,LL+,4,0.27526068352305644,0.0002051680699636793,LL+,4,0.27526068352305644,0.0002051680699636793,LLTR+,5,0.28251029290042173,0.007454777447328975,0.025942485735464288,0.007249609377365296,0.007249609377365296,1
0.02,0.0002,65.86206896551724,0.01518324607329843,0.274837466466513,0.11409335923743338,65,-3.445160823289939e-15,0.0,LLTR+,4,0.2491360304267123,-0.025701436039800712,LL+,4,0.27502987272518076,0.0001924062586677322,LL+,4,0.27502987272518076,0.0001924062586677322,LLTR+,5,0.28227713392642695,0.007439667459913923,0.025893842298468445,0.007247261201246191,0.007247261201246191,1
0.02,0.0002,65.96218020022246,0.015160202360876899,0.27461976683260614,0.11408051236775837,65,6.5405181270961066e-12,0.0,LLTR+,4,0.24895441221919126,-0.025665354613414876,LL+,4,0.2747997653390758,0.00017999850646965854,LL+,4,0.2747997653390758,0.00017999850646965854,LLTR+,5,0.2820446798847227,0.007424913052116566,0.025845353119884534,0.007244914545646908,0.007244914545646908,1
0.02,0.0002,66.0622914349277,0.01513722848964472,0.27440245083274,0.11406770443454645,67,-1.6382728507124966e-14,0.0,LLTR+,4,0.24877334067334841,-0.025629110159391594,LL+,4,0.2745703581644411,0.0001679073317010782,LL+,4,0.2745703581644411,0.0001679073317010782,LLTR+,5,0.28181292757351173,0.007410476740771721,0.025797017491092672,0.007242569409070643,0.007242569409070643,1
0.02,0.0002,66.16240266963293,0.01511432414256893,0.2741855485700073,0.11405493526105169,67,1.0061396160665481e-16,0.0,LLTR+,4,0.2485928133125752,-0.02559273525743211,LL+,4,0.2743416480203483,0.00015609945034100736,LL+,4,0.2743416480203483,0.00015609945034100736,LLTR+,5,0.28158187381037103,0.00739632524036371,0.025748834707773116,0.007240225790022703,0.007240225790022703,1
0.02,0.0002,66.26251390433816,0.01509148900453248,0.2739690866303403,0.11404220467159637,67,-1.354472090042691e-14,0.0,LLTR+,4,0.24841282767522102,-0.025556258955119288,LL+,4,0.2741136317450952,0.0001445451147548682,LL+,4,0.2741136317450952,0.0001445451147548682,LLTR+,5,0.28135151543210546,0.007382428801765151,0.025700804069874156,0.0072378836870102825,0.0072378836870102825,1
0.02,0.0002,66.36262513904339,0.015068722762319811,0.2737530886573856,0.1140295124915628,67,1.5149687060400652e-13,0.0,LLTR+,4,0.24823338131448056,-0.025519707342905068,LL+,4,0.2738863061960602,0.0001332175386745682,LL+,4,0.2738863061960602,0.0001332175386745682,LLTR+,5,0.2811218492946028,0.007368760637217198,0.025652924881579636,0.0072355430985426294,0.0072355430985426294,1
0.02,0.0002,66.46273637374861,0.01504602510460251,0.27353757581131827,0.11401685854738541,67,-2.439159985101469e-13,0.0,LLTR+,4,0.24805447179828188,-0.025483104013036384,LL+,4,0.273659668249559,0.00012209243824073956,LL+,4,0.273659668249559,0.00012209243824073956,LLTR+,5,0.28089287227269016,0.007355296461371896,0.025605196451277124,0.007233204023131157,0.007233204023131157,1
0.02,0.0002,66.56284760845384,0.015023395721925134,0.27332256715349657,0.11400424266654277,67,-6.553785292240377e-15,0.0,LLTR+,4,0.2478760967091758,-0.025446470444320773,LL+,4,0.273433714800702,0.00011114764720543402,LL+,4,0.273433714800702,0.00011114764720543402,LLTR+,5,0.2806645812599913,0.00734201410649471,0.025557618091526207,0.007230866459289276,0.007230866459289276,1
0.02,0.0002,66.66295884315906,0.01500083430669114,0.27310807996652003,0.11399166467754981,67,-8.166731180203612e-14,0.0,LLTR+,4,0.24769825364422607,-0.025409826322293966,LL+,4,0.2732084427632533,0.00010036279673325543,LL+,4,0.2732084427632533,0.00010036279673325543,LLTR+,5,0.28043697316878546,0.00732889320226543,0.02551018911902722,0.007228530405532174,0.007228530405532174,1
0.02,0.0002,66.7630700778643,0.01497834055314895,0.27289413002764507,0.11397912440995005,67,3.400058012914542e-16,0.0,LLTR+,4,0.24752094021490045,-0.025373189812744612,LL+,4,0.2729838490694907,8.971904184562618e-05,LL+,4,0.2729838490694907,8.971904184562618e-05,LLTR+,5,0.2802100449298681,0.007315914902223053,0.025462908854590238,0.007226195860377427,0.007226195860377427,1
0.02,0.0002,66.86318131256952,0.014955914157378139,0.2726807318397545,0.11396662169430782,67,-2.1979709718955576e-12,0.0,LLTR+,4,0.24734415404696317,-0.02533657779279133,LL+,4,0.2727599306700673,7.919883031282104e-05,LL+,4,0.2727599306700673,7.919883031282104e-05,LLTR+,5,0.2799837934924115,0.007303061652656984,0.025415776623104153,0.0072238628223441625,0.0072238628223441625,1
0.02,0.0002,66.96329254727476,0.014933554817275745,0.2724678988351461,0.11395415636220074,67,-3.172680868024358e-12,0.0,LLTR+,4,0.2471678927803677,-0.025300006054778418,LL+,4,0.2725366845338738,6.878569872770246e-05,LL+,4,0.2725366845338738,6.878569872770246e-05,LLTR+,5,0.27975821582382776,0.0072903169886816555,0.02536879175350612,0.007221531289953953,0.007221531289953953,1
0.02,0.0002,67.06340378197999,0.014911262232542709,0.2722556435474024,0.11394172824621207,67,-2.5215281251877997e-12,0.0,LLTR+,4,0.2469921540691513,-0.025263489478251105,LL+,4,0.27231410764790276,5.84641005003661e-05,LL+,4,0.27231410764790276,5.84641005003661e-05,LLTR+,5,0.27953330890963307,0.007277665362230679,0.02532195357875147,0.0072192012617303125,0.0072192012617303125,1
0.02,0.0002,67.16351501668521,0.01488903610467042,0.27204397776523526,0.11392933717992326,67,-4.923620539054596e-12,0.0,LLTR+,4,0.24681693558132964,-0.025227042183905618,LL+,4,0.2720921970171135,4.8219251878256486e-05,LL+,4,0.2720921970171135,4.8219251878256486e-05,LLTR+,5,0.2793090697533118,0.007265091988076566,0.025275261435783875,0.00721687273619831,0.00721687273619831,1
0.02,0.0002,67.26362625139043,0.014866876136927403,0.27183291267761217,0.11391698299790654,67,5.961307836255259e-13,0.0,LLTR+,4,0.24664223499879323,-0.02519067767881894,LL+,4,0.27187094966429826,3.803698668608524e-05,LL+,4,0.27187094966429826,3.803698668608524e-05,LLTR+,5,0.2790854953761839,0.007252582698571708,0.025228714665505025,0.007214545711885623,0.007214545711885623,1
0.02,0.0002,67.36373748609566,0.014844782034346103,0.2716224589848245,0.11390466553571746,67,2.95666269245487e-14,0.0,LLTR+,4,0.24646805001720398,-0.02515440896762053,LL+,4,0.27165036262995,2.790364512550436e-05,LL+,4,0.27165036262995,2.790364512550436e-05,LLTR+,5,0.2788625828172713,0.007240123832446765,0.025182312612746033,0.007212220187321261,0.007212220187321261,1
0.02,0.0002,67.46384872080088,0.014822753503709813,0.27141262702876556,0.11389238462988772,67,-5.797237689897372e-13,0.0,LLTR+,4,0.2462943783458933,-0.02511824868287227,LL+,4,0.27143043297213076,1.7805943365201138e-05,LL+,4,0.27143043297213076,1.7805943365201138e-05,LLTR+,5,0.2786403291331678,0.007227702104402212,0.02513605462623747,0.0072098961610370105,0.0072098961610370105,1
0.02,0.0002,67.56395995550612,0.014800790253539677,0.27120342689168514,0.11388014011791787,67,9.71445146547012e-17,0.0,LLTR+,4,0.24612121770776058,-0.025082209183924564,LL+,4,0.27121115776634175,7.730874656608488e-06,LL+,4,0.27121115776634175,7.730874656608488e-06,LLTR+,5,0.2784187313979076,0.007215304506222486,0.025089940058581173,0.007207573631565878,0.007207573631565878,1
0.02,0.0002,67.66407119021135,0.014778891994081868,0.2709948684987167,0.11386793183827015,67,7.042977312465837e-16,0.0,LL+,4,0.27099253410539403,-2.3343933226449565e-06,LLTR+,5,0.27819778670283757,0.0072029182041208895,LL+,4,0.27099253410539403,-2.3343933226449565e-06,LLTR+,5,0.27819778670283757,0.0072029182041208895,0.007205252597443534,0.007205252597443534,0.007205252597443534,1
0.02,0.0002,67.76418242491658,0.014757058437294811,0.2707869617181502,0.11385575963036138,67,-2.8762062176390657e-13,0.0,LL+,4,0.2707745590992811,-1.2402618869089554e-05,LLTR+,5,0.27797749215648804,0.007190530438337839,LL+,4,0.2707745590992811,-1.2402618869089554e-05,LLTR+,5,0.27797749215648804,0.007190530438337839,0.007202933057206928,0.007202933057206928,0.007202933057206928,1
0.02,0.0002,67.86429365962181,0.014735289296836583,0.27057971645805773,0.1138436233345559,67,6.581540867856006e-15,0.0,LL+,4,0.2705572298750517,-2.2486583006020577e-05,LLTR+,5,0.2777578448844472,0.007178128426389485,LL+,4,0.2705572298750517,-2.2486583006020577e-05,LLTR+,5,0.2777578448844472,0.007178128426389485,0.007200615009395506,0.007200615009395506,0.007200615009395506,1
0.02,0.0002,67.96440489432703,0.014713584288052372,0.27037314276426866,0.1138315227921587,67,3.5316576052490944e-12,0.0,LL+,4,0.27034054357668447,-3.2599187584192446e-05,LLTR+,5,0.27753884202923507,0.0071656992649664075,LL+,4,0.27034054357668447,-3.2599187584192446e-05,LLTR+,5,0.27753884202923507,0.0071656992649664075,0.0071982984525506,0.0071982984525506,0.0071982984525506,1
0.02,0.0002,68.06451612903226,0.014691943127962086,0.27016725091516564,0.11381945784540837,69,-2.914335439641036e-16,0.0,LL+,4,0.27012449736496325,-4.2753550202390134e-05,LLTR+,5,0.2773204807501785,0.007153229835012875,LL+,4,0.27012449736496325,-4.2753550202390134e-05,LLTR+,5,0.2773204807501785,0.007153229835012875,0.0071959833852152655,0.0071959833852152655,0.0071959833852152655,1
0.02,0.0002,68.16462736373748,0.014670365535248043,0.2699620515374651,0.11380742833747029,69,5.020636684172075e-14,0.0,LL+,4,0.26990908841735406,-5.29631201110492e-05,LLTR+,5,0.27710275822328867,0.007140706685823561,LL+,4,0.26990908841735406,-5.29631201110492e-05,LLTR+,5,0.27710275822328867,0.007140706685823561,0.0071936698059346105,0.0071936698059346105,0.0071936698059346105,1
0.02,0.0002,68.26473859844272,0.01464885123024279,0.269757555704695,0.11379543411242987,69,2.6707455691443727e-13,0.0,LL+,4,0.269694313927882,-6.324177681299448e-05,LLTR+,5,0.2768856716411381,0.00712811593644308,LL+,4,0.269694313927882,-6.324177681299448e-05,LLTR+,5,0.2768856716411381,0.00712811593644308,0.007191357713256075,0.007191357713256075,0.007191357713256075,1
0.02,0.0002,68.36484983314794,0.01462739993491702,0.2695537750622161,0.11378347501528574,69,1.1851630787873546e-14,0.0,LL+,4,0.26948017110701106,-7.360395520505936e-05,LLTR+,5,0.2766692182127396,0.007115443150523482,LL+,4,0.26948017110701106,-7.360395520505936e-05,LLTR+,5,0.2766692182127396,0.007115443150523482,0.007189047105728541,0.007189047105728541,0.007189047105728541,1
0.02,0.0002,68.46496106785318,0.014606011372867584,0.2693507219574036,0.11377155089194319,69,-4.5102810375396984e-17,0.0,LL+,4,0.269266657181523,-8.406477588063233e-05,LLTR+,5,0.27645339516342604,0.007102673206022425,LL+,4,0.269266657181523,-8.406477588063233e-05,LLTR+,5,0.27645339516342604,0.007102673206022425,0.0071867379819030575,0.0071867379819030575,0.0071867379819030575,1
0.02,0.0002,68.5650723025584,0.014584685269305644,0.2691484095840263,0.1137596615892074,69,-3.982578156147554e-14,0.0,LL+,4,0.26905376939439873,-9.464018962757059e-05,LLTR+,5,0.2762381997347313,0.007089790150704989,LL+,4,0.26905376939439873,-9.464018962757059e-05,LLTR+,5,0.2762381997347313,0.007089790150704989,0.007184430340332559,0.007184430340332559,0.007184430340332559,1
0.02,0.0002,68.66518353726363,0.014563421351044872,0.2689468521462116,0.11374780695477703,69,4.163336342344337e-17,0.0,LL+,4,0.26884150500470017,-0.00010534714151144708,LLTR+,5,0.27602362918427226,0.007076777038060644,LL+,4,0.26884150500470017,-0.00010534714151144708,LLTR+,5,0.27602362918427226,0.007076777038060644,0.007182124179572091,0.007182124179572091,0.007182124179572091,1
0.02,0.0002,68.76529477196885,0.01454221934648981,0.2687460650445034,0.11373598683723757,69,-1.214306433183765e-16,0.0,LL+,4,0.2686298612874528,-0.00011620375705057029,LLTR+,5,0.2758096807856313,0.007063615741127904,LL+,4,0.2686298612874528,-0.00011620375705057029,LLTR+,5,0.2758096807856313,0.007063615741127904,0.007179819498178475,0.007179819498178475,0.007179819498178475,1
0.02,0.0002,68.86540600667408,0.014521078985624294,0.2685460650906119,0.11372420108605505,69,-3.8163916471489756e-17,0.0,LL+,4,0.2684188355335302,-0.00012722955708172057,LLTR+,5,0.2755963518282408,0.007050286737628919,LL+,4,0.2684188355335302,-0.00012722955708172057,LLTR+,5,0.2755963518282408,0.007050286737628919,0.00717751629471064,0.00717751629471064,0.00717751629471064,1
0.02,0.0002,68.96551724137932,0.014499999999999999,0.2683468707596341,0.1137124495515695,69,6.326893869923467e-12,0.0,LL+,4,0.26820842504953857,-0.00013844571009552498,LLTR+,5,0.27538363961726786,0.007036768857633768,LL+,4,0.26820842504953857,-0.00013844571009552498,LLTR+,5,0.27538363961726786,0.007036768857633768,0.007175214567729293,0.007175214567729293,0.007175214567729293,1
0.02,0.0002,69.06562847608454,0.014478982122725076,0.26814850247182465,0.11370073208498874,69,9.658870925299823e-13,0.0,LL+,4,0.26799862715770306,-0.00014987531412158361,LLTR+,5,0.2751715414735001,0.007023039001675446,LL+,4,0.26799862715770306,-0.00014987531412158361,LLTR+,5,0.2751715414735001,0.007023039001675446,0.00717291431579703,0.00717291431579703,0.00717291431579703,1
0.02,0.0002,69.16573971078978,0.014458025088452876,0.267950982963905,0.11368904853838199,69,-8.005748841632965e-14,0.0,LL+,4,0.2677894391957545,-0.0001615437681505294,LLTR+,5,0.27496005473323293,0.0070090717693279125,LL+,4,0.2677894391957545,-0.0001615437681505294,LLTR+,5,0.27496005473323293,0.0070090717693279125,0.007170615537478442,0.007170615537478442,0.007170615537478442,1
0.02,0.0002,69.265850945495,0.014437128633370802,0.2677543376860587,0.11367739876467373,69,-1.1532441668293814e-14,0.0,LL+,4,0.26758085851681723,-0.0001734791692414861,LLTR+,5,0.27474917674815746,0.0069948390620987455,LL+,4,0.26758085851681723,-0.0001734791692414861,LLTR+,5,0.27474917674815746,0.0069948390620987455,0.007168318231340232,0.007168318231340232,0.007168318231340232,1
0.02,0.0002,69.36596218020023,0.014416292495189222,0.2675585953180522,0.1136657826176375,69,6.5111978309051466e-12,0.0,LL+,4,0.26737288248929836,-0.00018571282875384787,LLTR+,5,0.2745389048852491,0.006980309567196918,LL+,4,0.26737288248929836,-0.00018571282875384787,LLTR+,5,0.2745389048852491,0.006980309567196918,0.007166022395950766,0.007166022395950766,0.007166022395950766,1
0.02,0.0002,69.46607341490545,0.014395516413130504,0.2673637883749711,0.11365419995188977,69,7.0563832554881856e-12,0.0,LL+,4,0.26716550849677734,-0.00019827987819376336,LLTR+,5,0.27432923652665786,0.0069654481516867595,LL+,4,0.26716550849677734,-0.00019827987819376336,LLTR+,5,0.27432923652665786,0.0069654481516867595,0.007163728029880523,0.007163728029880523,0.007163728029880523,1
0.02,0.0002,69.56618464961068,0.014374800127918133,0.26716995397974247,0.11364265062288387,69,-4.1910572234904464e-13,0.0,LL+,4,0.26695873393789715,-0.00021122004184531695,LLTR+,5,0.2741201690695987,0.006950215089856215,LL+,4,0.26695873393789715,-0.00021122004184531695,LLTR+,5,0.2741201690695987,0.006950215089856215,0.007161435131701532,0.007161435131701532,0.007161435131701532,1
0.02,0.0002,69.6662958843159,0.014354143381765928,0.26697713481455954,0.11363113448690401,69,-2.502567597595373e-12,0.0,LL+,4,0.2667525562262555,-0.00022457858830404742,LLTR+,5,0.27391169992624376,0.006934565111684221,LL+,4,0.2667525562262555,-0.00022457858830404742,LLTR+,5,0.27391169992624376,0.006934565111684221,0.0071591436999882685,0.0071591436999882685,0.0071591436999882685,1
0.02,0.0002,69.76640711902114,0.014333545918367345,0.26678538030315296,0.11361965140105931,69,4.85722573273506e-17,0.0,LL+,4,0.26654697279029804,-0.00023840751285492123,LLTR+,5,0.2737038265236146,0.006918446220461616,LL+,4,0.26654697279029804,-0.00023840751285492123,LLTR+,5,0.2737038265236146,0.006918446220461616,0.007156853733316537,0.007156853733316537,0.007156853733316537,1
0.02,0.0002,69.86651835372636,0.014313007482884891,0.26659474813612927,0.11360820122327783,69,-5.5761922856945034e-12,0.0,LL+,4,0.2663419810732117,-0.00025276706291754714,LLTR+,5,0.2734965463034765,0.006901798167347206,LL+,4,0.2663419810732117,-0.00025276706291754714,LLTR+,5,0.2734965463034765,0.006901798167347206,0.007154565230264753,0.007154565230264753,0.007154565230264753,1
0.02,0.0002,69.9666295884316,0.014292527821939585,0.26640530626488157,0.11359678381230083,69,6.021225185115497e-14,0.0,LL+,4,0.2661375785328195,-0.000267727732062073,LLTR+,5,0.27328985672223205,0.00688455045735048,LL+,4,0.2661375785328195,-0.000267727732062073,LLTR+,5,0.27328985672223205,0.00688455045735048,0.007152278189412553,0.007152278189412553,0.007152278189412553,1
0.02,0.0002,70.06674082313683,0.01427210668360057,0.2662171354534409,0.11358539902767682,71,-2.179680047564858e-13,0.0,LL+,4,0.2659337626414756,-0.00028337281196527675,LLTR+,5,0.2730837552508175,0.006866619797376627,LL+,4,0.2659337626414756,-0.00028337281196527675,LLTR+,5,0.2730837552508175,0.006866619797376627,0.007149992609341904,0.007149992609341904,0.007149992609341904,1
0.02,0.0002,70.16685205784205,0.014251743817374762,0.2660303327516702,0.11357404672975593,71,-7.814780073056582e-12,0.0,LL+,4,0.2657305308859621,-0.00029980186570810474,LLTR+,5,0.2728782393745983,0.006847906622928113,LL+,4,0.2657305308859621,-0.00029980186570810474,LLTR+,5,0.2728782393745983,0.006847906622928113,0.0071477084886362174,0.0071477084886362174,0.0071477084886362174,1
0.02,0.0002,70.26696329254727,0.014231438974196613,0.2658450161819987,0.11356272677968413,71,2.6796793950456532e-12,0.0,LL+,4,0.26552788076738554,-0.00031713541461314554,LLTR+,5,0.27267330659326716,0.006828290411268478,LL+,4,0.26552788076738554,-0.00031713541461314554,LLTR+,5,0.27267330659326716,0.006828290411268478,0.007145425825881624,0.007145425825881624,0.007145425825881624,1
0.02,0.0002,70.3670745272525,0.014211191906417958,0.2656613311666836,0.11355143903939752,71,1.9300533393717956e-14,0.0,LL+,4,0.265325809801076,-0.00033552136560760504,LLTR+,5,0.27246895442074104,0.006807623254057427,LL+,4,0.265325809801076,-0.00033552136560760504,LLTR+,5,0.27246895442074104,0.006807623254057427,0.007143144619665032,0.007143144619665032,0.007143144619665032,1
0.02,0.0002,70.46718576195774,0.014191002367797946,0.2654794597696359,0.11354018337161687,71,1.1782241848834474e-13,0.0,LL+,4,0.26512431551648513,-0.00035514425315075204,LLTR+,5,0.2722651803850614,0.006785720615425539,LL+,4,0.26512431551648513,-0.00035514425315075204,LLTR+,5,0.2722651803850614,0.006785720615425539,0.007140864868576291,0.007140864868576291,0.007140864868576291,1
0.02,0.0002,70.56729699666296,0.014170870113493064,0.26529963401763573,0.11352895963984189,71,2.3360410827955036e-12,0.0,LL+,4,0.26492339545708665,-0.00037623856054908034,LLTR+,5,0.2720619820282929,0.006762348010657171,LL+,4,0.26492339545708665,-0.00037623856054908034,LLTR+,5,0.2720619820282929,0.006762348010657171,0.007138586571206251,0.007138586571206251,0.007138586571206251,1
0.02,0.0002,70.6674082313682,0.014150794900047219,0.2651221559607615,0.11351776770834583,71,-1.6181847528606852e-13,0.0,LL+,4,0.2647230471802765,-0.0003991087804849913,LLTR+,5,0.2718593569064249,0.00673720094566338,LL+,4,0.2647230471802765,-0.0003991087804849913,LLTR+,5,0.2718593569064249,0.00673720094566338,0.007136309726148371,0.007136309726148371,0.007136309726148371,1
0.02,0.0002,70.76751946607342,0.014130776485381953,0.26494742892385237,0.11350660744216995,71,-1.6698448179752745e-13,0.0,LL+,4,0.2645232682572748,-0.00042416066657757767,LLTR+,5,0.27165730258927234,0.006709873665419974,LL+,4,0.2645232682572748,-0.00042416066657757767,LLTR+,5,0.27165730258927234,0.006709873665419974,0.007134034331997552,0.007134034331997552,0.007134034331997552,1
0.02,0.0002,70.86763070077865,0.014110814628786689,0.26477600833212983,0.11349547870711808,71,-1.700029006457271e-16,0.0,LL+,4,0.2643240562730279,-0.00045195205910192326,LLTR+,5,0.27145581666037844,0.006679808328248604,LL+,4,0.2643240562730279,-0.00045195205910192326,LLTR+,5,0.27145581666037844,0.006679808328248604,0.0071317603873505275,0.0071317603873505275,0.0071317603873505275,1
0.02,0.0002,70.96774193548387,0.014090909090909091,0.2646086890954886,0.11348438136975134,71,2.699229728619912e-15,0.0,LL+,4,0.2641254088261118,-0.000483280269376829,LLTR+,5,0.271254896716918,0.0066462076214293675,LL+,4,0.2641254088261118,-0.000483280269376829,LLTR+,5,0.271254896716918,0.0066462076214293675,0.0071294878908061965,0.0071294878908061965,0.0071294878908061965,1
0.02,0.0002,71.0678531701891,0.0140710596337455,0.26444666638565517,0.11347331529738262,71,-1.3877787807814457e-17,0.0,LL+,4,0.2639273235286358,-0.0005193428570193781,LLTR+,5,0.27105454036960097,0.0066078739839458,LL+,4,0.2639273235286358,-0.0005193428570193781,LLTR+,5,0.27105454036960097,0.0066078739839458,0.007127216840965178,0.007127216840965178,0.007127216840965178,1
0.02,0.0002,71.16796440489432,0.01405126602063145,0.26429185905461083,0.11346228035807154,71,9.051787097646979e-13,0.0,LL+,4,0.2637297980061478,-0.000562061048463014,LLTR+,5,0.2708547452425776,0.006562886187966743,LL+,4,0.2637297980061478,-0.000562061048463014,LLTR+,5,0.2708547452425776,0.006562886187966743,0.007124947236429757,0.007124947236429757,0.007124947236429757,1
0.02,0.0002,71.26807563959956,0.014031528016232244,0.2641476444601102,0.11345127642061899,71,-1.4779844015322396e-15,0.0,LL+,4,0.26353282989753934,-0.0006148145625708423,LLTR+,5,0.2706555089733438,0.006507864513233597,LL+,4,0.26353282989753934,-0.0006148145625708423,LLTR+,5,0.2706555089733438,0.006507864513233597,0.007122679075804439,0.007122679075804439,0.007122679075804439,1
0.02,0.0002,71.36818687430478,0.014011845386533666,0.2640208547704816,0.11344030335456202,71,-4.142519660632615e-15,0.0,LL+,4,0.2633364168549528,-0.0006844379155288016,LLTR+,5,0.27045682921264813,0.006435974442166537,LL+,4,0.2633364168549528,-0.0006844379155288016,LLTR+,5,0.27045682921264813,0.006435974442166537,0.007120412357695338,0.007120412357695338,0.007120412357695338,1
0.02,0.0002,71.46829810901002,0.013992217898832683,0.2639290745699686,0.11342936103016873,71,-1.942890293094024e-16,0.0,LL+,4,0.2631405565436875,-0.0007885180262811042,LLTR+,5,0.2702587036243981,0.006329629054429464,LL+,4,0.2631405565436875,-0.0007885180262811042,LLTR+,5,0.2702587036243981,0.006329629054429464,0.0071181470807105685,0.0071181470807105685,0.0071181470807105685,1
0.02,0.0002,71.56840934371525,0.013972645321728316,0.26395273620900955,0.11341844931843305,71,-3.987574159758367e-13,0.0,LL+,4,0.26294524664210867,-0.0010074895669008876,LLTR+,5,0.27006112988556863,0.006108393676559076,LL+,4,0.26294524664210867,-0.0010074895669008876,LLTR+,5,0.27006112988556863,0.006108393676559076,0.007115883243459964,0.007115883243459964,0.007115883243459964,1
0.02,0.0002,71.66852057842047,0.013953127425112524,0.26884648603511796,0.11340756809106975,71,1.3877787807814457e-17,0.0,LL+,4,0.26275048484155583,-0.006096001193562128,LLTR+,5,0.26986410568611097,0.0010176196509930069,LL+,4,0.26275048484155583,-0.006096001193562128,LLTR+,5,0.26986410568611097,0.0010176196509930069,0.007113620844555135,0.007113620844555135,0.007113620844555135,1
0.02,0.0002,71.7686318131257,0.01393366398016119,0.268875691351319,0.11339671722050937,71,-4.5727310826748635e-15,0.0,LL+,4,0.26255626884625205,-0.006319422505066952,LLTR+,5,0.26966762872886185,0.0007919373775428507,LL+,4,0.26255626884625205,-0.006319422505066952,LLTR+,5,0.26966762872886185,0.0007919373775428507,0.007111359882609802,0.007111359882609802,0.007111359882609802,1
0.02,0.0002,71.86874304783092,0.013914254759325183,0.2687851805803797,0.1133858965798933,71,-1.8544471513948224e-12,0.0,LL+,4,0.26236259637321446,-0.006422584207165238,LLTR+,5,0.2694716967294539,0.0006865161490742233,LL+,4,0.26236259637321446,-0.006422584207165238,LLTR+,5,0.2694716967294539,0.0006865161490742233,0.007109100356239462,0.007109100356239462,0.007109100356239462,1
0.02,0.0002,71.96885428253616,0.013894899536321483,0.268659988876057,0.11337510604306873,71,-4.160560784782774e-14,0.0,LL+,4,0.26216946515216544,-0.006490523723891584,LLTR+,5,0.26927630741622655,0.0006163185401695248,LL+,4,0.26216946515216544,-0.006490523723891584,LLTR+,5,0.26927630741622655,0.0006163185401695248,0.007106842264061108,0.007106842264061108,0.007106842264061108,1
0.02,0.0002,72.06896551724138,0.013875598086124402,0.2685182121268755,0.11336434548458386,73,6.383227280082338e-13,0.0,LL+,4,0.261976872925444,-0.006541339201431462,LLTR+,5,0.26908145853013793,0.0005632464032624407,LL+,4,0.261976872925444,-0.006541339201431462,LLTR+,5,0.26908145853013793,0.0005632464032624407,0.007104585604693903,0.007104585604693903,0.007104585604693903,1
0.02,0.0002,72.16907675194662,0.013856350184956841,0.2683668220227402,0.11335361477968295,73,-8.118505867571457e-15,0.0,LL+,4,0.2617848174479185,-0.00658200457482172,LLTR+,5,0.26888714782467726,0.0005203258019370605,LL+,4,0.2617848174479185,-0.00658200457482172,LLTR+,5,0.26888714782467726,0.0005203258019370605,0.007102330376758781,0.007102330376758781,0.007102330376758781,1
0.02,0.0002,72.26918798665184,0.013837155610281668,0.2682092496738953,0.11334291380430153,73,-4.232978551010902e-12,0.0,LL+,4,0.2615932964868998,-0.006615953186995538,LLTR+,5,0.2686933730657783,0.0004841233918829735,LL+,4,0.2615932964868998,-0.006615953186995538,LLTR+,5,0.2686933730657783,0.0004841233918829735,0.007100076578878511,0.007100076578878511,0.007100076578878511,1
0.02,0.0002,72.36929922135707,0.013818014140793113,0.2680474391208226,0.11333224243506167,73,-1.1241355069024905e-13,0.0,LL+,4,0.2614023078220552,-0.0066451312987673705,LLTR+,5,0.26850013203173273,0.0004526929109101574,LL+,4,0.2614023078220552,-0.0066451312987673705,LLTR+,5,0.26850013203173273,0.0004526929109101574,0.007097824209677528,0.007097824209677528,0.007097824209677528,1
0.02,0.0002,72.46941045606229,0.01379892555640829,0.26788259894547806,0.11332160054926713,73,-1.734723475976807e-16,0.0,LL+,4,0.26121184924532304,-0.006670749700155021,LLTR+,5,0.26830742251310535,0.0004248235676272971,LL+,4,0.26121184924532304,-0.006670749700155021,LLTR+,5,0.26830742251310535,0.0004248235676272971,0.007095573267782318,0.007095573267782318,0.007095573267782318,1
0.02,0.0002,72.56952169076752,0.013779889638258738,0.2677155319357882,0.11331098802489875,73,2.925090725192092e-14,0.0,LL+,4,0.26102191856082807,-0.006693613374960106,LLTR+,5,0.2681152423126491,0.0003997103768609289,LL+,4,0.26102191856082807,-0.006693613374960106,LLTR+,5,0.2681152423126491,0.0003997103768609289,0.007093323751821035,0.007093323751821035,0.007093323751821035,1
0.02,0.0002,72.66963292547274,0.013760906168682077,0.26754679849549395,0.11330040474060976,73,2.7519653222896068e-14,0.0,LL+,4,0.26083251358479775,-0.0067142849106962,LLTR+,5,0.2679235892452214,0.0003767907497274625,LL+,4,0.26083251358479775,-0.0067142849106962,LLTR+,5,0.2679235892452214,0.0003767907497274625,0.0070910756604236624,0.0070910756604236624,0.0070910756604236624,1
0.02,0.0002,72.76974416017798,0.013741974931213695,0.2673768052946879,0.11328985057572113,73,-8.733638812152833e-14,0.0,LL+,4,0.2606436321454787,-0.006733173149209182,LLTR+,5,0.26773246113770066,0.00035565584301278097,LL+,4,0.2606436321454787,-0.006733173149209182,LLTR+,5,0.26773246113770066,0.00035565584301278097,0.007088828992221963,0.007088828992221963,0.007088828992221963,1
0.02,0.0002,72.86985539488322,0.013723095710578535,0.2672058567751264,0.11327932541021704,73,6.447828382327714e-13,0.0,LL+,4,0.2604552720830541,-0.006750584692072348,LLTR+,5,0.2675418558289038,0.0003359990537773472,LL+,4,0.2604552720830541,-0.006750584692072348,LLTR+,5,0.2675418558289038,0.0003359990537773472,0.007086583745849695,0.007086583745849695,0.007086583745849695,1
0.02,0.0002,72.96996662958844,0.013704268292682925,0.26703418674961277,0.11326882912474023,73,3.7643499428696714e-15,0.0,LL+,4,0.260267431249562,-0.006766755500050792,LLTR+,5,0.26735177116950426,0.00031758441989149233,LL+,4,0.260267431249562,-0.006766755500050792,LLTR+,5,0.26735177116950426,0.00031758441989149233,0.007084339919942284,0.007084339919942284,0.007084339919942284,1
0.02,0.0002,73.07007786429367,0.013685492464606484,0.266861978678199,0.11325836160058762,73,3.139849491518021e-15,0.0,LL+,4,0.2600801075088143,-0.006781871169384723,LLTR+,5,0.267162205021951,0.00030022634375198587,LL+,4,0.2600801075088143,-0.006781871169384723,LLTR+,5,0.267162205021951,0.00030022634375198587,0.007082097513136709,0.007082097513136709,0.007082097513136709,1
0.02,0.0002,73.17018909899889,0.013666768014594101,0.2666893791592875,0.11324792271970571,73,7.821479575120804e-12,0.0,LL+,4,0.2598932987363154,-0.006796080422972084,LLTR+,5,0.2669731552603877,0.00028377610110019713,LL+,4,0.2598932987363154,-0.006796080422972084,LLTR+,5,0.2669731552603877,0.00028377610110019713,0.007079856524072281,0.007079856524072281,0.007079856524072281,1
0.02,0.0002,73.27030033370411,0.013648094732047974,0.2665165071724291,0.11323751236468625,73,1.3877787807814457e-16,0.0,LL+,4,0.25970700281918335,-0.006809504353245732,LLTR+,5,0.266784619770573,0.0002681125981439103,LL+,4,0.25970700281918335,-0.006809504353245732,LLTR+,5,0.266784619770573,0.0002681125981439103,0.0070776169513896425,0.0070776169513896425,0.0070776169513896425,1
0.02,0.0002,73.37041156840934,0.01362947240751971,0.2663434606564348,0.11322713041876174,73,-9.13852327144582e-15,0.0,LL+,4,0.25952121765607006,-0.006822243000364769,LLTR+,5,0.2665965964498014,0.00025313579336655456,LL+,4,0.25952121765607006,-0.006822243000364769,LLTR+,5,0.2665965964498014,0.00025313579336655456,0.007075378793731324,0.007075378793731324,0.007075378793731324,1
0.02,0.0002,73.47052280311458,0.013610900832702498,0.2661703211786011,0.11321677676580115,73,-2.785965902418752e-15,0.0,LL+,4,0.25933594115708236,-0.00683438002151876,LLTR+,5,0.2664090832068243,0.00023876202822320503,LL+,4,0.25933594115708236,-0.00683438002151876,LLTR+,5,0.2664090832068243,0.00023876202822320503,0.007073142049741965,0.007073142049741965,0.007073142049741965,1
0.02,0.0002,73.5706340378198,0.013592379800423344,0.2659971574305858,0.11320645129030552,73,-1.000241556248227e-14,0.0,LL+,4,0.2591511712437051,-0.006845986186880648,LLTR+,5,0.26622207796177266,0.0002249205311868896,LL+,4,0.2591511712437051,-0.006845986186880648,LLTR+,5,0.26622207796177266,0.0002249205311868896,0.007070906718067538,0.007070906718067538,0.007070906718067538,1
0.02,0.0002,73.67074527252504,0.01357390910463536,0.2658240278285019,0.11319615387740373,73,4.163336342344337e-17,0.0,LL+,4,0.25896690584872295,-0.006857121979778946,LLTR+,5,0.26603557864607896,0.0002115508175770664,LL+,4,0.25896690584872295,-0.006857121979778946,LLTR+,5,0.26603557864607896,0.0002115508175770664,0.007068672797356013,0.007068672797356013,0.007068672797356013,1
0.02,0.0002,73.77085650723026,0.01355548854041013,0.2656509824955719,0.11318588441284816,73,-4.960490351813007e-12,0.0,LL+,4,0.2587831429161437,-0.006867839579428214,LLTR+,5,0.26584958320240104,0.000198600706829144,LL+,4,0.2587831429161437,-0.006867839579428214,LLTR+,5,0.26584958320240104,0.000198600706829144,0.007066440286257358,0.007066440286257358,0.007066440286257358,1
0.02,0.0002,73.87096774193549,0.01353711790393013,0.265478064808449,0.11317564278301055,73,-7.475305097148777e-13,0.0,LL+,4,0.25859988040112303,-0.00687818440732596,LLTR+,5,0.2656640895845458,0.0001860247760968048,LL+,4,0.25859988040112303,-0.00687818440732596,LLTR+,5,0.2656640895845458,0.0001860247760968048,0.007064209183422765,0.007064209183422765,0.007064209183422765,1
0.02,0.0002,73.97107897664071,0.013518796992481203,0.2653053125788156,0.11316542887487778,73,1.1963624535482609e-12,0.0,LL+,4,0.2584171162698883,-0.006888196308927341,LLTR+,5,0.2654790957573939,0.00017378317857830172,LL+,4,0.2584171162698883,-0.006888196308927341,LLTR+,5,0.2654790957573939,0.00017378317857830172,0.007061979487505643,0.007061979487505643,0.007061979487505643,1
0.02,0.0002,74.07119021134594,0.013500525604445113,0.2651327590244436,0.11315524257604766,75,-5.703770789011742e-15,0.0,LL+,4,0.2582348484996638,-0.006897910524779782,LLTR+,5,0.26529459969682506,0.0001618406723814525,LL+,4,0.2582348484996638,-0.006897910524779782,LLTR+,5,0.26529459969682506,0.0001618406723814525,0.007059751197161235,0.007059751197161235,0.007059751197161235,1
0.02,0.0002,74.17130144605117,0.01348230353929214,0.2649604335313334,0.11314508377472487,75,-3.469446951953614e-17,0.0,LL+,4,0.2580530750785971,-0.006907358452736323,LLTR+,5,0.2651105993896432,0.000150165858309792,LL+,4,0.2580530750785971,-0.006907358452736323,LLTR+,5,0.2651105993896432,0.000150165858309792,0.007057524311046115,0.007057524311046115,0.007057524311046115,1
0.02,0.0002,74.2714126807564,0.01346413059757376,0.26478836226881464,0.11313495235971688,75,-5.686909276825247e-13,0.0,LL+,4,0.25787179400568483,-0.0069165682631298075,LLTR+,5,0.2649270928335038,0.00013873056468916012,LL+,4,0.25787179400568483,-0.0069165682631298075,LLTR+,5,0.2649270928335038,0.00013873056468916012,0.007055298827818968,0.007055298827818968,0.007055298827818968,1
0.02,0.0002,74.37152391546162,0.013446006580915345,0.26461656870132205,0.11312484822042981,75,-2.875442939309636e-13,0.0,LL+,4,0.2576910032906997,-0.006925565410622336,LLTR+,5,0.26474407803683986,0.00012750933551780586,LL+,4,0.2576910032906997,-0.006925565410622336,LLTR+,5,0.26474407803683986,0.00012750933551780586,0.007053074746140142,0.007053074746140142,0.007053074746140142,1
0.02,0.0002,74.47163515016686,0.013427931292008961,0.26444507400566236,0.1131147712468645,75,-1.0851389231625319e-13,0.0,LL+,4,0.25751070095411865,-0.006934373051543707,LLTR+,5,0.26456155301879036,0.00011647901312800135,LL+,4,0.25751070095411865,-0.006934373051543707,LLTR+,5,0.26456155301879036,0.00011647901312800135,0.007050852064671709,0.007050852064671709,0.007050852064671709,1
0.02,0.0002,74.57174638487209,0.013409904534606205,0.26427389742238555,0.11310472132961247,75,-5.979418349344456e-13,0.0,LL+,4,0.2573308850270502,-0.006943012395335346,LLTR+,5,0.2643795158091277,0.00010561838674216784,LL+,4,0.2573308850270502,-0.006943012395335346,LLTR+,5,0.2643795158091277,0.00010561838674216784,0.007048630782077514,0.007048630782077514,0.007048630782077514,1
0.02,0.0002,74.67185761957731,0.013391926113511098,0.26410305655142824,0.11309469835985195,75,-2.3192905929114715e-13,0.0,LL+,4,0.25715155355116376,-0.006951503000264481,LLTR+,5,0.264197964448187,9.490789675875577e-05,LL+,4,0.25715155355116376,-0.006951503000264481,LLTR+,5,0.264197964448187,9.490789675875577e-05,0.007046410897023236,0.007046410897023236,0.007046410897023236,1
0.02,0.0002,74.77196885428253,0.013373995834573044,0.2639325676010919,0.11308470222934398,75,-6.908362770730037e-14,0.0,LL+,4,0.25697270457861865,-0.006959863022473256,LLTR+,5,0.26401689698679476,8.432938570285264e-05,LL+,4,0.25697270457861865,-0.006959863022473256,LLTR+,5,0.26401689698679476,8.432938570285264e-05,0.007044192408176109,0.007044192408176109,0.007044192408176109,1
0.02,0.0002,74.87208008898777,0.013356113504679839,0.2637624456043003,0.11307473283042851,75,-1.8165434434447292e-12,0.0,LL+,4,0.256794336171994,-0.006968109432306302,LLTR+,5,0.26383631148619946,7.386588189917109e-05,LL+,4,0.256794336171994,-0.006968109432306302,LLTR+,5,0.26383631148619946,7.386588189917109e-05,0.007041975314205473,0.007041975314205473,0.007041975314205473,1
0.02,0.0002,74.972191323693,0.013338278931750741,0.2635927046079866,0.11306479005602055,75,-1.5644013862115003e-12,0.0,LL+,4,0.25661644640421954,-0.006976258203767072,LLTR+,5,0.26365620601800144,6.350141001482124e-05,LL+,4,0.25661644640421954,-0.006976258203767072,LLTR+,5,0.26365620601800144,6.350141001482124e-05,0.007039759613781893,0.007039759613781893,0.007039759613781893,1
0.02,0.0002,75.07230255839822,0.01332049192472959,0.2634233578328297,0.11305487379960626,75,-8.111671057076109e-13,0.0,LL+,4,0.2564390333585058,-0.0069843244743239,LLTR+,5,0.2634765786640839,5.3220831254197076e-05,LL+,4,0.2564390333585058,-0.0069843244743239,LLTR+,5,0.2634765786640839,5.3220831254197076e-05,0.007037545305578097,0.007037545305578097,0.007037545305578097,1
0.02,0.0002,75.17241379310344,0.013302752293577982,0.26325441782145653,0.11304498395523924,75,-1.042568809062061e-14,0.0,LL+,4,0.25626209512827647,-0.006992322693180064,LLTR+,5,0.26329742751654495,4.300969508841401e-05,LL+,4,0.25626209512827647,-0.006992322693180064,LLTR+,5,0.26329742751654495,4.300969508841401e-05,0.007035332388268478,0.007035332388268478,0.007035332388268478,1
0.02,0.0002,75.27252502780868,0.013285059849268508,0.2630858965689698,0.1130351204175367,75,1.4678883109020546e-13,0.0,LL+,4,0.2560856298170999,-0.007000266751869877,LLTR+,5,0.26311875067762885,3.2854108659052805e-05,LL+,4,0.2560856298170999,-0.007000266751869877,LLTR+,5,0.26311875067762885,3.2854108659052805e-05,0.00703312086052893,0.00703312086052893,0.00703312086052893,1
0.02,0.0002,75.37263626251391,0.013267414403778039,0.26291780564284545,0.11302528308167577,75,-3.416884830631517e-13,0.0,LL+,4,0.2559096355386222,-0.007008170104223221,LLTR+,5,0.26294054625965957,2.2740616814120873e-05,LL+,4,0.2559096355386222,-0.007008170104223221,LLTR+,5,0.26294054625965957,2.2740616814120873e-05,0.007030910721037342,0.007030910721037342,0.007030910721037342,1
0.02,0.0002,75.47274749721913,0.013249815770081061,0.26275015629410053,0.1130154718433897,75,3.140890325603607e-13,0.0,LL+,4,0.25573411041650007,-0.007016045877600463,LLTR+,5,0.2627628123849731,1.2656090872587011e-05,LL+,4,0.25573411041650007,-0.007016045877600463,LLTR+,5,0.2627628123849731,1.2656090872587011e-05,0.00702870196847305,0.00702870196847305,0.00702870196847305,1
0.02,0.0002,75.57285873192437,0.013232263762143065,0.26258295956329025,0.11300568659896426,75,1.0103865660804345e-11,0.0,LL+,4,0.2555590525843343,-0.0070239069789559405,LLTR+,5,0.2625855471858519,2.5876225616672244e-06,LL+,4,0.2555590525843343,-0.0070239069789559405,LLTR+,5,0.2625855471858519,2.5876225616672244e-06,0.007026494601517608,0.007026494601517608,0.007026494601517608,1
0.02,0.0002,75.6729699666296,0.013214758194914007,0.2624162263662402,0.11299592724523407,75,5.632900396124185e-12,0.0,LLTR+,5,0.2624087488044584,-7.477561781765729e-06,LL+,5,0.2853896060400626,0.022973379673822403,LL+,4,0.2553844601856048,-0.00703176618063539,LLTR+,5,0.2624087488044584,-7.477561781765729e-06,0.02298085723560417,0.007024288618853625,0.007024288618853625,1
0.02,0.0002,75.77308120133482,0.013197298884321784,0.2622499676221629,0.1129861936795789,75,1.2303047469686135e-11,0.0,LLTR+,5,0.2622324153927702,-1.755222939270329e-05,LL+,5,0.28517625155120274,0.022926283929039837,LL+,4,0.25521033137360427,-0.007039636248558634,LLTR+,5,0.2622324153927702,-1.755222939270329e-05,0.02294383615843254,0.007022084019165931,0.007022084019165931,1
0.02,0.0002,75.87319243604004,0.013179885647265797,0.26208419431113833,0.11297648579992019,75,5.717648576819556e-15,0.0,LLTR+,5,0.2620565451125154,-2.7649198622914373e-05,LL+,5,0.28496346177668064,0.022879267465542308,LL+,4,0.25503666431137434,-0.007047529999763991,LLTR+,5,0.2620565451125154,-2.7649198622914373e-05,0.022906916664165222,0.007019880801141076,0.007019880801141076,1
0.02,0.0002,75.97330367074528,0.01316251830161054,0.2619189176172499,0.11296680350471738,75,2.185751579730777e-16,0.0,LLTR+,5,0.2618811361351078,-3.7781482142118517e-05,LL+,5,0.2847512344828569,0.022832316865606994,LL+,4,0.25486345717164083,-0.007055460445609063,LLTR+,5,0.2618811361351078,-3.7781482142118517e-05,0.022870098347749113,0.0070176789634669445,0.0070176789634669445,1
0.02,0.0002,76.0734149054505,0.013145196666179266,0.26175414898989996,0.11295714669296444,77,-1.2557073436614274e-12,0.0,LLTR+,5,0.26170618664158374,-4.7962348316221703e-05,LL+,5,0.2845395674478509,0.022785418457950957,LL+,4,0.25469070813675043,-0.007063440853149527,LLTR+,5,0.26170618664158374,-4.7962348316221703e-05,0.02283338080626718,0.007015478504833306,0.007015478504833306,1
0.02,0.0002,76.17352614015573,0.013127920560747663,0.26158990028004175,0.11294751526418634,77,1.3590416986231091e-11,0.0,LLTR+,5,0.2615316948225387,-5.8205457503068825e-05,LL+,5,0.2843284584614638,0.022738558181422064,LL+,4,0.25451841539860676,-0.007071484881434997,LLTR+,5,0.2615316948225387,-5.8205457503068825e-05,0.022796763638925133,0.0070132794239319285,0.0070132794239319285,1
0.02,0.0002,76.27363737486095,0.013110689806037626,0.2614261838159411,0.11293790911843549,77,-7.159665221800893e-12,0.0,LLTR+,5,0.2613576588780645,-6.852493787662395e-05,LL+,5,0.2841179053251015,0.02269172150916038,LL+,4,0.25434657715860864,-0.007079606657332482,LLTR+,5,0.2613576588780645,-6.852493787662395e-05,0.022760246447037003,0.007011081719455858,0.007011081719455858,1
0.02,0.0002,76.37374860956619,0.013093504223711038,0.26126301260009277,0.11292832815628842,77,8.500145032286355e-16,0.0,LLTR+,5,0.261184077017687,-7.893558240579246e-05,LL+,5,0.28390790585169884,0.02264489325160607,LL+,4,0.25417519162758706,-0.0070878209725057095,LLTR+,5,0.261184077017687,-7.893558240579246e-05,0.02272382883401186,0.007008885390099917,0.007008885390099917,1
0.02,0.0002,76.47385984427142,0.013076363636363636,0.2611004003631235,0.11291877227884223,77,7.081835118327717e-14,0.0,LLTR+,5,0.26101094746030473,-8.945290281875407e-05,LL+,5,0.28369845786564396,0.022598057502520474,LL+,4,0.25400425702574375,-0.0070961433373797345,LLTR+,5,0.26101094746030473,-8.945290281875407e-05,0.02268751040533923,0.00700669043456098,0.00700669043456098,1
0.02,0.0002,76.57397107897664,0.013059267867518884,0.2609383617672493,0.11290924138771129,77,-1.4200834952404762e-11,0.0,LLTR+,5,0.26083826843412705,-0.00010009333312227531,LL+,5,0.2834895592027036,0.02255119743545425,LL+,4,0.2538337715825899,-0.007104590184659421,LLTR+,5,0.26083826843412705,-0.00010009333312227531,0.022651290768576526,0.007004496851537145,0.007004496851537145,1
0.02,0.0002,76.67408231368188,0.013042216741621933,0.2607769125908138,0.11289973538502374,77,1.4508533263679624e-13,0.0,LLTR+,5,0.26066603817661393,-0.00011087441419987965,LL+,5,0.2832812077099485,0.02250429511913471,LL+,4,0.2536637335368854,-0.007113179053928387,LLTR+,5,0.26066603817661393,-0.00011087441419987965,0.02261516953333459,0.007002304639728507,0.007002304639728507,1
0.02,0.0002,76.7741935483871,0.013025210084033612,0.2606160698724142,0.11289025417341825,77,-8.673617379884035e-17,0.0,LLTR+,5,0.26049425493441536,-0.00012181493799884313,LL+,5,0.28307340124568037,0.022457331373266165,LL+,4,0.25349414113657853,-0.00712192873583567,LLTR+,5,0.26049425493441536,-0.00012181493799884313,0.022579146311265008,0.007000113797836827,0.007000113797836827,1
0.02,0.0002,76.87430478309233,0.013008247721024453,0.2604558522016436,0.11288079765604064,77,3.3297670176679617e-13,0.0,LLTR+,5,0.26032291696331145,-0.0001329352383321325,LL+,5,0.28286613767935787,0.022410285477714287,LL+,4,0.25332499263874597,-0.007130859562897607,LLTR+,5,0.26032291696331145,-0.0001329352383321325,0.02254322071604642,0.006997924324565474,0.006997924324565474,1
0.02,0.0002,76.97441601779755,0.012991329479768787,0.26029627996061466,0.11287136573654061,77,1.9637243220405054e-12,0.0,LLTR+,5,0.2601520225281533,-0.000144257432461381,LL+,5,0.2826594148915248,0.022363134930910133,LL+,4,0.2531562863095339,-0.007139993651080756,LLTR+,5,0.2601520225281533,-0.000144257432461381,0.022507392363371514,0.006995736218619375,0.006995736218619375,1
0.02,0.0002,77.07452725250279,0.012974455188338865,0.2601373756474491,0.11286195831906842,77,-3.3688329903469594e-15,0.0,LLTR+,5,0.2599815699028038,-0.00015580574464529873,LL+,5,0.28245323077373763,0.02231585512628853,LL+,4,0.2529880204240983,-0.007149355223350806,LLTR+,5,0.2599815699028038,-0.00015580574464529873,0.02247166087093383,0.0069935494787055075,0.0069935494787055075,1
0.02,0.0002,77.17463848720801,0.012957624675699048,0.25997916426533296,0.11285257530827172,77,-3.893760314177541e-14,0.0,LLTR+,5,0.2598115573700795,-0.00016760689525346928,LL+,5,0.2822475832284944,0.02226841896316145,LL+,4,0.2528201932665475,-0.0071589709987854855,LLTR+,5,0.2598115573700795,-0.00016760689525346928,0.02243602585841492,0.006991364103532016,0.006991364103532016,1
0.02,0.0002,77.27474972191324,0.012940837771700015,0.25982167377397314,0.11284321660929227,77,-1.0393803873132157e-12,0.0,LLTR+,5,0.2596419832216924,-0.00017969055228073127,LL+,5,0.2820424701691635,0.022220796395190368,LL+,4,0.25265280312988314,-0.007168870644089997,LLTR+,5,0.2596419832216924,-0.00017969055228073127,0.0224004869474711,0.006989180091809266,0.006989180091809266,1
0.02,0.0002,77.37486095661846,0.01292409430707303,0.2596649356566632,0.11283388212776273,77,3.7066703872934426e-12,0.0,LLTR+,5,0.2594728457581924,-0.00019208989847080415,LL+,5,0.28183788951991373,0.022172953863250522,LL+,4,0.2524858483159437,-0.007179087340719537,LLTR+,5,0.2594728457581924,-0.00019208989847080415,0.022365043761721326,0.006986997442248732,0.006986997442248732,1
0.02,0.0002,77.4749721913237,0.012907394113424262,0.2595089855915189,0.11282457176980354,77,4.5102810375396984e-17,0.0,LLTR+,5,0.25930414328891055,-0.00020484230260836567,LL+,5,0.2816338392156441,0.022124853624125196,LL+,4,0.2523193271353463,-0.007189658456172587,LLTR+,5,0.25930414328891055,-0.00020484230260836567,0.02232969592673356,0.006984816153564222,0.006984816153564222,1
0.02,0.0002,77.57508342602893,0.012890737023229137,0.259353864329098,0.11281528544201976,77,8.45715858455165e-12,0.0,LLTR+,5,0.25913587413190187,-0.00021799019719614954,LL+,5,0.28143031720191525,0.02207645287281723,LL+,4,0.2521532379074313,-0.007200626421666689,LLTR+,5,0.25913587413190187,-0.00021799019719614954,0.02229444307001338,0.00698263622447054,0.00698263622447054,1
0.02,0.0002,77.67519466073415,0.012874122869826723,0.259199618716084,0.11280602305149791,77,1.6753959330984003e-14,0.0,LLTR+,5,0.25896803661388934,-0.00023158210219464959,LL+,5,0.28122732143487994,0.02202770271879595,LL+,4,0.25198757896020485,-0.0072120397558791405,LLTR+,5,0.25896803661388934,-0.00023158210219464959,0.0222592848209906,0.006980457653684491,0.006980457653684491,1
0.02,0.0002,77.77530589543937,0.012857551487414189,0.2590463031003616,0.11279678450580291,77,-8.122669203913802e-14,0.0,LLTR+,5,0.2588006290702085,-0.00024567403015307576,LL+,5,0.2810248498812152,0.02197854678085359,LL+,4,0.25182234863028374,-0.007223954470077842,LLTR+,5,0.2588006290702085,-0.00024567403015307576,0.022224220811006667,0.006978280439924767,0.006978280439924767,1
0.02,0.0002,77.87541713014461,0.012841022711041278,0.25889398102196987,0.11278756971297502,77,7.129713486264677e-15,0.0,LLTR+,5,0.25863364984475146,-0.00026033117721840915,LL+,5,0.2808229005180549,0.021928919496085053,LL+,4,0.25165754526284034,-0.0072364357591295225,LLTR+,5,0.25863364984475146,-0.00026033117721840915,0.022189250673303462,0.006976104581911113,0.006976104581911113,1
0.02,0.0002,77.97552836484984,0.012824536376604849,0.2587427274952099,0.11277837858152671,77,2.0816681711721685e-17,0.0,LLTR+,5,0.25846709728991246,-0.0002756302052974169,LL+,5,0.2806214713329227,0.021878743837712822,LL+,4,0.2514931672115469,-0.00724956028366297,LLTR+,5,0.25846709728991246,-0.0002756302052974169,0.02215437404301024,0.006973930078365553,0.006973930078365553,1
0.02,0.0002,78.07563959955506,0.012808092320843425,0.2585926319938446,0.11276921102043971,79,-2.42861286636753e-17,0.0,LLTR+,5,0.25830096976653305,-0.0002916622273115288,LL+,5,0.2804205603236647,0.021827928329820112,LL+,4,0.2513292128385217,-0.007263419155322859,LLTR+,5,0.25830096976653305,-0.0002916622273115288,0.02211959055713164,0.00697175692801133,0.00697175692801133,1
0.02,0.0002,78.1757508342603,0.012791690381331815,0.25844380247065746,0.11276006693916199,79,4.3721276599129055e-13,0.0,LLTR+,5,0.25813526564384826,-0.0003085368268092026,LL+,5,0.28022016549838413,0.021776363027726675,LL+,4,0.25116568051427485,-0.0072781219563826105,LLTR+,5,0.25813526564384826,-0.0003085368268092026,0.022084899854535878,0.006969585129573408,0.006969585129573408,1
0.02,0.0002,78.27586206896552,0.01277533039647577,0.2582963708647333,0.11275094624760475,79,-1.0067849331996115e-12,0.0,LLTR+,5,0.2579699832994329,-0.00032638756530040114,LL+,5,0.28002028487537556,0.021723914010642276,LL+,4,0.25100256861765413,-0.007293802247079151,LLTR+,5,0.2579699832994329,-0.00032638756530040114,0.022050301575942677,0.00696741468177875,0.00696741468177875,1
0.02,0.0002,78.37597330367075,0.01275901220550667,0.25815050082478136,0.11274184885613947,79,9.8879238130678e-16,0.0,LLTR+,5,0.2578051211191479,-0.0003453797056334751,LL+,5,0.2798209164830593,0.02167041565827793,LL+,4,0.25083987553579257,-0.007310625288988792,LLTR+,5,0.2578051211191479,-0.0003453797056334751,0.022015795363911406,0.006965245583355317,0.006965245583355317,1
0.02,0.0002,78.47608453837597,0.012742735648476259,0.25800639877881193,0.11273277467559502,79,-3.2612801348363973e-16,0.0,LLTR+,5,0.2576406774970882,-0.00036572128172374097,LL+,5,0.27962205835991777,0.02161565958110584,LL+,4,0.2506775996640547,-0.007328799114757256,LLTR+,5,0.2576406774970882,-0.00036572128172374097,0.02198138086282958,0.006963077833033515,0.006963077833033515,1
0.02,0.0002,78.57619577308121,0.012726500566251414,0.25786433031565736,0.11272372361725468,79,-7.73686670285656e-16,0.0,LLTR+,5,0.2574766508355296,-0.000387679480127745,LL+,5,0.27942370855443044,0.021559378238773075,LL+,4,0.2505157394059849,-0.007348590909672437,LLTR+,5,0.2574766508355296,-0.000387679480127745,0.02194705771890082,0.006960911429544692,0.006960911429544692,1
0.02,0.0002,78.67630700778643,0.012710306800508978,0.2577246452045303,0.11271469559285327,79,-1.657916859354458e-12,0.0,LLTR+,5,0.25731303954487716,-0.000411605659653147,LL+,5,0.2792258651250108,0.021501219920480485,LL+,4,0.25035429317325514,-0.007370352031275174,LLTR+,5,0.25731303954487716,-0.000411605659653147,0.021912825580133632,0.006958746371622027,0.006958746371622027,1
0.02,0.0002,78.77641824249166,0.012694154193730585,0.2575878172255542,0.11270569051457431,79,2.959438250016433e-15,0.0,LLTR+,5,0.2571498420436133,-0.00043797518194088614,LL+,5,0.2790285261399432,0.02144070891438904,LL+,4,0.25019325938561265,-0.007394557839941529,LLTR+,5,0.2571498420436133,-0.00043797518194088614,0.021878684096329926,0.006956582658000643,0.006956582658000643,1
0.02,0.0002,78.87652947719688,0.012678042589197575,0.2574545106977296,0.11269670829504716,79,4.236194728335363e-15,0.0,LLTR+,5,0.25698705675824673,-0.00046745393948288694,LL+,5,0.27883168967731986,0.02137717897959024,LL+,4,0.25003263647082985,-0.007421874226899772,LLTR+,5,0.25698705675824673,-0.00046745393948288694,0.021844632919073126,0.006954420287416885,0.006954420287416885,1
0.02,0.0002,78.97664071190212,0.012661971830985915,0.2573256986618282,0.11268774884734416,79,-4.519124657820228e-12,0.0,LLTR+,5,0.25682468212326137,-0.000501016538566823,LL+,5,0.27863535382497906,0.021309655163150865,LL+,4,0.2498724228646525,-0.007453275797175696,LLTR+,5,0.25682468212326137,-0.000501016538566823,0.021810671701717688,0.006952259258608873,0.006952259258608873,1
0.02,0.0002,79.07675194660735,0.012645941763961175,0.2572028897581521,0.11267881208497786,79,-1.7656640038943294e-12,0.0,LLTR+,5,0.2566627165810662,-0.0005401731770858786,LL+,5,0.2784395166804434,0.021236626922291335,LL+,4,0.24971261701074968,-0.00749027274740241,LLTR+,5,0.2566627165810662,-0.0005401731770858786,0.021776800099377214,0.006950099570316531,0.006950099570316531,1
0.02,0.0002,79.17686318131257,0.012629952233773532,0.25708861130740845,0.11266989792189824,79,-8.673617379884035e-17,0.0,LLTR+,5,0.2565011585819448,-0.0005874527254636774,LL+,5,0.2782441763508584,0.021155565043449953,LL+,4,0.2495532173606637,-0.007535393946744767,LLTR+,5,0.2565011585819448,-0.0005874527254636774,0.02174301776891363,0.00694794122128109,0.00694794122128109,1
0.02,0.0002,79.27697441601781,0.012614003086852812,0.25698760058280457,0.11266100627248996,79,2.3906571167131574e-13,0.0,LLTR+,5,0.2563400065840058,-0.0006475939987987678,LL+,5,0.2780493309529317,0.021061730370127152,LL+,4,0.24939422237376016,-0.007593378209044405,LLTR+,5,0.2563400065840058,-0.0006475939987987678,0.02170932436892592,0.006945784210245637,0.006945784210245637,1
0.02,0.0002,79.37708565072303,0.012598094170403586,0.2569104895588972,0.11265213705156951,79,4.856531843344669e-14,0.0,LLTR+,5,0.25617925905313377,-0.0007312305057634583,LL+,5,0.2778549786128732,0.020944489053976,LL+,4,0.24923563051717892,-0.007674859041718302,LLTR+,5,0.25617925905313377,-0.0007312305057634583,0.02167571955973946,0.006943628535954843,0.006943628535954843,1
0.02,0.0002,79.47719688542826,0.01258222533240028,0.2568911759112544,0.11264329017438267,79,-8.52443116095003e-15,0.0,LLTR+,5,0.2560189144629396,-0.0008722614483147595,LL+,5,0.2776611174663348,0.02076994155508044,LL+,4,0.24907744026578485,-0.007813735645469527,LLTR+,5,0.2560189144629396,-0.0008722614483147595,0.0216422030033952,0.006941474197154768,0.006941474197154768,1
0.02,0.0002,79.57730812013348,0.012566396421582332,0.25801762665641814,0.11263446555660166,79,0.0,0.0,LLTR+,5,0.2558589712947128,-0.0021586553617053417,LL+,5,0.2774677456583509,0.019450119001932775,LL+,4,0.24891965010211933,-0.009097976554298809,LLTR+,5,0.2558589712947128,-0.0021586553617053417,0.021608774363638117,0.006939321192593467,0.006939321192593467,1
0.02,0.0002,79.67741935483872,0.01255060728744939,0.2764019385953885,0.11262566311432254,79,-3.3082564465658493e-13,0.0,LLTR+,5,0.25569942803737233,-0.02070251055801614,LL+,5,0.27727486134327994,0.0008729227478914692,LL+,5,0.27727486134327994,0.0008729227478914692,LLTR+,6,0.28321598855325414,0.006814049957865664,0.02157543330590761,0.005941127209974195,0.005941127209974195,1
0.02,0.0002,79.77753058954394,0.012534857780256552,0.27635089726047557,0.11261688276406254,79,-8.488695857344908e-13,0.0,LLTR+,5,0.25554028318741956,-0.02081061407305601,LL+,5,0.27708246268474546,0.0007315654242698866,LL+,5,0.27708246268474546,0.0007315654242698866,LLTR+,6,0.28302201044218916,0.006671113181713595,0.021542179497325897,0.005939547757443708,0.005939547757443708,1
0.02,0.0002,79.87764182424917,0.012519147751009608,0.27624272765789876,0.11260812442275736,79,-1.328513687948174e-12,0.0,LLTR+,5,0.2553815352488903,-0.020861192409008467,LL+,5,0.27689054785557843,0.0006478201976796716,LL+,5,0.27689054785557843,0.0006478201976796716,LLTR+,6,0.28282851700004674,0.006585789342147985,0.021509012606688138,0.005937969144468314,0.005937969144468314,1
0.02,0.0002,79.97775305895439,0.012503477051460363,0.27611149041797245,0.11259938800775866,79,-6.111083861171096e-14,0.0,LLTR+,5,0.2552231827333076,-0.020888307684664875,LL+,5,0.2766991150377591,0.0005876246197866752,LL+,5,0.2766991150377591,0.0005876246197866752,LLTR+,6,0.28263550640813184,0.006524015990159393,0.02147593230445155,0.005936391370372718,0.005936391370372718,1
0.02,0.0002,80.07786429365963,0.012487845534101958,0.27596784987966666,0.11259067343683135,81,-6.818677567022036e-13,0.0,LLTR+,5,0.2550652241596353,-0.020902625720031376,LL+,5,0.2765081624223603,0.000540312542693655,LL+,5,0.2765081624223603,0.000540312542693655,LLTR+,6,0.2824429768568425,0.006475126977175838,0.02144293826272503,0.005934814434482183,0.005934814434482183,1
0.02,0.0002,80.17797552836485,0.012472253052164262,0.27581655394781224,0.11258198062815108,81,-1.2696753370899927e-12,0.0,LLTR+,5,0.2549076580542312,-0.020908895893581025,LL+,5,0.27631768820949054,0.0005011342616783043,LL+,5,0.27631768820949054,0.0005011342616783043,LLTR+,6,0.28225092654561323,0.006434372597800997,0.02141003015525933,0.005933238336122693,0.005933238336122693,1
0.02,0.0002,80.27808676307008,0.012456699459609255,0.2756601343777708,0.11257330950030167,81,-5.02622249376472e-13,0.0,LLTR+,5,0.2547504829508014,-0.020909651426969433,LL+,5,0.2761276906082373,0.00046755623046645933,LL+,5,0.2761276906082373,0.00046755623046645933,LLTR+,6,0.2820593536828582,0.006399219305087411,0.021377207657435893,0.005931663074620952,0.005931663074620952,1
0.02,0.0002,80.3781979977753,0.012441184611126489,0.27550010190067414,0.11256465997227252,81,1.844767394398872e-12,0.0,LLTR+,5,0.254593697390354,-0.020906404510320165,LL+,5,0.27593816783661185,0.0004380659359377037,LL+,5,0.27593816783661185,0.0004380659359377037,LLTR+,6,0.2818682564859163,0.006368154585242147,0.02134447044625787,0.005930088649304444,0.005930088649304444,1
0.02,0.0002,80.47830923248054,0.012425708362128541,0.27533743064391636,0.11255603196345618,81,2.2173582414630744e-13,0.0,LLTR+,5,0.25443729992115405,-0.02090013072276231,LL+,5,0.27574911812149283,0.0004116874775764723,LL+,5,0.27574911812149283,0.0004116874775764723,LLTR+,6,0.2816776331809944,0.006340202537078066,0.021311818200338783,0.005928515059501593,0.005928515059501593,1
0.02,0.0002,80.57842046718577,0.01241027056874655,0.27517278552394114,0.1125474253936457,81,2.3415297478734942e-14,0.0,LLTR+,5,0.25428128909867853,-0.020891496425262612,LL+,5,0.2755605396985722,0.0003877541746310498,LL+,5,0.2755605396985722,0.0003877541746310498,LLTR+,6,0.2814874820031133,0.006314696479172155,0.021279250599893662,0.005926942304541105,0.005926942304541105,1
0.02,0.0002,80.67853170189099,0.012394871087825728,0.27500664063501223,0.11253884018303235,81,1.0411810302812796e-14,0.0,LLTR+,5,0.2541256634855715,-0.02088097714944076,LL+,5,0.27537243081229956,0.00036579017728732843,LL+,5,0.27537243081229956,0.00036579017728732843,LLTR+,6,0.2812978011960524,0.006291160561040177,0.02124676732672809,0.005925370383752848,0.005925370383752848,1
0.02,0.0002,80.77864293659623,0.012379509776920957,0.2748393459176824,0.11253027625220294,81,-3.1164827662966132e-12,0.0,LLTR+,5,0.25397042165159933,-0.020868924266083055,LL+,5,0.2751847897158286,0.0003454437981462166,LL+,5,0.2751847897158286,0.0003454437981462166,LLTR+,6,0.28110858901229563,0.006269243094613242,0.021214368064229272,0.005923799296467025,0.005923799296467025,1
0.02,0.0002,80.87875417130145,0.012364186494292393,0.2746711670486286,0.11252173352213751,81,-8.744071439137358e-12,0.0,LLTR+,5,0.25381556217360746,-0.02085560487502114,LL+,5,0.27499761467096273,0.00032644762233413616,LL+,5,0.27499761467096273,0.00032644762233413616,LLTR+,6,0.28091984371297785,0.006248676664349251,0.021182052497355275,0.005922229042015115,0.005922229042015115,1
0.02,0.0002,80.97886540600668,0.012348901098901098,0.27450231050958596,0.11251321191420688,81,-2.0424634206150927e-14,0.0,LLTR+,5,0.2536610836354757,-0.020841226874110275,LL+,5,0.27481090394810215,0.0003085934385161915,LL+,5,0.27481090394810215,0.0003085934385161915,LLTR+,6,0.2807315635678309,0.0062292530582449546,0.021149820312626466,0.005920659619728763,0.005920659619728763,1
0.02,0.0002,81.0789766407119,0.01233365345040472,0.27433293994167307,0.11250471135017014,81,-2.8282931552325863e-14,0.0,LLTR+,5,0.25350698462807564,-0.020825955313597433,LL+,5,0.2746246558261901,0.0002917158845170409,LL+,5,0.2746246558261901,0.0002917158845170409,LLTR+,6,0.28054374685513095,0.006210806913457878,0.021117671198114474,0.005919091028940837,0.005919091028940837,1
0.02,0.0002,81.17908787541714,0.01231844340915319,0.27416318729143146,0.11249623175217241,81,3.122502256758253e-17,0.0,LLTR+,5,0.25335326374922684,-0.020809923542204622,LL+,5,0.2744388685926608,0.00027568130122934686,LL+,5,0.2744388685926608,0.00027568130122934686,LLTR+,6,0.28035639186164535,0.006193204570213884,0.02108560484343397,0.005917523268984537,0.005917523268984537,1
0.02,0.0002,81.27919911012236,0.012303270836184479,0.27399316050630734,0.11248777304274235,81,4.954370247389761e-15,0.0,LLTR+,5,0.25319991960365473,-0.02079324090265261,LL+,5,0.2742535405433869,0.00026038003707956614,LL+,5,0.2742535405433869,0.00026038003707956614,LLTR+,6,0.28016949688258086,0.006176336376273517,0.021053620939732176,0.005915956339193951,0.005915956339193951,1
0.02,0.0002,81.37931034482759,0.01228813559322034,0.2738229490565516,0.11247933514478985,81,3.320260733019609e-14,0.0,LLTR+,5,0.2530469508029474,-0.020775998253604155,LL+,5,0.2740686699826276,0.0002457209260759985,LL+,5,0.2740686699826276,0.0002457209260759985,LLTR+,6,0.2799830602215315,0.006160111164979942,0.021021719179680154,0.005914390238903944,0.005914390238903944,1
0.02,0.0002,81.47942157953281,0.012273037542662117,0.2736526279586252,0.11247091798160364,81,1.4190038033490282e-15,0.0,LLTR+,5,0.25289435596551413,-0.020758271993111088,LL+,5,0.2738842552229769,0.0002316272643516637,LL+,5,0.2738842552229769,0.0002316272643516637,LLTR+,6,0.27979708019042693,0.006144452231801711,0.020989899257462752,0.005912824967450048,0.005912824967450048,1
0.02,0.0002,81.57953281423805,0.012257976547586582,0.2734822607672281,0.11246252147684903,81,2.2169766022983595e-15,0.0,LLTR+,5,0.2527421337165429,-0.020740127050685175,LL+,5,0.27370029458531275,0.00021803381808466193,LL+,5,0.27370029458531275,0.00021803381808466193,LLTR+,6,0.2796115551094814,0.006129294342253289,0.020958160868769837,0.005911260524168627,0.005911260524168627,1
0.02,0.0002,81.67964404894327,0.012242952471741795,0.2733119018366167,0.11245414555456557,81,-2.451112229850949e-12,0.0,LLTR+,5,0.2525902826879597,-0.020721619148657,LL+,5,0.2735167863987464,0.00020488456212969242,LL+,5,0.2735167863987464,0.00020488456212969242,LLTR+,6,0.2794264833071429,0.006114581470526237,0.020926503710786692,0.0059096969083965445,0.0059096969083965445,1
0.02,0.0002,81.7797552836485,0.012227965179542982,0.2731415980644372,0.11244579013916473,81,-8.022853215106096e-13,0.0,LLTR+,5,0.25243880151838627,-0.02070279654605095,LL+,5,0.2733337290005716,0.0001921309361344048,LL+,5,0.2733337290005716,0.0001921309361344048,LLTR+,6,0.2792418631200433,0.006100265055606069,0.020894927482185355,0.005908134119471664,0.005908134119471664,1
0.02,0.0002,81.87986651835374,0.012213014536068467,0.27297139023378697,0.11243745515542768,81,-3.774758283725532e-15,0.0,LLTR+,5,0.25228768885309993,-0.020683701380687036,LL+,5,0.27315112073621484,0.00017973050242786615,LL+,5,0.27315112073621484,0.00017973050242786615,LLTR+,6,0.27905769289294713,0.006086302659160159,0.020863431883114902,0.005906572156732293,0.005906572156732293,1
0.02,0.0002,81.97997775305896,0.01219810040705563,0.27280131408627556,0.11242914052850303,81,-5.310779593870052e-12,0.0,LLTR+,5,0.2521369433439927,-0.020664370742282834,LL+,5,0.2729689599591858,0.00016764587291023814,LL+,5,0.2729689599591858,0.00016764587291023814,LLTR+,6,0.27887397097870337,0.006072656892427808,0.020832016615193072,0.00590501101951757,0.00590501101951757,1
0.02,0.0002,82.08008898776419,0.01218322265889687,0.2726314011836565,0.11242084618390452,83,-2.5396351688300456e-14,0.0,LLTR+,5,0.2519865636495311,-0.020644837534125382,LL+,5,0.27278724503102747,0.00015584384737099555,LL+,5,0.27278724503102747,0.00015584384737099555,LLTR+,6,0.2786906957381951,0.00605929455453863,0.020800681381496378,0.0059034507071676345,0.0059034507071676345,1
0.02,0.0002,82.18020022246941,0.012168381158635626,0.27246167956530376,0.11241257204750887,83,-4.677532666752526e-12,0.0,LLTR+,5,0.2518365484347155,-0.02062513113058828,LL+,5,0.2726059743212681,0.00014429475596433594,LL+,5,0.2726059743212681,0.00014429475596433594,LLTR+,6,0.27850786554029094,0.006046185974987184,0.020769425886552617,0.005901891219022848,0.005901891219022848,1
0.02,0.0002,82.28031145717465,0.012153575773962417,0.2722921743446028,0.11240431804555356,83,-5.551115123125783e-17,0.0,LLTR+,5,0.25168689637104125,-0.020605277973561542,LL+,5,0.2724251462073718,0.00013297186276900463,LL+,5,0.2724251462073718,0.00013297186276900463,LLTR+,6,0.2783254787617965,0.006033304417193686,0.020738249836330547,0.005900332554424681,0.005900332554424681,1
0.02,0.0002,82.38042269187987,0.012138806373210909,0.2721229081316039,0.11239608410463459,83,-5.784130119312891e-12,0.0,LLTR+,5,0.2515376061364589,-0.020585301995144967,LL+,5,0.2722447590746909,0.00012185094308703182,LL+,5,0.2722447590746909,0.00012185094308703182,LLTR+,6,0.27814353378740597,0.006020625655802081,0.020707152938232,0.005898774712715049,0.005898774712715049,1
0.02,0.0002,82.4805339265851,0.012124072825354012,0.2719539014528091,0.11238787015170437,83,3.6137759451548845e-14,0.0,LLTR+,5,0.2513886764153347,-0.020565225037474433,LL+,5,0.2720648113164179,0.00011090986360878796,LL+,5,0.2720648113164179,0.00011090986360878796,LLTR+,6,0.2779620290096548,0.006008127556845655,0.02067613490108322,0.005897217693236867,0.005897217693236867,1
0.02,0.0002,82.58064516129032,0.012109375,0.271785173034819,0.11237967611406952,83,1.104130675777526e-12,0.0,LLTR+,5,0.25124010589841206,-0.02054506713640697,LL+,5,0.2718853013335376,0.00010012829871858253,LL+,5,0.2718853013335376,0.00010012829871858253,LLTR+,6,0.27778096282887116,0.005995789794052131,0.020645195435125552,0.0058956614953335484,0.0058956614953335484,1
0.02,0.0002,82.68075639599556,0.01209471276738867,0.2716167401016183,0.11237150191938869,83,-2.720774994191544e-13,0.0,LLTR+,5,0.2510918932827728,-0.020524846818845477,LL+,5,0.2717062275347804,8.948743316211649e-05,LL+,5,0.2717062275347804,8.948743316211649e-05,LLTR+,6,0.27760033365312975,0.005983593551511457,0.020614334252007593,0.00589410611834934,0.00589410611834934,1
0.02,0.0002,82.78086763070078,0.01208008599838753,0.2714486185985895,0.11236334749567056,83,5.898059818321144e-17,0.0,LLTR+,5,0.25094403727179904,-0.02050458132679045,LL+,5,0.2715275883365754,7.896973798593443e-05,LL+,5,0.2715275883365754,7.896973798593443e-05,LLTR+,6,0.2774201398982046,0.00597152129961509,0.020583551064776384,0.005892551561629156,0.005892551561629156,1
0.02,0.0002,82.88097886540601,0.012065494564487989,0.2712808233882994,0.11235521277127156,83,-2.332557758055742e-12,0.0,LLTR+,5,0.2507965365751349,-0.0204842868131645,LL+,5,0.27134938216300375,6.855877470435257e-05,LL+,5,0.27134938216300375,6.855877470435257e-05,LLTR+,6,0.27724037998752216,0.0059595565992227595,0.02055284558786885,0.005890997824518407,0.005890997824518407,1
0.02,0.0002,82.98109010011123,0.012050938337801608,0.27111336843350675,0.1123470976748939,83,-6.067993330027832e-13,0.0,LLTR+,5,0.2506493899086487,-0.02046397852485804,LL+,5,0.27117160744575236,5.82390122456089e-05,LL+,5,0.27117160744575236,5.82390122456089e-05,LLTR+,6,0.2770610523521161,0.005947683918609337,0.02052221753710365,0.005889444906363728,0.005889444906363728,1
0.02,0.0002,83.08120133481647,0.012036417191056366,0.2709462669378173,0.11233900213558343,83,-8.768066134257069e-12,0.0,LLTR+,5,0.25050259599439584,-0.020443670943421477,LL+,5,0.27099426262406834,4.799568625102335e-05,LL+,5,0.27099426262406834,4.799568625102335e-05,LLTR+,6,0.2768821554305803,0.005935888492762997,0.0204916666296725,0.005887892806511974,0.005887892806511974,1
0.02,0.0002,83.1813125695217,0.012021930997592939,0.2707795315095777,0.11233092608272757,83,-7.955441860829637e-15,0.0,LLTR+,5,0.25035615356058116,-0.020423377948996513,LL+,5,0.2708173461447135,3.781463513580219e-05,LL+,5,0.2708173461447135,3.781463513580219e-05,LLTR+,6,0.27670368766902453,0.005924156159446858,0.020461192584132315,0.005886341524311056,0.005886341524311056,1
0.02,0.0002,83.28142380422692,0.012007479631361026,0.27061317424715164,0.11232286944605328,83,6.938893903907228e-17,0.0,LLTR+,5,0.25021006134152224,-0.020403112905629406,LL+,5,0.27064085646191893,2.7682214767288382e-05,LL+,5,0.27064085646191893,2.7682214767288382e-05,LLTR+,6,0.27652564752102815,0.005912473273876506,0.020430795120396694,0.005884791059109218,0.005884791059109218,1
0.02,0.0002,83.38153503893216,0.011993062966915687,0.27044720689050317,0.112314832155625,83,-1.7486012637846216e-15,0.0,LLTR+,5,0.2500643180776126,-0.020382888812890576,LL+,5,0.2704647920373404,1.758514683725121e-05,LL+,5,0.2704647920373404,1.758514683725121e-05,LLTR+,6,0.27634803344759634,0.005900826557093175,0.020400473959727827,0.005883241410255924,0.005883241410255924,1
0.02,0.0002,83.48164627363738,0.011978680879413723,0.2702816409101309,0.11230681414184265,83,-4.198030811863873e-16,0.0,LLTR+,5,0.2499189225152852,-0.020362718394845714,LL+,5,0.27028915134001397,7.510429883061942e-06,LL+,5,0.27028915134001397,7.510429883061942e-06,LLTR+,6,0.2761708439171147,0.005889203006983812,0.020370228824728775,0.00588169257710075,0.00588169257710075,1
0.02,0.0002,83.5817575083426,0.01196433324461006,0.2701164876127842,0.11229881533543962,83,3.344026444640491e-13,0.0,LL+,5,0.27011393284631113,-2.554766473039649e-06,LLTR+,6,0.2759940774053057,0.005877589792521509,LL+,5,0.27011393284631113,-2.554766473039649e-06,LLTR+,6,0.2759940774053057,0.005877589792521509,0.005880144558994549,0.005880144558994549,0.005880144558994549,1
0.02,0.0002,83.68186874304783,0.011950019938854181,0.2699517582393593,0.11229083566748072,83,4.53109771925142e-15,0.0,LL+,5,0.26993913503989575,-1.2623199463546175e-05,LLTR+,6,0.27581773239518426,0.00586597415582496,LL+,5,0.26993913503989575,-1.2623199463546175e-05,LLTR+,6,0.27581773239518426,0.00586597415582496,0.005878597355288506,0.005878597355288506,0.005878597355288506,1
0.02,0.0002,83.78197997775307,0.011935740839086563,0.2697874640634857,0.11228287506936027,83,-1.4363510381087963e-14,0.0,LL+,5,0.2697647564116801,-2.2707651805620177e-05,LLTR+,6,0.2756418073770146,0.005854343313528909,LL+,5,0.2697647564116801,-2.2707651805620177e-05,LLTR+,6,0.2756418073770146,0.005854343313528909,0.005877050965334529,0.005877050965334529,0.005877050965334529,1
0.02,0.0002,83.88209121245829,0.011921495822835167,0.2696236164877243,0.11227493347280011,83,-2.731738446559717e-13,0.0,LL+,5,0.2695907954597814,-3.282102794294195e-05,LLTR+,6,0.27546630084826684,0.005842684360542527,LL+,5,0.2695907954597814,-3.282102794294195e-05,LLTR+,6,0.27546630084826684,0.005842684360542527,0.005875505388485469,0.005875505388485469,0.005875505388485469,1
0.02,0.0002,83.98220244716352,0.01190728476821192,0.26946022714955253,0.11226701080984766,83,1.1155826262765345e-11,0.0,LL+,5,0.2694172506894792,-4.297646007334066e-05,LLTR+,6,0.2752912113135739,0.005830984164021391,LL+,5,0.2694172506894792,-4.297646007334066e-05,LLTR+,6,0.2752912113135739,0.005830984164021391,0.005873960624094732,0.005873960624094732,0.005873960624094732,1
0.02,0.0002,84.08231368186874,0.011893107553909248,0.269297308000736,0.11225910701287392,85,2.1884230538837812e-13,0.0,LL+,5,0.2692441206131728,-5.318738756315833e-05,LLTR+,6,0.2751165372846891,0.00581922928395312,LL+,5,0.2692441206131728,-5.318738756315833e-05,LLTR+,6,0.2751165372846891,0.00581922928395312,0.0058724166715162784,0.0058724166715162784,0.0058724166715162784,1
0.02,0.0002,84.18242491657398,0.011878964059196617,0.2691348714659082,0.11225122201457162,85,-1.0827831686821554e-12,0.0,LL+,5,0.2690714037503388,-6.346771556942077e-05,LLTR+,6,0.27494227728044374,0.005807405814535538,LL+,5,0.2690714037503388,-6.346771556942077e-05,LLTR+,6,0.27494227728044374,0.005807405814535538,0.005870873530104959,0.005870873530104959,0.005870873530104959,1
0.02,0.0002,84.2825361512792,0.011864854163917117,0.2689729305171864,0.1122433557479533,85,-8.326672684688674e-17,0.0,LL+,5,0.2688990986274885,-7.383188969789511e-05,LLTR+,6,0.2747684298267049,0.005795499309518504,LL+,5,0.2688990986274885,-7.383188969789511e-05,LLTR+,6,0.2747684298267049,0.005795499309518504,0.005869331199216399,0.005869331199216399,0.005869331199216399,1
0.02,0.0002,84.38264738598443,0.011850777748484049,0.2688114988234858,0.11223550814634936,85,4.128641872824801e-15,0.0,LL+,5,0.2687272037781274,-8.429504535839571e-05,LLTR+,6,0.2745949934563341,0.005783494632848274,LL+,5,0.2687272037781274,-8.429504535839571e-05,LLTR+,6,0.2745949934563341,0.005783494632848274,0.00586778967820667,0.00586778967820667,0.00586778967820667,1
0.02,0.0002,84.48275862068967,0.011836734693877549,0.2686505908965719,0.11222767914340624,85,4.266725861512555e-14,0.0,LL+,5,0.2685557177427127,-9.487315385919848e-05,LLTR+,6,0.2744219667091453,0.0057713758125734205,LL+,5,0.2685557177427127,-9.487315385919848e-05,LLTR+,6,0.2744219667091453,0.0057713758125734205,0.005866248966432619,0.005866248966432619,0.005866248966432619,1
0.02,0.0002,84.58286985539489,0.01182272488164124,0.268490222252565,0.1122198686730845,85,3.9045155997285974e-14,0.0,LL+,5,0.2683846390686123,-0.0001055831839527066,LLTR+,6,0.2742493481318644,0.005759125879299387,LL+,5,0.2683846390686123,-0.0001055831839527066,LLTR+,6,0.2742493481318644,0.005759125879299387,0.005864709063252094,0.005864709063252094,0.005864709063252094,1
0.02,0.0002,84.68298109010011,0.011808748193878891,0.26833040959981697,0.11221207666965699,85,8.925603312004426e-13,0.0,LL+,5,0.2682139663100648,-0.00011644328975218832,LLTR+,6,0.27407713627808794,0.005746726678270975,LL+,5,0.2682139663100648,-0.00011644328975218832,LLTR+,6,0.27407713627808794,0.005746726678270975,0.005863169968023163,0.005863169968023163,0.005863169968023163,1
0.02,0.0002,84.78309232480534,0.011794804513251116,0.2681711710522173,0.11220430306770701,85,3.0427049768633196e-15,0.0,LL+,5,0.26804369802813754,-0.00012747302407978278,LLTR+,6,0.27390532970824244,0.005734158656025112,LL+,5,0.26804369802813754,-0.00012747302407978278,LLTR+,6,0.27390532970824244,0.005734158656025112,0.005861631680104895,0.005861631680104895,0.005861631680104895,1
0.02,0.0002,84.88320355951058,0.011780893722972086,0.2680125263839962,0.11219654780212644,85,5.898059818321144e-16,0.0,LL+,5,0.26787383279068766,-0.00013869359330853648,LLTR+,6,0.27373392698954446,0.005721400605548266,LL+,5,0.26787383279068766,-0.00013869359330853648,LLTR+,6,0.27373392698954446,0.005721400605548266,0.005860094198856802,0.005860094198856802,0.005860094198856802,1
0.02,0.0002,84.9833147942158,0.011767015706806282,0.26785449732052863,0.112188810808114,85,-4.85722573273506e-16,0.0,LL+,5,0.2677043691723212,-0.00015012814820741793,LLTR+,6,0.27356292669596083,0.0057084293754322,LL+,5,0.2677043691723212,-0.00015012814820741793,LLTR+,6,0.27356292669596083,0.0057084293754322,0.005858557523639618,0.005858557523639618,0.005858557523639618,1
0.02,0.0002,85.08342602892102,0.011753170349065237,0.26769710789043033,0.11218109202117338,85,7.868705687030797e-14,0.0,LL+,5,0.267535305754354,-0.00016180213607630556,LLTR+,6,0.2733923274081681,0.005695219517737771,LL+,5,0.267535305754354,-0.00016180213607630556,LLTR+,6,0.2733923274081681,0.005695219517737771,0.005857021653814076,0.005857021653814076,0.005857021653814076,1
0.02,0.0002,85.18353726362625,0.011739357534604335,0.2675403848375487,0.11217339137711142,85,-1.3284384009493166e-11,0.0,LL+,5,0.26736664112477193,-0.00017374371277678602,LLTR+,6,0.27322212771351395,0.005681742875965234,LL+,5,0.26736664112477193,-0.00017374371277678602,LLTR+,6,0.27322212771351395,0.005681742875965234,0.0058554865887420204,0.0058554865887420204,0.0058554865887420204,1
0.02,0.0002,85.28364849833149,0.011725577148819616,0.2673843581632824,0.11216570881203644,85,7.50347700639864e-13,0.0,LL+,5,0.26719837387819145,-0.00018598428509092324,LLTR+,6,0.2730523262059774,0.005667968042695037,LL+,5,0.26719837387819145,-0.00018598428509092324,LLTR+,6,0.2730523262059774,0.005667968042695037,0.005853952327785961,0.005853952327785961,0.005853952327785961,1
0.02,0.0002,85.38375973303671,0.011711829077644606,0.26722906167605553,0.11215804426235637,85,8.308319310312839e-13,0.0,LL+,5,0.2670305026158216,-0.000198559060233916,LLTR+,6,0.2728829214861306,0.005653859810075046,LL+,5,0.2670305026158216,-0.000198559060233916,LLTR+,6,0.2728829214861306,0.005653859810075046,0.005852418870308962,0.005852418870308962,0.005852418870308962,1
0.02,0.0002,85.48387096774194,0.01169811320754717,0.2670745338245396,0.11215039766477705,85,-2.678423455249046e-12,0.0,LL+,5,0.26686302594542477,-0.00021150787911483615,LLTR+,6,0.2727139121610996,0.005639378336559975,LL+,5,0.26686302594542477,-0.00021150787911483615,LLTR+,6,0.2727139121610996,0.005639378336559975,0.005850886215674811,0.005850886215674811,0.005850886215674811,1
0.02,0.0002,85.58398220244716,0.011684429425526385,0.26692081862470207,0.11214276895630046,85,-3.812922200197022e-15,0.0,LL+,5,0.26669594248127826,-0.00022487614342381335,LLTR+,6,0.27254529684452633,0.005624478219824258,LL+,5,0.26669594248127826,-0.00022487614342381335,LLTR+,6,0.27254529684452633,0.005624478219824258,0.0058493543632480716,0.0058493543632480716,0.0058493543632480716,1
0.02,0.0002,85.6840934371524,0.011670777619109438,0.2667679668508529,0.11213515807422302,85,-2.5663499103600884e-14,0.0,LL+,5,0.2665292508441366,-0.00023871600671632187,LLTR+,6,0.2723770741565306,0.005609107305677707,LL+,5,0.2665292508441366,-0.00023871600671632187,LLTR+,6,0.2723770741565306,0.005609107305677707,0.005847823312394029,0.005847823312394029,0.005847823312394029,1
0.02,0.0002,85.78420467185762,0.011657157676348548,0.26661603758634345,0.11212756495613382,85,-1.609823385706477e-15,0.0,LL+,5,0.2663629496611937,-0.0002530879251497198,LLTR+,6,0.2722092427236721,0.0055932051373286384,LL+,5,0.2663629496611937,-0.0002530879251497198,LLTR+,6,0.2722092427236721,0.0055932051373286384,0.005846293062478358,0.005846293062478358,0.005846293062478358,1
0.02,0.0002,85.88431590656285,0.0116435694858179,0.2664651001992454,0.11211998953991298,85,6.16090511940115e-13,0.0,LL+,5,0.2661970375660452,-0.00026806263320022783,LLTR+,6,0.27204180117891286,0.005576700979667448,LL+,5,0.2661970375660452,-0.00026806263320022783,LLTR+,6,0.27204180117891286,0.005576700979667448,0.005844763612867676,0.005844763612867676,0.005844763612867676,1
0.02,0.0002,85.98442714126809,0.011630012936610607,0.26631523694432274,0.11211243176372993,85,1.0479811463071087e-13,0.0,LL+,5,0.26603151319865115,-0.00028372374567159353,LLTR+,6,0.2718747481615803,0.005559511217257562,LL+,5,0.26603151319865115,-0.00028372374567159353,LLTR+,6,0.2718747481615803,0.005559511217257562,0.005843234962929156,0.005843234962929156,0.005843234962929156,1
0.02,0.0002,86.08453837597331,0.011616487918335701,0.2661665464376223,0.11210489156604167,87,1.7737963875497087e-12,0.0,LL+,5,0.265866375205299,-0.00030017123232328746,LLTR+,6,0.27170808231733,0.005541535879707737,LL+,5,0.265866375205299,-0.00030017123232328746,LLTR+,6,0.27170808231733,0.005541535879707737,0.005841707112031025,0.005841707112031025,0.005841707112031025,1
0.02,0.0002,86.18464961067853,0.011602994321115126,0.2660191483520956,0.11209736888559119,87,-6.319160472667562e-12,0.0,LL+,5,0.2657016222385671,-0.00031752611352853233,LLTR+,6,0.27154180229810876,0.005522653946013145,LL+,5,0.2657016222385671,-0.00031752611352853233,LLTR+,6,0.27154180229810876,0.005522653946013145,0.0058401800595416775,0.0058401800595416775,0.0058401800595416775,1
0.02,0.0002,86.28476084538376,0.011589532035580765,0.2658731899788676,0.11208986366140579,87,-3.3860969583798806e-12,0.0,LL+,5,0.26553725295728803,-0.00033593702157957983,LLTR+,6,0.2713759067621183,0.005502716783250705,LL+,5,0.26553725295728803,-0.00033593702157957983,LLTR+,6,0.2713759067621183,0.005502716783250705,0.005838653804830285,0.005838653804830285,0.005838653804830285,1
0.02,0.0002,86.384872080089,0.01157610095287149,0.26572885543071156,0.11208237583279537,87,-1.6370689526201687e-12,0.0,LL+,5,0.26537326602651234,-0.00035558940419921914,LLTR+,6,0.27121039437377925,0.0054815389430676875,LL+,5,0.26537326602651234,-0.00035558940419921914,LLTR+,6,0.27121039437377925,0.0054815389430676875,0.005837128347266907,0.005837128347266907,0.005837128347266907,1
0.02,0.0002,86.48498331479422,0.011562700964630225,0.26558637915064187,0.11207490533935086,87,4.5602410736478305e-14,0.0,LL+,5,0.2652096601174724,-0.0003767190331694925,LLTR+,6,0.27104526380369465,0.005458884653052776,LL+,5,0.2652096601174724,-0.0003767190331694925,LLTR+,6,0.27104526380369465,0.005458884653052776,0.005835603686222268,0.005835603686222268,0.005835603686222268,1
0.02,0.0002,86.58509454949944,0.011549331963001027,0.2654460661424738,0.11206745212094257,87,-3.226585665316861e-16,0.0,LL+,5,0.26504643390754723,-0.0003996322349265613,LLTR+,6,0.27088051372861477,0.005434447586140978,LL+,5,0.26504643390754723,-0.0003996322349265613,LLTR+,6,0.27088051372861477,0.005434447586140978,0.005834079821067539,0.005834079821067539,0.005834079821067539,1
0.02,0.0002,86.68520578420467,0.011535993840626204,0.265308323524236,0.11206001611771862,87,-6.016003667452807e-12,0.0,LL+,5,0.2648835860802262,-0.00042473744400978175,LLTR+,6,0.270716142831401,0.005407819307164996,LL+,5,0.2648835860802262,-0.00042473744400978175,LLTR+,6,0.270716142831401,0.005407819307164996,0.005832556751174778,0.005832556751174778,0.005832556751174778,1
0.02,0.0002,86.78531701890991,0.011522686490643424,0.2651737119758737,0.11205259727010322,87,1.7312540290248535e-15,0.0,LL+,5,0.2647211153250745,-0.0004525966507992196,LLTR+,6,0.2705521498009912,0.005378437825117488,LL+,5,0.2647211153250745,-0.0004525966507992196,LLTR+,6,0.2705521498009912,0.005378437825117488,0.005831034475916708,0.005831034475916708,0.005831034475916708,1
0.02,0.0002,86.88542825361513,0.011509409806682882,0.2650430341521413,0.11204519551879522,87,4.170969125638635e-14,0.0,LL+,5,0.2645590203376977,-0.000484013814443629,LLTR+,6,0.27038853333236434,0.0053454991802230345,LL+,5,0.2645590203376977,-0.000484013814443629,LLTR+,6,0.27038853333236434,0.0053454991802230345,0.0058295129946666635,0.0058295129946666635,0.0058295129946666635,1
0.02,0.0002,86.98553948832036,0.011496163682864451,0.2649174978377397,0.11203781080476644,87,2.914335439641036e-16,0.0,LL+,5,0.2643972998197073,-0.0005201980180324361,LLTR+,6,0.2702252921265058,0.005307794288766099,LL+,5,0.2643972998197073,-0.0005201980180324361,LLTR+,6,0.2702252921265058,0.005307794288766099,0.005827992306798535,0.005827992306798535,0.005827992306798535,1
0.02,0.0002,87.0856507230256,0.011482948013794864,0.26479904471881777,0.11203044306926015,87,9.883309448621702e-13,0.0,LL+,5,0.26423595247868575,-0.0005630922401320126,LLTR+,6,0.2700624248903729,0.005263380171555143,LL+,5,0.26423595247868575,-0.0005630922401320126,LLTR+,6,0.2700624248903729,0.005263380171555143,0.005826472411687156,0.005826472411687156,0.005826472411687156,1
0.02,0.0002,87.18576195773082,0.01146976269456494,0.2646910998262613,0.11202309225378947,87,3.8382491629462834e-14,0.0,LL+,5,0.26407497702815286,-0.0006161227981084649,LLTR+,6,0.2698999303368606,0.005208830510599283,LL+,5,0.26407497702815286,-0.0006161227981084649,LLTR+,6,0.2698999303368606,0.005208830510599283,0.005824953308707748,0.005824953308707748,0.005824953308707748,1
0.02,0.0002,87.28587319243604,0.011456607620746783,0.2646006175111905,0.11201575830013584,87,1.4328815911568427e-15,0.0,LL+,5,0.26391437218753094,-0.0006862453236595734,LLTR+,6,0.2697378071847674,0.005137189673576903,LL+,5,0.26391437218753094,-0.0006862453236595734,LLTR+,6,0.2697378071847674,0.005137189673576903,0.005823434997236476,0.005823434997236476,0.005823434997236476,1
0.02,0.0002,87.38598442714127,0.011443482688391038,0.2645456271744121,0.11200844115034751,87,8.533070083860395e-13,0.0,LL+,5,0.2637541366821117,-0.0007914904923004284,LLTR+,6,0.2695760541587616,0.005030426984349523,LL+,5,0.2637541366821117,-0.0007914904923004284,LLTR+,6,0.2695760541587616,0.005030426984349523,0.0058219174766499515,0.0058219174766499515,0.0058219174766499515,1
0.02,0.0002,87.4860956618465,0.011430387794024156,0.26461054543566465,0.11200114074673798,87,1.183046716146663e-13,0.0,LL+,5,0.2635942692430222,-0.0010162761926424402,LLTR+,6,0.2694146699893477,0.004804124553683065,LL+,5,0.2635942692430222,-0.0010162761926424402,LLTR+,6,0.2694146699893477,0.004804124553683065,0.005820400746325505,0.005820400746325505,0.005820400746325505,1
0.02,0.0002,87.58620689655173,0.01141732283464567,0.2682448775954546,0.11199385703188447,87,-1.2286005546258139e-13,0.0,LL+,5,0.2634347686071917,-0.004810108988262896,LLTR+,6,0.269253653412833,0.0010087758173784045,LL+,5,0.2634347686071917,-0.004810108988262896,LLTR+,6,0.269253653412833,0.0010087758173784045,0.0058188848056413,0.0058188848056413,0.0058188848056413,1
0.02,0.0002,87.68631813125695,0.011404287707725485,0.2683040446073587,0.11198658994862647,87,5.551115123125783e-17,0.0,LL+,5,0.2632756335173187,-0.005028411090039986,LLTR+,6,0.2690930031712946,0.0007889585639359042,LL+,5,0.2632756335173187,-0.005028411090039986,LLTR+,6,0.2690930031712946,0.0007889585639359042,0.00581736965397589,0.00581736965397589,0.00581736965397589,1
0.02,0.0002,87.78642936596218,0.011391282311201217,0.26824801156242184,0.11197933944006419,87,4.163336342344337e-17,0.0,LL+,5,0.2631168627218375,-0.005131148840584354,LLTR+,6,0.26893271801254626,0.0006847064501244171,LL+,5,0.2631168627218375,-0.005131148840584354,LLTR+,6,0.26893271801254626,0.0006847064501244171,0.005815855290708771,0.005815855290708771,0.005815855290708771,1
0.02,0.0002,87.88654060066742,0.011378306543475509,0.26815778755016756,0.1119721054495571,87,-4.4027281820291364e-15,0.0,LL+,5,0.262958454974886,-0.005199332575281546,LLTR+,6,0.268772796690106,0.0006150091399384494,LL+,5,0.262958454974886,-0.005199332575281546,LLTR+,6,0.268772796690106,0.0006150091399384494,0.005814341715219995,0.005814341715219995,0.005814341715219995,1
0.02,0.0002,87.98665183537264,0.0113653603034134,0.2680510234535112,0.11196488792072248,87,4.0419056990259605e-15,0.0,LL+,5,0.26280040903627344,-0.005250614417237731,LLTR+,6,0.2686132379631635,0.0005622145096523257,LL+,5,0.26280040903627344,-0.005250614417237731,LLTR+,6,0.2686132379631635,0.0005622145096523257,0.005812828926890057,0.005812828926890057,0.005812828926890057,1
0.02,0.0002,88.08676307007786,0.01135244349033969,0.26793457042568086,0.11195768679743388,89,-2.9004576518332215e-15,0.0,LL+,5,0.26264272367144736,-0.005291846754233498,LLTR+,6,0.2684540405965478,0.0005194701708669536,LL+,5,0.26264272367144736,-0.005291846754233498,LLTR+,6,0.2684540405965478,0.0005194701708669536,0.0058113169251004515,0.0058113169251004515,0.0058113169251004515,1
0.02,0.0002,88.1868743047831,0.011339556004036326,0.2678118138545762,0.11195050202381976,89,-7.181061301153591e-14,0.0,LL+,5,0.2624853976514625,-0.005326416203113693,LLTR+,6,0.2682952033606957,0.0004833895061194804,LL+,5,0.2624853976514625,-0.005326416203113693,LLTR+,6,0.2682952033606957,0.0004833895061194804,0.005809805709233173,0.005809805709233173,0.005809805709233173,1
0.02,0.0002,88.28698553948833,0.011326697744739826,0.2676846769639262,0.11194333354426196,89,-1.990074771640593e-14,0.0,LL+,5,0.26232842975294834,-0.0053562472109778825,LLTR+,6,0.2681367250316192,0.00045204806769300054,LL+,5,0.26232842975294834,-0.0053562472109778825,LLTR+,6,0.2681367250316192,0.00045204806769300054,0.005808295278670883,0.005808295278670883,0.005808295278670883,1
0.02,0.0002,88.38709677419355,0.011313868613138685,0.267554357801615,0.11193618130339433,89,-7.211418961983185e-13,0.0,LL+,5,0.26217181875807793,-0.005382539043537082,LLTR+,6,0.26797860439087495,0.00042424658925993564,LL+,5,0.26217181875807793,-0.005382539043537082,LLTR+,6,0.26797860439087495,0.00042424658925993564,0.005806785632797018,0.005806785632797018,0.005806785632797018,1
0.02,0.0002,88.48720800889878,0.011301068510370837,0.26742165345845603,0.11192904524610126,89,-2.9524993561125257e-15,0.0,LL+,5,0.26201556345453636,-0.005406090003919672,LLTR+,6,0.267820840225532,0.00039918676707595413,LL+,5,0.26201556345453636,-0.005406090003919672,LLTR+,6,0.267820840225532,0.00039918676707595413,0.0058052767709956266,0.0058052767709956266,0.0058052767709956266,1
0.02,0.0002,88.58731924360401,0.011288297338021093,0.2672871211862551,0.11192192531751627,89,7.006520363894708e-12,0.0,LL+,5,0.26185966263548965,-0.005427458550765429,LLTR+,6,0.26766343132814074,0.0003763101418856607,LL+,5,0.26185966263548965,-0.005427458550765429,LLTR+,6,0.26766343132814074,0.0003763101418856607,0.00580376869265109,0.00580376869265109,0.00580376869265109,1
0.02,0.0002,88.68743047830924,0.01127555499811865,0.267151165915009,0.11191482146302065,89,4.071031706187611e-12,0.0,LL+,5,0.2617041150995538,-0.005447050815455157,LLTR+,6,0.26750637649670284,0.00035521058169385444,LL+,5,0.2617041150995538,-0.005447050815455157,LLTR+,6,0.26750637649670284,0.00035521058169385444,0.005802261397149011,0.005802261397149011,0.005802261397149011,1
0.02,0.0002,88.78754171301446,0.011262841393134552,0.26701409122749437,0.11190773362824202,89,1.8388068845354155e-16,0.0,LL+,5,0.2615489196507642,-0.0054651715767301545,LLTR+,6,0.2673496745346393,0.00033558330714494877,LL+,5,0.2615489196507642,-0.0054651715767301545,LLTR+,6,0.2673496745346393,0.00033558330714494877,0.005800754883875103,0.005800754883875103,0.005800754883875103,1
0.02,0.0002,88.88765294771969,0.011250156425979227,0.2668761306114838,0.11190066175905293,89,-2.1337098754514727e-15,0.0,LL+,5,0.26139407509854473,-0.005482055512939066,LLTR+,6,0.2671933242507609,0.00031719363927712463,LL+,5,0.26139407509854473,-0.005482055512939066,LLTR+,6,0.2671933242507609,0.00031719363927712463,0.00579924915221619,0.00579924915221619,0.00579924915221619,1
0.02,0.0002,88.98776418242493,0.0112375,0.2667374675408138,0.11189360580156951,89,-2.1510571102112408e-16,0.0,LL+,5,0.2612395802576779,-0.005497887283135883,LLTR+,6,0.26703732445923745,0.0002998569184236577,LL+,5,0.2612395802576779,-0.005497887283135883,LLTR+,6,0.26703732445923745,0.0002998569184236577,0.00579774420155954,0.00579774420155954,0.00579774420155954,1
0.02,0.0002,89.08787541713015,0.011224872018978649,0.2665982488635719,0.11188656570215011,89,2.18627199677357e-13,0.0,LL+,5,0.2610854339482745,-0.005512814915297426,LLTR+,6,0.2668816739795674,0.0002834251159954948,LL+,5,0.2610854339482745,-0.005512814915297426,LLTR+,6,0.2668816739795674,0.0002834251159954948,0.005796240031292921,0.005796240031292921,0.005796240031292921,1
0.02,0.0002,89.18798665183537,0.01121227238712896,0.2664585939880852,0.1118795414073939,89,-2.0816681711721685e-17,0.0,LL+,5,0.2609316349957437,-0.005526958992341513,LLTR+,6,0.2667263716365489,0.00026777764846369623,LL+,5,0.2609316349957437,-0.005526958992341513,LLTR+,6,0.2667263716365489,0.00026777764846369623,0.005794736640805209,0.005794736640805209,0.005794736640805209,1
0.02,0.0002,89.2880978865406,0.011199701009094306,0.2663186013692353,0.11187253286413959,89,-2.5049406993105094e-15,0.0,LL+,5,0.26077818223076343,-0.005540419138471864,LLTR+,6,0.26657141626024883,0.00025281489101353083,LL+,5,0.26077818223076343,-0.005540419138471864,LLTR+,6,0.26657141626024883,0.00025281489101353083,0.0057932340294853946,0.0057932340294853946,0.0057932340294853946,1
0.02,0.0002,89.38820912124584,0.011187157789945246,0.2661783531895627,0.11186554001946399,89,7.216449660063518e-16,0.0,LL+,5,0.2606250744892509,-0.005553278700311803,LLTR+,6,0.26641680668597434,0.00023845349641166136,LL+,5,0.2606250744892509,-0.005553278700311803,LLTR+,6,0.26641680668597434,0.00023845349641166136,0.005791732196723465,0.005791732196723465,0.005791732196723465,1
0.02,0.0002,89.48832035595106,0.011174642635177128,0.26603791881123134,0.11185856282068075,89,9.922826449404454e-13,0.0,LL+,5,0.260472310612333,-0.005565608198898342,LLTR+,6,0.26626254175424297,0.0002246229430116209,LL+,5,0.260472310612333,-0.005565608198898342,LLTR+,6,0.26626254175424297,0.0002246229430116209,0.005790231141909963,0.005790231141909963,0.005790231141909963,1
0.02,0.0002,89.58843159065628,0.011162155450707723,0.26589735736324616,0.11185160121533906,89,2.6760642313217176e-12,0.0,LL+,5,0.2603198894463177,-0.00557746791692848,LLTR+,6,0.2661086203107538,0.00021126294750761776,LL+,5,0.2603198894463177,-0.00557746791692848,LLTR+,6,0.2661086203107538,0.00021126294750761776,0.005788730864436098,0.005788730864436098,0.005788730864436098,1
0.02,0.0002,89.68854282536152,0.011149696142874858,0.26575671971324083,0.11184465515122224,89,-1.4040851814556277e-14,0.0,LL+,5,0.2601678098426645,-0.0055889098705763085,LLTR+,6,0.2659550412063582,0.00019832149311738156,LL+,5,0.2601678098426645,-0.0055889098705763085,LLTR+,6,0.2659550412063582,0.00019832149311738156,0.00578723136369369,0.00578723136369369,0.00578723136369369,1
0.02,0.0002,89.78865406006675,0.011137264618434093,0.2656160500056878,0.11183772457634651,89,3.298337297730214e-12,0.0,LL+,5,0.2600160706579566,-0.005599979347731154,LLTR+,6,0.26580180329703185,0.0001857532913440707,LL+,5,0.2600160706579566,-0.005599979347731154,LLTR+,6,0.26580180329703185,0.0001857532913440707,0.005785732639075225,0.005785732639075225,0.005785732639075225,1
0.02,0.0002,89.88876529477197,0.011124860784556366,0.2654753868328311,0.11183080943895968,89,-6.6233164786044796e-12,0.0,LL+,5,0.2598646707538712,-0.00561071607895991,LLTR+,6,0.2656489054438451,0.0001735186110140008,LL+,5,0.2598646707538712,-0.00561071607895991,LLTR+,6,0.2656489054438451,0.0001735186110140008,0.0057842346899739105,0.0057842346899739105,0.0057842346899739105,1
0.02,0.0002,89.9888765294772,0.011112484548825711,0.2653347642269145,0.11182390968753984,89,-1.1082523787564469e-12,0.0,LL+,5,0.2597136089971523,-0.005621155229762198,LLTR+,6,0.26549634651293563,0.00016158228602114466,LL+,5,0.2597136089971523,-0.005621155229762198,LLTR+,6,0.26549634651293563,0.00016158228602114466,0.005782737515783343,0.005782737515783343,0.005782737515783343,1
0.02,0.0002,90.08898776418243,0.011100135819236941,0.26519421236694124,0.1118170252707941,91,-3.431976924872515e-12,0.0,LL+,5,0.2595628842595816,-0.005631328107359612,LLTR+,6,0.26534412537547974,0.00014991300853850476,LL+,5,0.2595628842595816,-0.005631328107359612,LLTR+,6,0.26534412537547974,0.00014991300853850476,0.005781241115898117,0.005781241115898117,0.005781241115898117,1
0.02,0.0002,90.18909899888766,0.011087814504193388,0.26505375824416216,0.11181015613765732,91,5.204170427930421e-17,0.0,LL+,5,0.2594124954179515,-0.005641262826210636,LLTR+,6,0.2651922409076647,0.00013848266350252603,LL+,5,0.2594124954179515,-0.005641262826210636,LLTR+,6,0.2651922409076647,0.00013848266350252603,0.005779745489713162,0.005779745489713162,0.005779745489713162,1
0.02,0.0002,90.28921023359288,0.01107552051250462,0.2649134261358751,0.11180330223729083,91,2.2898349882893854e-16,0.0,LL+,5,0.2592624413540362,-0.005650984781838897,LLTR+,6,0.26504069199066066,0.00012726585478556318,LL+,5,0.2592624413540362,-0.005650984781838897,LLTR+,6,0.26504069199066066,0.00012726585478556318,0.00577825063662446,0.00577825063662446,0.00577825063662446,1
0.02,0.0002,90.3893214682981,0.011063253753384199,0.26477323804215613,0.11179646351908121,91,5.154245086291809e-13,0.0,LL+,5,0.2591127209545653,-0.005660517087590855,LLTR+,6,0.2648894775105932,0.00011623946843708488,LL+,5,0.2591127209545653,-0.005660517087590855,LLTR+,6,0.2648894775105932,0.00011623946843708488,0.00577675655602794,0.00577675655602794,0.00577675655602794,1
0.02,0.0002,90.48943270300335,0.011051014136447448,0.2646332140251454,0.11178963993263896,91,-1.2732870313669764e-15,0.0,LL+,5,0.2589633331111951,-0.005669880913950265,LLTR+,6,0.26473859635851626,0.00010538233337087366,LL+,5,0.2589633331111951,-0.005669880913950265,LLTR+,6,0.26473859635851626,0.00010538233337087366,0.0057752632473211385,0.0057752632473211385,0.0057752632473211385,1
0.02,0.0002,90.58954393770857,0.011038801571709233,0.2644933725031042,0.11178283142779741,91,-8.77510217267563e-12,0.0,LL+,5,0.25881427672048296,-0.005679095782621213,LLTR+,6,0.2645880474303841,9.467492727993632e-05,LL+,5,0.25881427672048296,-0.005679095782621213,LLTR+,6,0.2645880474303841,9.467492727993632e-05,0.005773770709901149,0.005773770709901149,0.005773770709901149,1
0.02,0.0002,90.6896551724138,0.011026615969581748,0.2643537305190267,0.11177603795461133,91,5.898059818321144e-17,0.0,LL+,5,0.25866555068385855,-0.005688179835168172,LLTR+,6,0.2644378296270251,8.409910799839215e-05,LL+,5,0.25866555068385855,-0.005688179835168172,LLTR+,6,0.2644378296270251,8.409910799839215e-05,0.005772278943166564,0.005772278943166564,0.005772278943166564,1
0.02,0.0002,90.78976640711903,0.011014457240872334,0.2642143039144513,0.11176925946335584,91,-6.250902573334827e-14,0.0,LL+,5,0.2585171539075982,-0.005697150006853058,LLTR+,6,0.2642879418541144,7.363793966314036e-05,LL+,5,0.2585171539075982,-0.005697150006853058,LLTR+,6,0.2642879418541144,7.363793966314036e-05,0.005770787946516198,0.005770787946516198,0.005770787946516198,1
0.02,0.0002,90.88987764182426,0.0110023252967813,0.2640751075575551,0.11176249590452508,91,-1.030536767032686e-12,0.0,LL+,5,0.2583690853027978,-0.005706022254757304,LLTR+,6,0.2641383830221474,6.327546459233835e-05,LL+,5,0.2583690853027978,-0.005706022254757304,LLTR+,6,0.2641383830221474,6.327546459233835e-05,0.005769297719349642,0.005769297719349642,0.005769297719349642,1
0.02,0.0002,90.98998887652948,0.010990220048899756,0.26393615548778615,0.11175574722883112,91,-1.8395007739258062e-14,0.0,LL+,5,0.2582213437853461,-0.005714811702440037,LLTR+,6,0.26398915204641316,5.2996558627005363e-05,LL+,5,0.2582213437853461,-0.005714811702440037,LLTR+,6,0.26398915204641316,5.2996558627005363e-05,0.005767808261067042,0.005767808261067042,0.005767808261067042,1
0.02,0.0002,91.0901001112347,0.010978141409207474,0.26379746106548796,0.11174901338720267,91,9.804268508162295e-12,0.0,LL+,5,0.2580739282758987,-0.0057235327895892585,LLTR+,6,0.26384024784696813,4.278678148017523e-05,LL+,5,0.2580739282758987,-0.0057235327895892585,LLTR+,6,0.26384024784696813,4.278678148017523e-05,0.005766319571069434,0.005766319571069434,0.005766319571069434,1
0.02,0.0002,91.19021134593994,0.010966089290070747,0.2636590370845744,0.11174229433078395,91,-1.1792650189690335e-14,0.0,LL+,5,0.2579268376998518,-0.0057321993847225805,LLTR+,6,0.26369166934860977,3.263226403538155e-05,LL+,5,0.2579268376998518,-0.0057321993847225805,LLTR+,6,0.26369166934860977,3.263226403538155e-05,0.005764831648757962,0.005764831648757962,0.005764831648757962,1
0.02,0.0002,91.29032258064517,0.010954063604240283,0.26352089593503375,0.11173559001093347,91,2.2169766022983595e-15,0.0,LL+,5,0.25778007098731615,-0.005740824947717604,LLTR+,6,0.2635434154808509,2.2519545817167863e-05,LL+,5,0.25778007098731615,-0.005740824947717604,LLTR+,6,0.2635434154808509,2.2519545817167863e-05,0.005763344493534772,0.005763344493534772,0.005763344493534772,1
0.02,0.0002,91.39043381535039,0.010942064264849075,0.2633830496650993,0.11172890037922287,91,-7.4666453575567e-12,0.0,LL+,5,0.2576336270730909,-0.005749422592008391,LLTR+,6,0.2633954851778937,1.2435512794395365e-05,LL+,5,0.2576336270730909,-0.005749422592008391,LLTR+,6,0.2633954851778937,1.2435512794395365e-05,0.005761858104802786,0.005761858104802786,0.005761858104802786,1
0.02,0.0002,91.49054505005562,0.010930091185410334,0.26324551012539943,0.11172222538743577,91,-8.234038451071513e-14,0.0,LL+,5,0.25748750489663874,-0.0057580052287606875,LLTR+,6,0.263247877378604,2.36725320457154e-06,LL+,5,0.25748750489663874,-0.0057580052287606875,LLTR+,6,0.263247877378604,2.36725320457154e-06,0.005760372481965259,0.005760372481965259,0.005760372481965259,1
0.02,0.0002,91.59065628476085,0.010918144279815398,0.26310828903020966,0.1117155649875666,91,1.2836953722228372e-16,0.0,LLTR+,6,0.26310059102648575,-7.698003723910496e-06,LL+,6,0.28205604373997006,0.0189477547097604,LL+,5,0.25734170340205964,-0.005766585628150023,LLTR+,6,0.26310059102648575,-7.698003723910496e-06,0.01895545271348431,0.005758887624426112,0.005758887624426112,1
0.02,0.0002,91.69076751946608,0.010906223462331674,0.2629713980893046,0.11170891913181942,91,4.851466450794817e-13,0.0,LLTR+,6,0.26295362506965614,-1.777301964844824e-05,LL+,6,0.2818838106623365,0.01891241257303189,LL+,5,0.25719622153806604,-0.005775176551238548,LLTR+,6,0.26295362506965614,-1.777301964844824e-05,0.018930185592680338,0.0057574035315900995,0.0057574035315900995,1
0.02,0.0002,91.7908787541713,0.01089432864760058,0.2628348490872758,0.11170228777260682,91,2.570860191397628e-15,0.0,LLTR+,6,0.26280697846081963,-2.7870626456150127e-05,LL+,6,0.28171195426321527,0.01887710517593949,LL+,5,0.25705105825795727,-0.005783790829318514,LLTR+,6,0.26280697846081963,-2.7870626456150127e-05,0.01890497580239564,0.0057559202028623635,0.0057559202028623635,1
0.02,0.0002,91.89098998887653,0.010882459750635516,0.26269865398766107,0.11169567086254881,91,1.627170620466245e-15,0.0,LLTR+,6,0.2626606501572438,-3.8003830417243645e-05,LL+,6,0.28154047331086074,0.01884181932319967,LL+,5,0.256906212519595,-0.005792441468066067,LLTR+,6,0.2626606501572438,-3.8003830417243645e-05,0.018879823153616915,0.005754437637648824,0.005754437637648824,1
0.02,0.0002,91.99110122358177,0.01087061668681983,0.26256282502750117,0.11168906835447157,91,-1.1155094209458483e-11,0.0,LLTR+,6,0.26251463912073414,-4.818590676702872e-05,LL+,6,0.28136936657888945,0.01880654155138828,LL+,5,0.2567616832853781,-0.005801141742123095,LLTR+,6,0.26251463912073414,-4.818590676702872e-05,0.018854727458155307,0.005752955835356066,0.005752955835356066,1
0.02,0.0002,92.09121245828699,0.010858799371904818,0.26242737485198664,0.11168248020140645,93,2.873049020912788e-14,0.0,LLTR+,6,0.26236894431760915,-5.843053437748491e-05,LL+,6,0.28119863284625146,0.018771257994264823,LL+,5,0.2566174695222181,-0.00580990532976855,LLTR+,6,0.26236894431760915,-5.843053437748491e-05,0.018829688528642308,0.005751474795391065,0.005751474795391065,1
0.02,0.0002,92.19132369299221,0.010847007722007721,0.26229231658100005,0.1116759063565888,93,8.846253590766295e-12,0.0,LLTR+,6,0.26222356471867636,-6.875186232369046e-05,LL+,6,0.28102827089720084,0.018735954316200787,LL+,5,0.2564735702015146,-0.005818746379485429,LLTR+,6,0.26222356471867636,-6.875186232369046e-05,0.018804706178524477,0.005749994517161738,0.005749994517161738,1
0.02,0.0002,92.29143492769745,0.010835241653609736,0.2621576639601884,0.11166934677345694,93,-1.1089653501050734e-11,0.0,LLTR+,6,0.2620784992992077,-7.916466098073505e-05,LL+,6,0.2808582795212672,0.01870061556107877,LL+,5,0.25632998429913123,-0.0058276796610571835,LLTR+,6,0.2620784992992077,-7.916466098073505e-05,0.018779780222059506,0.0057485150000764484,0.0057485150000764484,1
0.02,0.0002,92.39154616240268,0.010823501083554057,0.2620234315418314,0.1116628014056509,93,2.7315302797426e-13,0.0,LLTR+,6,0.26193374703891514,-8.968450291624297e-05,LL+,6,0.28068865751322725,0.01866522597139586,LL+,5,0.25618671079537103,-0.0058367207464603554,LLTR+,6,0.26193374703891514,-8.968450291624297e-05,0.018754910474312103,0.0057470362435441125,0.0057470362435441125,1
0.02,0.0002,92.4916573971079,0.010811785929043896,0.26188963474830035,0.11165627020701148,93,1.3877787807814457e-17,0.0,LLTR+,6,0.26178930692192703,-0.00010032782637331428,LL+,6,0.28051940367307604,0.01862976892477569,LL+,5,0.2560437486749526,-0.005845886073347739,LLTR+,6,0.26178930692192703,-0.00010032782637331428,0.018730096751149006,0.005745558246974425,0.005745558246974425,1
0.02,0.0002,92.59176863181312,0.010800096107640558,0.26175629012313567,0.11164975313157913,93,1.2106635138842137e-13,0.0,LLTR+,6,0.261645177936764,-0.00011111218637166465,LL+,6,0.2803505168059991,0.018594226682863424,LL+,5,0.25590109692698637,-0.0058551931961493,LLTR+,6,0.261645177936764,-0.00011111218637166465,0.01870533886923509,0.005744081009777635,0.005744081009777635,1
0.02,0.0002,92.69187986651836,0.01078843153726149,0.2616234154956386,0.11164325013359279,93,-6.862836687826501e-12,0.0,LLTR+,6,0.26150135907631544,-0.0001220564193231688,LL+,6,0.2801819957223439,0.018558580226705312,LL+,5,0.2557587545449507,-0.005864660950687939,LLTR+,6,0.26150135907631544,-0.0001220564193231688,0.01868063664602848,0.00574260453136477,0.00574260453136477,1
0.02,0.0002,92.79199110122359,0.010776792136178374,0.26149103023503356,0.11163676116748895,93,-4.791275015625374e-12,0.0,LLTR+,6,0.2613578493378155,-0.00013318089721808812,LL+,6,0.28001383923759304,0.01852280900255948,LL+,5,0.2556167205266684,-0.005874309708365166,LLTR+,6,0.2613578493378155,-0.00013318089721808812,0.01865598989977757,0.005741128811147078,0.005741128811147078,1
0.02,0.0002,92.89210233592881,0.010765177823015207,0.2613591554992257,0.11163028618790048,93,-1.1206313654810174e-15,0.0,LLTR+,6,0.2612146477228202,-0.00014450777640551138,LL+,6,0.2798460461723352,0.01848689067310949,LL+,5,0.25547499387428335,-0.0058841616249423745,LLTR+,6,0.2612146477228202,-0.00014450777640551138,0.018631398449515002,0.005739653848536863,0.005739653848536863,1
0.02,0.0002,92.99221357063404,0.010753588516746411,0.2612278145667277,0.11162382514965563,93,-5.797445856714489e-15,0.0,LLTR+,6,0.261071753237184,-0.00015606132954371077,LL+,6,0.2796786153522387,0.01845080078551098,LL+,5,0.25533357359423714,-0.005894240972490583,LLTR+,6,0.261071753237184,-0.00015606132954371077,0.01860686211505469,0.005738179642946872,0.005738179642946872,1
0.02,0.0002,93.09232480533927,0.010742024136694945,0.26109703322748495,0.11161737800777694,93,-4.371503159461554e-16,0.0,LLTR+,6,0.26092916489103624,-0.00016786833644871768,LL+,6,0.2795115456080237,0.01841451238053876,LL+,5,0.25519245869724594,-0.005904574530239015,LLTR+,6,0.26092916489103624,-0.00016786833644871768,0.01858238071698748,0.0057367061937902974,0.0057367061937902974,1
0.02,0.0002,93.1924360400445,0.010730484602530437,0.2609668402356386,0.11161094471748023,93,1.734723475976807e-17,0.0,LLTR+,6,0.2607868816987592,-0.00017995853687940988,LL+,6,0.27934483577543534,0.018377995539796743,LL+,5,0.25505164819827775,-0.00591519203736085,LLTR+,6,0.2607868816987592,-0.00017995853687940988,0.018557954076676153,0.00573523350048144,0.00573523350048144,1
0.02,0.0002,93.29254727474972,0.010718969834267318,0.2608372678733331,0.11160452523417354,93,3.469446951953614e-17,0.0,LLTR+,6,0.2606449026789639,-0.00019236519436921506,LL+,6,0.27917848469521644,0.018341216821883333,LL+,5,0.25491114111652946,-0.005926126756803651,LLTR+,6,0.2606449026789639,-0.00019236519436921506,0.018533582016252548,0.005733761562434436,0.005733761562434436,1
0.02,0.0002,93.39265850945496,0.010707479752262982,0.26070835264426,0.11159811951345612,93,7.487326730837296e-12,0.0,LLTR+,6,0.2605032268544689,-0.00020512578979109408,LL+,6,0.279012491213081,0.018304138568821016,LL+,5,0.25477093647540394,-0.005937416168856069,LLTR+,6,0.2605032268544689,-0.00020512578979109408,0.01850926435861211,0.005732290379064975,0.005732290379064975,1
0.02,0.0002,93.49276974416019,0.010696014277215941,0.2605801361105971,0.1115917275111174,93,7.985816868893991e-12,0.0,LLTR+,6,0.2603618532522766,-0.00021828285832048433,LL+,6,0.2788468541796876,0.01826671806909047,LL+,5,0.25463103330248793,-0.005949102808109175,LLTR+,6,0.2603618532522766,-0.00021828285832048433,0.018485000927410955,0.00573081994978869,0.00573081994978869,1
0.02,0.0002,93.59288097886541,0.010684573330164012,0.2604526659873856,0.11158534918313595,93,4.0377909349409435e-12,0.0,LLTR+,6,0.2602207809035515,-0.00023188508383409356,LL+,6,0.27868157245061265,0.018228906463227057,LL+,5,0.2544914306295296,-0.005961235357855976,LLTR+,6,0.2602207809035515,-0.00023188508383409356,0.01846079154706115,0.005729350274021883,0.005729350274021883,1
0.02,0.0002,93.69299221357063,0.010673156832482489,0.26032599749325785,0.11157898448567849,93,2.8102520310824275e-16,0.0,LLTR+,6,0.2600800088435979,-0.00024598864965996725,LL+,6,0.27851664488632444,0.018190647393066584,LL+,5,0.2543521274924161,-0.005973870000841763,LLTR+,6,0.2600800088435979,-0.00024598864965996725,0.01843663604272655,0.005727881351181796,0.005727881351181796,1
0.02,0.0002,93.79310344827587,0.010661764705882351,0.26020019509528497,0.11157263337509891,93,-1.152966611073225e-13,0.0,LLTR+,6,0.2599395361118374,-0.0002606589834475703,LL+,6,0.2783520703521569,0.018151875256871952,LL+,5,0.25421312293115134,-0.005987072164133633,LLTR+,6,0.2599395361118374,-0.0002606589834475703,0.018412534240319522,0.005726413180686063,0.005726413180686063,1
0.02,0.0002,93.8932146829811,0.010650396872408482,0.2600753347779582,0.11156629580793724,93,1.1657341758564144e-15,0.0,LLTR+,6,0.2597993617517875,-0.00027597302617066166,LL+,6,0.27818784771828375,0.018112512940325565,LL+,5,0.2540744159898346,-0.006000918788123588,LLTR+,6,0.2597993617517875,-0.00027597302617066166,0.018388485966496226,0.0057249457619529265,0.0057249457619529265,1
0.02,0.0002,93.99332591768632,0.010639053254437869,0.2599515070570429,0.11155997174091861,93,-1.7632388604749138e-12,0.0,LLTR+,6,0.2596594848110395,-0.0002920222460033872,LL+,6,0.2780239758596924,0.01807246880264951,LL+,5,0.2539360057166382,-0.006015501340404683,LLTR+,6,0.2596594848110395,-0.0002920222460033872,0.018364491048652898,0.005723479094401296,0.005723479094401296,1
0.02,0.0002,94.09343715239154,0.010627733774677859,0.2598288210312475,0.11155366113095241,95,1.203759314449826e-13,0.0,LLTR+,6,0.25951990434123695,-0.0003089166900105411,LL+,6,0.27786045365615875,0.018031632624911254,LL+,5,0.25379789116378626,-0.006030929867461232,LLTR+,6,0.25951990434123695,-0.0003089166900105411,0.018340549314921795,0.005722013177450691,0.005722013177450691,1
0.02,0.0002,94.19354838709678,0.010616438356164383,0.25970740991274327,0.11154736393513115,95,-4.456147256748366e-12,0.0,LLTR+,6,0.2593806193980538,-0.00032679051468947895,LL+,6,0.2776972799922216,0.01798987007947833,LL+,5,0.2536600713875325,-0.006047338525210777,LLTR+,6,0.2593806193980538,-0.00032679051468947895,0.01831666059416781,0.005720548010521298,0.005720548010521298,1
0.02,0.0002,94.29365962180201,0.010605166922260233,0.2595874388371306,0.11154108011072958,95,-1.3877787807814457e-17,0.0,LLTR+,6,0.2592416290411734,-0.00034580979595716377,LL+,6,0.27753445375715724,0.01794701492002665,LL+,5,0.2535225454481398,-0.0060648933889908,LLTR+,6,0.2592416290411734,-0.00034580979595716377,0.018292824715983813,0.005719083593033636,0.005719083593033636,1
0.02,0.0002,94.39377085650723,0.010593919396653311,0.25946911598847006,0.11153480961520373,95,-9.367506770274758e-17,0.0,LLTR+,6,0.25910293233426723,-0.00036618365420282295,LL+,6,0.2773719738449545,0.017902857856484433,LL+,5,0.25338531240985795,-0.006083803578612101,LLTR+,6,0.25910293233426723,-0.00036618365420282295,0.018269041510687256,0.0057176199244092785,0.0057176199244092785,1
0.02,0.0002,94.49388209121246,0.010582695703354916,0.25935270915905634,0.11152855240618988,95,8.257283745649602e-16,0.0,LLTR+,6,0.2589645283449734,-0.00038818081408292793,LL+,6,0.27720983915428976,0.017857129995233423,LL+,5,0.2532483713409034,-0.0061043378181529495,LLTR+,6,0.2589645283449734,-0.00038818081408292793,0.01824531080931635,0.005716157004070022,0.005716157004070022,1
0.02,0.0002,94.5939933259177,0.010571495766698023,0.2592385709994057,0.11152230844150365,95,-1.6653345369377348e-16,0.0,LLTR+,6,0.258826416144876,-0.00041215485452972267,LL+,6,0.27704804858850185,0.017809477589096123,LL+,5,0.2531117213134375,-0.0061268496859682164,LLTR+,6,0.258826416144876,-0.00041215485452972267,0.018221632443625846,0.005714694831438494,0.005714694831438494,1
0.02,0.0002,94.69410456062292,0.010560319511335604,0.25912717927146767,0.11151607767913911,95,6.813993813636898e-15,0.0,LLTR+,6,0.25868859480948414,-0.00043858446198352663,LL+,6,0.27688660105556806,0.017759421784100393,LL+,5,0.2529753614035465,-0.006151817867921183,LLTR+,6,0.25868859480948414,-0.00043858446198352663,0.01819800624608392,0.005713233405937657,0.005713233405937657,1
0.02,0.0002,94.79421579532814,0.010549166862238911,0.25901920418690827,0.11150986007726771,95,-4.725456137499862e-13,0.0,LLTR+,6,0.2585510634182112,-0.00046814076869705623,LL+,6,0.276725495468079,0.01770629128117074,LL+,5,0.2528392906912197,-0.006179913495688583,LLTR+,6,0.2585510634182112,-0.00046814076869705623,0.018174432049867795,0.005711772726991526,0.005711772726991526,1
0.02,0.0002,94.89432703003338,0.010538037744695814,0.25891562817765323,0.11150365559423742,95,1.885065020745813e-12,0.0,LLTR+,6,0.25841382105435434,-0.0005018071232988919,LL+,6,0.2765647307432144,0.01764910256556118,LL+,5,0.25270350826033006,-0.006212119917323178,LLTR+,6,0.25841382105435434,-0.0005018071232988919,0.018150909688860073,0.005710312794024286,0.005710312794024286,1
0.02,0.0002,94.9944382647386,0.010526932084309134,0.2588179762324682,0.11149746418857184,95,1.3322676295501878e-15,0.0,LLTR+,6,0.2582768668050739,-0.0005411094273943262,LL+,6,0.27640430580271935,0.017586329570251136,LL+,5,0.2525680131986129,-0.0062499630338553325,LLTR+,6,0.2582768668050739,-0.0005411094273943262,0.018127438997645462,0.005708853606461006,0.005708853606461006,1
0.02,0.0002,95.09454949944383,0.01051584980699497,0.25872880783681357,0.11149128581896921,95,7.104525301393494e-13,0.0,LLTR+,6,0.25814019976137303,-0.0005886080754405332,LL+,6,0.2762442195728796,0.017515411736066022,LL+,5,0.25243280459764594,-0.006296003239167625,LLTR+,6,0.25814019976137303,-0.0005886080754405332,0.018104019811506555,0.0057073951637270914,0.0057073951637270914,1
0.02,0.0002,95.19466073414905,0.01050479083898107,0.25865293453005805,0.11148512044430145,95,-3.469446951953614e-18,0.0,LLTR+,6,0.2580038190180778,-0.0006491155119802694,LL+,6,0.2760844709844983,0.017431536454440233,LL+,5,0.25229788155282884,-0.006355052977229214,LLTR+,6,0.2580038190180778,-0.0006491155119802694,0.018080651966420502,0.005705937465248945,0.005705937465248945,1
0.02,0.0002,95.29477196885429,0.010493755106805181,0.258601210527374,0.1114789680236134,95,7.28583859910259e-17,0.0,LLTR+,6,0.2578677236738166,-0.0007334868535573968,LL+,6,0.2759250589728719,0.01732384844549789,LL+,5,0.2521632431633636,-0.006437967364010422,LLTR+,6,0.2578677236738166,-0.0007334868535573968,0.018057335299055288,0.005704480510453025,0.005704480510453025,1
0.02,0.0002,95.39488320355952,0.010482742537313433,0.25860865056994714,0.11147282851612175,95,1.9935442185925467e-14,0.0,LLTR+,6,0.2577319128310009,-0.0008767377389462538,LL+,6,0.27576598247776674,0.017157331907819595,LL+,5,0.2520288885322338,-0.0065797620377133215,LLTR+,6,0.2577319128310009,-0.0008767377389462538,0.01803406964676585,0.005703024298767068,0.005703024298767068,1
0.02,0.0002,95.49499443826474,0.010471753057658706,0.2739523787066301,0.11146670188121424,95,-9.020562075079397e-17,0.0,LLTR+,6,0.25759638559580456,-0.01635599311082553,LL+,6,0.27560724044339535,0.0016548617367652674,LL+,6,0.27560724044339535,0.0016548617367652674,LLTR+,7,0.28061868689996483,0.006666308193334747,0.018010854847590796,0.005011446456569479,0.005011446456569479,1
0.02,0.0002,95.59510567296996,0.010460786595299046,0.27458030377246945,0.11146058807844872,95,-2.375877272697835e-14,0.0,LLTR+,6,0.25746114107814505,-0.017119162694324397,LL+,6,0.27544883181839364,0.0008685280459241884,LL+,6,0.27544883181839364,0.0008685280459241884,LLTR+,7,0.2804591534588302,0.005878849686360765,0.017987690740248585,0.005010321640436577,0.005010321640436577,1
0.02,0.0002,95.6952169076752,0.010449843077996047,0.2745614260923095,0.1114544870675523,95,-1.3196423120920286e-12,0.0,LLTR+,6,0.25732617839166294,-0.01723524770064655,LL+,6,0.2752907555557975,0.0007293294634880265,LL+,6,0.2752907555557975,0.0007293294634880265,LLTR+,7,0.2802999528848772,0.0057385267925677,0.017964577164134576,0.005009197329079673,0.005009197329079673,1
0.02,0.0002,95.79532814238043,0.010438922433813284,0.2744867028813387,0.11144839880842042,95,2.3592239273284576e-16,0.0,LLTR+,6,0.25719149665370333,-0.017295206227635362,LL+,6,0.27513301061301965,0.0006463077316809507,LL+,6,0.27513301061301965,0.0006463077316809507,LLTR+,7,0.2801410841351768,0.005654381253838103,0.017941513959316313,0.005008073522157153,0.005008073522157153,1
0.02,0.0002,95.89543937708565,0.010428024591114719,0.27438912159547163,0.11144232326111597,95,2.5712071360928235e-14,0.0,LLTR+,6,0.2570570949852957,-0.01733202661017591,LL+,6,0.27497559595182686,0.0005864743563552266,LL+,6,0.27497559595182686,0.0005864743563552266,LLTR+,7,0.27998254617115415,0.005593424575682515,0.017918500966531137,0.0050069502193272886,0.0050069502193272886,1
0.02,0.0002,95.99555061179089,0.010417149478563151,0.2742791309954461,0.11143626038586846,95,6.994751999833682e-14,0.0,LLTR+,6,0.2569229725111355,-0.017356158484310602,LL+,6,0.27481851053831763,0.000539379542871532,LL+,6,0.27481851053831763,0.000539379542871532,LLTR+,7,0.27982433795856654,0.0055452069631204415,0.017895538027182134,0.0050058274202489095,0.0050058274202489095,1
0.02,0.0002,96.09566184649611,0.010406297025118647,0.2741614074036152,0.11143021014307315,97,-1.9093546188564403e-12,0.0,LLTR+,6,0.25678912835956436,-0.017372279044050865,LL+,6,0.2746617533428992,0.0005003459392839971,LL+,6,0.2746617533428992,0.0005003459392839971,LLTR+,7,0.27966645846748006,0.005505051063864841,0.01787262498333486,0.005004705124580844,0.005004705124580844,1
0.02,0.0002,96.19577308120134,0.010395467160037003,0.274038452290814,0.11142417249329013,97,-6.22071838485283e-15,0.0,LLTR+,6,0.25665556166255143,-0.017382890628262593,LL+,6,0.27450532334026523,0.0004668710494512007,LL+,6,0.27450532334026523,0.0004668710494512007,LLTR+,7,0.2795089066722478,0.005470454381433787,0.017849761677713794,0.005003583331982586,0.005003583331982586,1
0.02,0.0002,96.29588431590656,0.010384659812868199,0.2739117615925457,0.11141814739724352,97,-1.8138268664813495e-14,0.0,LLTR+,6,0.25652227155567475,-0.017389490036870958,LL+,6,0.2743492195093736,0.00043745791682786583,LL+,6,0.2743492195093736,0.00043745791682786583,LLTR+,7,0.2793516815514872,0.005439919958941497,0.017826947953698824,0.005002462042113631,0.005002462042113631,1
0.02,0.0002,96.3959955506118,0.01037387491345488,0.2737823015579829,0.1114121348158206,97,-4.165418010515509e-14,0.0,LLTR+,6,0.25638925717810196,-0.01739304437988093,LL+,6,0.274193440833424,0.00041113927544111917,LL+,6,0.274193440833424,0.00041113927544111917,LLTR+,7,0.27919478208805815,0.005412480530075259,0.017804183655322048,0.00500134125463414,0.00500134125463414,1
0.02,0.0002,96.49610678531702,0.010363112391930836,0.2736507326601563,0.11140613471007095,97,5.898059818321144e-17,0.0,LLTR+,6,0.2562565176725722,-0.017394214987584145,LL+,6,0.27403798629983667,0.00038725363968034054,LL+,6,0.27403798629983667,0.00038725363968034054,LLTR+,7,0.2790382072690408,0.005387474608884502,0.017781468627264485,0.005000220969204161,0.005000220969204161,1
0.02,0.0002,96.59621802002225,0.010352372178719484,0.27351752643494304,0.11140014704120563,97,-3.5247117724512833e-12,0.0,LLTR+,6,0.25612405218537726,-0.017393474249565777,LL+,6,0.27388285490022946,0.0003653284652864186,LL+,6,0.27388285490022946,0.0003653284652864186,LLTR+,7,0.27888195608571387,0.00536442965077083,0.017758802714852195,0.004999101185484411,0.004999101185484411,1
0.02,0.0002,96.69632925472747,0.010341654204532383,0.2733830313763455,0.11139417177059631,97,-2.9358460107431483e-14,0.0,LLTR+,6,0.25599185986634343,-0.01739117151000208,LL+,6,0.2737280456303969,0.0003450142540513679,LL+,6,0.2737280456303969,0.0003450142540513679,LLTR+,7,0.27872602753353265,0.005342996157187141,0.017736185764053447,0.004997981903135773,0.004997981903135773,1
0.02,0.0002,96.79644048943271,0.010330958400367731,0.2732475123626528,0.11138820885977452,97,-1.1563666690861396e-14,0.0,LLTR+,6,0.25585993986881306,-0.017387572493839765,LL+,6,0.2735735574902882,0.0003260451276353993,LL+,6,0.2735735574902882,0.0003260451276353993,LLTR+,7,0.2785704206121077,0.005322908249454861,0.017713617621475164,0.0049968631218194615,0.0049968631218194615,1
0.02,0.0002,96.89655172413794,0.010320284697508897,0.2731111755116449,0.11138225827043072,97,5.093148125467906e-15,0.0,LLTR+,6,0.2557282913496265,-0.017382884162018386,LL+,6,0.27341938948398614,0.0003082139723412647,LL+,6,0.27341938948398614,0.0003082139723412647,LLTR+,7,0.27841513432518317,0.00530395881353829,0.01769109813435965,0.004995744841197025,0.004995744841197025,1
0.02,0.0002,96.99666295884316,0.010309633027522936,0.2729741844122485,0.11137631996441355,97,5.665606872540252e-15,0.0,LLTR+,6,0.25559691346910385,-0.017377270943144674,LL+,6,0.27326554061968544,0.00029135620743692137,LL+,6,0.27326554061968544,0.00029135620743692137,LLTR+,7,0.27826016768061546,0.005285983268366934,0.017668627150581595,0.0049946270609300125,0.0049946270609300125,1
0.02,0.0002,97.09677419354838,0.010299003322259137,0.27283667112860527,0.11137039390372898,97,-2.960919703864917e-12,0.0,LLTR+,6,0.2554658053910275,-0.01737086573757779,LL+,6,0.27311200990967155,0.00027533878106628107,LL+,6,0.27311200990967155,0.00027533878106628107,LLTR+,7,0.27810551969035247,0.005268848561747197,0.01764620451864407,0.004993509780680916,0.004993509780680916,1
0.02,0.0002,97.19688542825362,0.010288395513847562,0.2726987438780328,0.11136448005053953,97,-1.082363365600969e-13,0.0,LLTR+,6,0.25533496628262353,-0.017363777595409247,LL+,6,0.27295879637029974,0.00026005249226696003,LL+,6,0.27295879637029974,0.00026005249226696003,LLTR+,7,0.27795118937041186,0.005252445492379076,0.017623830087676207,0.004992393000112116,0.004992393000112116,1
0.02,0.0002,97.29699666295885,0.01027780953469761,0.2725604924851015,0.11135857836716342,97,1.1102230246251565e-16,0.0,LLTR+,6,0.25520439531454486,-0.01735609717055664,LL+,6,0.27280589902197416,0.000245406536872661,LL+,6,0.27280589902197416,0.000245406536872661,LLTR+,7,0.2777971757408603,0.005236683255758823,0.0176015037074293,0.004991276718886162,0.004991276718886162,1
0.02,0.0002,97.39710789766407,0.010267245317496574,0.27242199240657844,0.11135268881607385,97,9.635365422200337e-12,0.0,LLTR+,6,0.25507409166085315,-0.017347900745725287,LL+,6,0.272653316889127,0.00023132448254853388,LL+,6,0.272653316889127,0.00023132448254853388,LLTR+,7,0.27764347782579324,0.0052214854192148,0.01757922522827382,0.004990160936666266,0.004990160936666266,1
0.02,0.0002,97.49721913236931,0.010256702795208213,0.2722833076600979,0.11134681135989809,97,-2.4774036988528536e-12,0.0,LLTR+,6,0.25494405449900104,-0.017339253161096857,LL+,6,0.27250104900019756,0.00021774134009966417,LL+,6,0.27250104900019756,0.00021774134009966417,LLTR+,7,0.2774900946533134,0.005206786993215529,0.01755699450119652,0.0049890456531158645,0.0049890456531158645,1
0.02,0.0002,97.59733036707453,0.010246181901071346,0.27214449314827355,0.11134094596141678,97,-2.3973878437999474e-15,0.0,LLTR+,6,0.25481428300981557,-0.01733021013845798,LL+,6,0.27234909438761234,0.00020460123933879748,LL+,6,0.27234909438761234,0.00020460123933879748,LLTR+,7,0.27733702525551074,0.005192532107237191,0.017534811377796777,0.004987930867898394,0.004987930867898394,1
0.02,0.0002,97.69744160177976,0.010235682568598428,0.2720055963042665,0.11133509258356314,97,-2.585893305040443e-12,0.0,LLTR+,6,0.2546847763774801,-0.017320819926786413,LL+,6,0.2721974520877637,0.00019185578349717458,LL+,6,0.2721974520877637,0.00019185578349717458,LLTR+,7,0.27718426866844176,0.005178672364175241,0.017512675710283587,0.004986816580678066,0.004986816580678066,1
0.02,0.0002,97.79755283648498,0.010225204731574159,0.27186665849398556,0.11132925118942211,97,-3.245320678857411e-14,0.0,LLTR+,6,0.25455553378951745,-0.017311124704468106,LL+,6,0.27204612114099047,0.0001794626470049132,LL+,6,0.27204612114099047,0.0001794626470049132,LLTR+,7,0.27703182393210957,0.005165165438124009,0.01749058735147302,0.004985702791119095,0.004985702791119095,1
0.02,0.0002,97.89766407119022,0.010214748324054083,0.2717277160472672,0.11132342174222966,97,-2.42861286636753e-17,0.0,LLTR+,6,0.254426554436773,-0.01730116161049422,LL+,6,0.2718951005915571,0.00016738454428988359,LL+,6,0.2718951005915571,0.00016738454428988359,LLTR+,7,0.2768796900904431,0.005151974043175911,0.017468546154784104,0.004984589498886027,0.004984589498886027,1
0.02,0.0002,97.99777530589544,0.010204313280363224,0.2715888011195272,0.11131760420537201,97,-4.520630397797376e-12,0.0,LLTR+,6,0.2542978375133975,-0.017290963606129695,LL+,6,0.271744389487634,0.0001555883681068071,LL+,6,0.271744389487634,0.0001555883681068071,LLTR+,7,0.27672786619127776,0.005139065071750548,0.0174465519742365,0.004983476703643741,0.004983476703643741,1
0.02,0.0002,98.09788654060067,0.010193899535094681,0.2714499423801338,0.1113117985423848,99,1.7694179454963432e-16,0.0,LLTR+,6,0.25416938221683016,-0.01728056016330365,LL+,6,0.27159398688127734,0.0001440445011435254,LL+,6,0.27159398688127734,0.0001440445011435254,LLTR+,7,0.27657635128633506,0.005126408906201252,0.017424604664447174,0.0049823644050577265,0.0049823644050577265,1
0.02,0.0002,98.1979977753059,0.010183507023108293,0.2713111655440222,0.11130600471695237,99,-1.5074053116848063e-12,0.0,LLTR+,6,0.25404118774778195,-0.017269977796240232,LL+,6,0.2714438918284096,0.00013272628438742995,LL+,6,0.2714438918284096,0.00013272628438742995,LLTR+,7,0.2764251444312027,0.005113978887180515,0.017402704080627662,0.004981252602793085,0.004981252602793085,1
0.02,0.0002,98.29810901001113,0.01017313567952925,0.27117249385918957,0.11130022269290707,99,-1.252595249745525e-12,0.0,LLTR+,6,0.2539132533102193,-0.017259240548970267,LL+,6,0.2712941033887994,0.00012160952960982296,LL+,6,0.2712941033887994,0.00012160952960982296,LLTR+,7,0.27627424468531536,0.005101750826125795,0.01738085007858009,0.004980141296515972,0.004980141296515972,1
0.02,0.0002,98.39822024471636,0.010162785439746778,0.2710339484695723,0.11129445243422834,99,-4.128641872824801e-15,0.0,LLTR+,6,0.2537855781113467,-0.017248370358225573,LL+,6,0.27114462062604233,0.00011067215647003747,LL+,6,0.27114462062604233,0.00011067215647003747,LLTR+,7,0.2761236511119347,0.005089702642362415,0.01735904251469561,0.004979030485892377,0.004979030485892377,1
0.02,0.0002,98.49833147942158,0.010152456239412761,0.2708955487384528,0.11128869390504212,99,5.762057497804562e-14,0.0,LLTR+,6,0.25365816136159125,-0.017237387376861535,LL+,6,0.2709954426075414,9.989386908859643e-05,LL+,6,0.2709954426075414,9.989386908859643e-05,LLTR+,7,0.2759733627781301,0.005077814039677331,0.01733728124595013,0.004977920170588734,0.004977920170588734,1
0.02,0.0002,98.59844271412682,0.010142148014440432,0.27075731251593005,0.11128294706962005,99,-1.017998879637716e-11,0.0,LLTR+,6,0.25353100227458536,-0.01722631024134469,LL+,6,0.2708465684044876,8.925588855757116e-05,LL+,6,0.2708465684044876,8.925588855757116e-05,LLTR+,7,0.2758233787547594,0.005066066238829325,0.01731556612990226,0.004976810350271754,0.004976810350271754,1
0.02,0.0002,98.69855394883204,0.010131860701003042,0.2706192563942551,0.1112772118923787,99,-3.300137940698278e-14,0.0,LLTR+,6,0.25340410006715147,-0.01721515632710363,LL+,6,0.2706979970918408,7.874069758567748e-05,LL+,6,0.2706979970918408,7.874069758567748e-05,LLTR+,7,0.27567369811644926,0.0050544417221941584,0.01729389702468931,0.004975701024608481,0.004975701024608481,1
0.02,0.0002,98.79866518353727,0.010121594235532537,0.2704813958528102,0.1112714883378789,99,-3.945628546109248e-12,0.0,LLTR+,6,0.2532774539592849,-0.01720394189352531,LL+,6,0.27054972774831054,6.83318955003176e-05,LL+,6,0.27054972774831054,6.83318955003176e-05,LLTR+,7,0.2755243199415769,0.005042924088766665,0.017272273789025627,0.004974592193266347,0.004974592193266347,1
0.02,0.0002,98.89877641824249,0.010111348554718255,0.27034374549534407,0.11126577637082494,99,-4.493280747475126e-14,0.0,LLTR+,6,0.2531510631741384,-0.017192682321205688,LL+,6,0.2704017594563372,5.801396099314182e-05,LL+,6,0.2704017594563372,5.801396099314182e-05,LLTR+,7,0.27537524331225016,0.005031497816906094,0.01725069628219883,0.004973483855912952,0.004973483855912952,1
0.02,0.0002,98.99888765294773,0.010101123595505617,0.2702063191570068,0.11126007595606388,99,-6.647529748882164e-13,0.0,LLTR+,6,0.25302492693800616,-0.01718139221900067,LL+,6,0.2702540913020731,4.777214506629379e-05,LL+,6,0.2702540913020731,4.777214506629379e-05,LLTR+,7,0.27522646731428935,0.005020148157282522,0.017229164364066962,0.004972376012216229,0.004972376012216229,1
0.02,0.0002,99.09899888765295,0.010090919295094848,0.2700691300686723,0.11125438705858488,99,-1.5140666498325572e-14,0.0,LLTR+,6,0.25289904448030776,-0.017170085588364525,LL+,6,0.2701067223753636,3.759230669131419e-05,LL+,6,0.2701067223753636,3.759230669131419e-05,LLTR+,7,0.27507799103720804,0.0050088609685357555,0.01720767789505584,0.004971268661844441,0.004971268661844441,1
0.02,0.0002,99.19911012235818,0.010080735590939673,0.2699321909683448,0.11124870964351838,99,-7.167530458040972e-14,0.0,LLTR+,6,0.2527734150335723,-0.017158775934772497,LL+,6,0.26995965176972875,2.746080138393836e-05,LL+,6,0.26995965176972875,2.746080138393836e-05,LLTR+,7,0.2749298135741948,0.004997622605850016,0.017186236736156435,0.004970161804466078,0.004970161804466078,1
0.02,0.0002,99.2992213570634,0.01007057242074605,0.2697955142209936,0.11124304367613544,99,-2.509763230573725e-13,0.0,LLTR+,6,0.25264803783342327,-0.01714747638757036,LL+,6,0.2698128785823444,1.7364361350746815e-05,LL+,6,0.2698128785823444,1.7364361350746815e-05,LLTR+,7,0.27478193402209444,0.0049864198011008165,0.017164840748921106,0.00496905543975007,0.00496905543975007,1
0.02,0.0002,99.39933259176864,0.010060429722470903,0.2696591119242253,0.11123738912184704,99,-2.3146415339958537e-13,0.0,LLTR+,6,0.25252291211856226,-0.017136199805663055,LL+,6,0.269666401914024,7.2899897987088735e-06,LL+,6,0.269666401914024,7.2899897987088735e-06,LLTR+,7,0.2746343514813896,0.004975239557164279,0.017143489795461764,0.0049679495673655705,0.0049679495673655705,1
0.02,0.0002,99.49944382647386,0.01005030743432085,0.2695229960109947,0.11123174594620339,99,1.8265319812194036e-12,0.0,LL+,6,0.26952022086920063,-2.7751417940868883e-06,LLTR+,7,0.2744870650561827,0.00496406904518798,LL+,6,0.26952022086920063,-2.7751417940868883e-06,LLTR+,7,0.2744870650561827,0.00496406904518798,0.004966844186982067,0.004966844186982067,0.004966844186982067,1
0.02,0.0002,99.59955506117909,0.010040205494750949,0.26938717834352666,0.11122611411489317,99,2.4390212072233908e-15,0.0,LL+,6,0.269374334555908,-1.2843787618677105e-05,LLTR+,7,0.27434007385417714,0.004952895510650479,LL+,6,0.269374334555908,-1.2843787618677105e-05,LLTR+,7,0.27434007385417714,0.004952895510650479,0.004965739298269156,0.004965739298269156,0.004965739298269156,1
0.02,0.0002,99.69966629588433,0.01003012384246346,0.2692516708243487,0.11122049359374289,99,8.199784601314875e-12,0.0,LL+,6,0.269228742085763,-2.292873858572575e-05,LLTR+,7,0.27419337698666,0.004941706162311321,LL+,6,0.269228742085763,-2.292873858572575e-05,LLTR+,7,0.27419337698666,0.004941706162311321,0.004964634900897047,0.004964634900897047,0.004964634900897047,1
0.02,0.0002,99.79977753058955,0.010020062416406598,0.26911648546489464,0.11121488434871618,99,2.1127648242025288e-12,0.0,LL+,6,0.2690834425739477,-3.3042890946966e-05,LLTR+,7,0.27404697356848373,0.004930488103589092,LL+,6,0.2690834425739477,-3.3042890946966e-05,LLTR+,7,0.27404697356848373,0.004930488103589092,0.004963530994536058,0.004963530994536058,0.004963530994536058,1
0.02,0.0002,99.89988876529478,0.0100100211557733,0.26898163452652424,0.11120928634591312,99,6.698079590972128e-13,0.0,LL+,6,0.26893843513919113,-4.31993873331038e-05,LLTR+,7,0.27390086271804803,0.0049192281915237945,LL+,6,0.26893843513919113,-4.31993873331038e-05,LLTR+,7,0.27390086271804803,0.0049192281915237945,0.004962427578856898,0.004962427578856898,0.004962427578856898,1
0.02,0.0002,100.0,0.01,0.268847130591804,0.1112036995515695,101,-4.5064646458925495e-14,0.0,LL+,6,0.26879371890375203,-5.3411688051951955e-05,LLTR+,7,0.2737550435572824,0.004907912965478434,LL+,6,0.26879371890375203,-5.3411688051951955e-05,LLTR+,7,0.2737550435572824,0.004907912965478434,0.004961324653530386,0.004961324653530386,0.004961324653530386,1
